CSID,CaseMasterID,csdate,cstype,PolicePersonID
1,7227,2025-12-04 11:15:53,A,952
2,21970,2026-01-02 19:37:40,A,948
3,36977,2025-12-25 18:38:27,A,1316
4,7946,2023-04-20 14:23:23,A,190
5,21271,2024-05-13 22:32:45,A,1490
6,30973,2024-05-09 08:53:07,A,827
7,916,2026-02-11 16:17:25,A,703
8,22254,2024-02-27 22:56:06,A,265
9,24003,2025-10-10 22:54:30,A,1341
10,24439,2026-03-21 08:12:11,A,1338
11,39420,2023-04-27 13:03:03,A,252
12,22190,2023-07-27 05:13:37,A,10
13,33355,2023-09-14 10:06:36,A,1299
14,16714,2023-12-11 04:20:52,A,674
15,20594,2024-03-12 17:42:20,A,85
16,34182,2025-03-28 13:23:48,A,190
17,1265,2025-09-08 23:17:20,A,42
18,14081,2025-10-22 06:16:28,A,265
19,32625,2023-11-05 09:11:01,A,339
20,15438,2023-11-10 23:40:46,A,1495
21,14203,2025-09-07 13:28:31,A,1359
22,35921,2026-02-19 00:12:01,A,1474
23,14806,2023-09-29 09:09:53,A,933
24,21536,2023-05-25 22:28:15,A,1182
25,36231,2023-06-19 03:48:39,A,629
26,37030,2024-11-23 03:46:21,A,315
27,16549,2025-01-08 18:05:39,A,661
28,21299,2023-08-26 20:56:48,A,760
29,6938,2023-10-07 13:48:40,A,447
30,3876,2024-12-31 10:48:26,A,1130
31,6715,2024-11-29 23:15:29,A,1203
32,13104,2026-02-05 16:22:14,A,806
33,7039,2025-12-16 22:46:03,A,1329
34,15943,2024-03-21 15:06:23,A,721
35,17463,2024-07-19 22:24:44,A,101
36,10041,2025-07-13 07:19:00,A,661
37,37338,2025-12-16 03:33:25,A,1354
38,7175,2023-10-12 04:23:42,A,1422
39,6378,2023-12-09 04:53:02,A,905
40,4485,2023-11-12 04:36:13,A,384
41,32272,2025-11-05 12:24:42,A,55
42,18614,2025-12-19 09:41:58,A,927
43,7321,2024-02-22 12:47:39,A,558
44,24929,2024-08-13 20:03:00,A,202
45,28511,2024-10-13 18:46:18,A,912
46,5945,2024-10-30 09:38:25,A,1085
47,25788,2025-02-01 11:59:21,A,1295
48,23887,2023-06-02 19:14:53,A,1343
49,33886,2023-06-28 16:56:11,A,708
50,27640,2024-11-20 04:19:47,A,783
51,20081,2025-04-24 16:54:44,A,198
52,21945,2025-04-13 03:11:31,A,875
53,25441,2025-07-02 13:10:23,A,234
54,23860,2025-10-25 12:25:36,A,534
55,27948,2024-12-19 03:01:29,A,856
56,26320,2025-09-25 13:51:29,A,1366
57,3873,2024-03-25 09:04:57,A,25
58,12010,2024-03-04 11:48:27,A,644
59,7706,2023-11-23 19:21:31,A,927
60,24793,2024-03-11 15:46:38,A,1357
61,33309,2024-07-25 10:49:52,A,316
62,8315,2023-08-19 00:55:15,A,1313
63,4877,2023-06-23 22:13:07,A,946
64,14200,2025-01-05 11:11:36,A,571
65,18785,2023-12-29 13:52:53,A,560
66,14410,2024-12-22 21:52:57,A,292
67,25352,2025-09-18 01:57:56,A,298
68,14455,2026-01-04 10:56:14,A,755
69,13281,2023-07-14 09:48:33,A,1422
70,23733,2024-04-07 09:08:33,A,618
71,2300,2025-06-06 21:18:07,A,830
72,395,2023-09-04 08:32:56,A,917
73,37217,2023-12-19 21:13:49,A,709
74,37547,2025-01-18 12:45:29,A,1428
75,11552,2023-05-08 14:25:09,A,771
76,7030,2024-08-28 05:40:01,A,1167
77,39881,2025-09-27 17:40:42,A,825
78,27426,2024-01-28 02:33:46,A,241
79,15132,2023-07-03 18:28:48,A,210
80,18289,2025-04-13 09:39:22,A,1043
81,32539,2023-12-03 15:29:56,A,33
82,34785,2023-07-14 13:15:38,A,340
83,24001,2023-12-12 12:16:31,A,414
84,30517,2024-12-31 21:07:27,A,462
85,17313,2025-03-27 13:44:50,A,1283
86,14040,2025-07-17 17:04:39,A,290
87,28751,2023-08-06 14:16:04,A,347
88,33352,2024-06-27 22:33:07,A,1473
89,13508,2024-11-19 09:48:12,A,392
90,29545,2023-03-20 18:51:48,A,748
91,13315,2023-05-20 03:50:18,A,429
92,28494,2025-09-11 09:15:47,A,556
93,25879,2025-01-27 00:15:44,A,689
94,4876,2023-07-26 14:21:29,A,1460
95,14615,2023-10-07 21:49:55,A,296
96,11261,2024-09-28 18:15:29,A,547
97,39048,2025-03-28 02:40:02,A,651
98,13833,2025-05-20 16:13:47,A,221
99,11951,2025-11-25 08:08:28,A,76
100,19262,2024-11-26 05:30:26,A,202
101,5540,2025-07-26 15:50:11,A,1403
102,27772,2024-11-30 11:18:33,A,91
103,4878,2023-10-20 10:53:58,A,111
104,20811,2023-11-23 01:32:53,A,1184
105,26646,2023-09-30 16:48:19,A,1474
106,9271,2025-11-19 12:32:12,A,379
107,31062,2023-05-16 14:40:24,A,155
108,6852,2024-07-29 06:44:26,A,1138
109,11020,2026-02-11 03:42:39,A,75
110,13223,2023-03-01 23:22:12,A,879
111,37963,2024-05-01 09:04:10,A,735
112,25424,2024-09-10 16:00:01,A,10
113,24806,2024-11-19 11:58:21,A,95
114,11526,2023-07-31 14:18:04,A,654
115,13001,2024-10-05 01:55:16,A,1289
116,27830,2024-01-03 23:45:02,A,1036
117,10013,2025-07-20 07:44:29,A,394
118,17200,2025-03-03 17:54:34,A,305
119,19454,2025-02-25 02:58:55,A,642
120,31221,2024-02-03 09:24:35,A,755
121,5249,2024-10-21 05:26:23,A,780
122,8501,2024-11-29 17:34:38,A,1472
123,15252,2025-06-16 01:34:30,A,301
124,21936,2025-06-23 16:10:50,A,17
125,31319,2025-04-10 08:53:02,A,563
126,27931,2023-06-16 06:12:44,A,725
127,1812,2024-09-21 17:45:15,A,103
128,12764,2024-04-12 03:36:50,A,165
129,9940,2024-09-20 05:27:34,A,698
130,4212,2024-06-15 14:29:13,A,46
131,12146,2024-09-14 23:37:27,A,825
132,20728,2025-01-29 06:58:34,A,241
133,655,2025-07-18 03:23:38,A,978
134,20941,2026-02-26 03:05:58,A,990
135,11627,2023-10-22 17:39:49,A,1034
136,36410,2023-10-04 23:24:19,A,143
137,36602,2023-12-28 17:49:26,A,1462
138,31967,2024-06-21 03:14:31,A,1308
139,14732,2026-02-23 22:55:37,A,1356
140,34328,2023-07-01 08:06:53,A,604
141,21336,2025-02-16 14:38:33,A,1266
142,19805,2025-08-06 19:06:23,A,90
143,16685,2023-06-08 05:42:52,A,551
144,6252,2024-04-08 06:13:48,A,686
145,23411,2023-04-26 17:02:12,A,795
146,9062,2023-07-22 05:08:22,A,795
147,14778,2024-12-29 06:03:22,A,238
148,31527,2025-04-20 03:16:30,A,464
149,21403,2025-04-07 02:52:42,A,1105
150,18921,2025-05-11 13:32:38,A,795
151,28051,2026-01-13 04:09:44,A,543
152,5538,2023-12-17 00:17:15,A,833
153,32873,2023-07-25 18:14:41,A,1257
154,9582,2023-05-03 02:58:55,A,247
155,396,2024-09-17 00:49:16,A,17
156,17476,2024-10-26 06:37:22,A,522
157,9549,2024-06-16 09:41:49,A,905
158,2311,2024-06-09 04:05:46,A,1115
159,14337,2025-02-17 00:35:30,A,473
160,3679,2025-05-22 18:46:58,A,487
161,21073,2025-08-21 16:38:42,A,423
162,27366,2026-01-05 09:10:08,A,1231
163,36420,2025-03-09 05:47:42,A,794
164,26567,2025-04-28 11:50:33,A,656
165,20402,2025-03-30 11:14:59,A,286
166,24135,2025-12-04 10:57:44,A,1292
167,32089,2026-03-23 21:12:11,A,1369
168,22144,2024-09-02 06:20:46,A,145
169,13318,2025-01-12 04:58:43,A,437
170,18871,2025-09-11 21:12:33,A,925
171,36201,2023-10-20 04:39:54,A,938
172,7130,2025-10-23 12:55:47,A,1063
173,5536,2024-09-11 16:22:35,A,1469
174,4342,2025-02-02 15:41:46,A,409
175,13566,2025-05-22 13:26:30,A,318
176,33887,2026-01-01 00:22:18,A,1161
177,36647,2023-08-12 15:29:51,A,242
178,14827,2023-09-11 21:40:07,A,996
179,33863,2025-10-19 16:50:31,A,752
180,6567,2023-06-15 22:44:02,A,887
181,9386,2024-02-12 21:06:49,A,29
182,29350,2023-05-29 09:56:30,A,680
183,28719,2024-09-21 21:39:54,A,311
184,7340,2024-03-02 15:15:23,A,826
185,994,2025-12-30 22:04:54,A,240
186,25048,2023-07-02 00:17:36,A,181
187,18492,2023-11-06 01:51:19,A,1001
188,6840,2025-02-19 23:55:40,A,66
189,12065,2025-04-22 00:52:34,A,720
190,917,2024-10-03 08:38:39,A,430
191,8939,2024-04-04 11:39:35,A,330
192,18866,2025-09-18 02:10:49,A,1398
193,17949,2023-11-01 23:21:30,A,171
194,16355,2023-04-27 00:40:59,A,1482
195,21318,2024-04-07 16:45:31,A,1280
196,1340,2025-10-20 00:29:45,A,282
197,35063,2025-10-12 22:32:12,A,471
198,25742,2025-11-11 01:41:11,A,1346
199,37900,2023-05-22 05:33:26,A,1047
200,25944,2025-03-23 15:05:38,A,666
201,38536,2023-07-12 18:09:28,A,1053
202,16882,2023-08-18 01:39:49,A,227
203,9455,2025-06-12 19:01:26,A,1288
204,22819,2026-02-01 19:06:38,A,1180
205,32032,2023-11-04 19:48:46,A,883
206,37786,2024-02-16 02:08:49,A,697
207,30783,2024-10-01 22:08:29,A,99
208,36213,2023-07-31 23:44:17,A,1324
209,10838,2023-12-26 16:54:01,A,428
210,27242,2024-09-08 06:39:36,A,653
211,31929,2026-01-30 09:28:32,A,812
212,25489,2026-02-25 06:59:53,A,410
213,33466,2024-03-21 13:59:06,A,909
214,13571,2025-10-29 05:59:32,A,1147
215,1589,2023-06-19 05:47:36,A,54
216,31748,2023-06-14 06:12:29,A,1055
217,36725,2023-12-23 17:04:08,A,298
218,7908,2024-10-21 11:26:06,A,1200
219,29700,2026-03-18 10:25:34,A,1180
220,17921,2023-09-16 20:52:07,A,1223
221,12605,2024-12-06 12:33:42,A,156
222,37744,2025-07-27 04:33:36,A,1145
223,21907,2024-04-21 19:52:32,A,90
224,22798,2024-04-24 00:42:09,A,165
225,28803,2024-08-14 15:55:15,A,68
226,3531,2025-02-24 06:43:22,A,1091
227,398,2025-04-02 01:05:18,A,38
228,23810,2025-05-12 06:38:50,A,494
229,33796,2025-12-06 13:15:27,A,1377
230,8442,2023-09-22 16:30:47,A,1045
231,11877,2025-05-25 06:18:45,A,1357
232,31007,2024-01-06 22:03:38,A,986
233,35520,2023-10-04 01:17:21,A,542
234,32160,2024-03-04 16:33:36,A,1161
235,17891,2025-08-25 16:44:04,A,442
236,31067,2024-03-03 16:39:50,A,896
237,7497,2025-02-15 11:41:37,A,1471
238,32049,2023-03-11 21:15:06,A,382
239,20767,2024-12-19 20:34:01,A,1216
240,4339,2025-05-21 19:10:55,A,1213
241,5295,2025-12-06 01:02:14,A,362
242,37752,2023-06-15 00:59:09,A,154
243,9867,2023-06-25 15:54:42,A,542
244,30003,2024-11-23 04:00:50,A,668
245,10716,2025-10-03 06:08:04,A,898
246,31936,2025-03-04 09:07:58,A,385
247,399,2025-11-20 15:00:57,A,892
248,37083,2025-12-31 07:49:45,A,489
249,25289,2026-02-10 01:13:45,A,842
250,10486,2024-12-25 13:58:37,A,1433
251,29159,2025-06-04 15:16:04,A,1256
252,19255,2023-06-25 04:20:07,A,1040
253,23255,2023-10-04 16:47:21,A,1238
254,26675,2024-05-02 08:05:50,A,617
255,35113,2025-09-13 18:37:52,A,372
256,2797,2024-07-11 07:25:06,A,489
257,22149,2025-12-15 09:06:35,A,451
258,21590,2023-07-30 02:09:25,A,55
259,11003,2024-08-29 11:47:43,A,265
260,18581,2025-07-18 05:20:02,A,192
261,32347,2025-07-08 04:15:04,A,1385
262,34650,2023-05-08 10:41:00,A,473
263,36597,2025-06-19 11:11:33,A,826
264,2944,2024-06-02 18:48:28,A,1452
265,4338,2024-08-01 20:32:43,A,835
266,37717,2025-03-13 15:48:01,A,1386
267,11496,2025-09-19 08:29:00,A,805
268,29021,2025-11-06 16:09:50,A,1005
269,33313,2024-04-02 03:35:05,A,1001
270,35495,2025-12-29 14:12:25,A,833
271,992,2024-02-16 03:43:33,A,342
272,14523,2024-07-09 16:42:54,A,1112
273,21077,2025-03-14 07:13:27,A,1224
274,22498,2024-12-29 02:08:13,A,454
275,31240,2024-06-03 03:29:23,A,384
276,21562,2025-03-11 08:43:25,A,10
277,28966,2024-09-06 15:52:46,A,707
278,27093,2024-11-14 14:15:11,A,1382
279,35909,2025-06-06 22:17:54,A,566
280,39976,2024-05-10 14:49:06,A,876
281,36577,2024-02-26 05:48:39,A,1323
282,36835,2024-10-27 14:27:29,A,1059
283,5022,2025-11-20 21:00:09,A,1194
284,19713,2026-02-02 14:40:49,A,215
285,5392,2025-10-25 19:06:49,A,490
286,24250,2025-01-08 18:32:04,A,1336
287,23688,2025-03-11 15:45:05,A,1005
288,38407,2025-11-22 08:58:04,A,378
289,5496,2023-05-06 17:57:58,A,163
290,29655,2023-07-15 22:36:02,A,736
291,5195,2024-02-16 04:00:39,A,445
292,20855,2025-02-10 10:32:12,A,1099
293,5197,2023-10-28 04:47:50,A,236
294,25851,2023-12-08 15:40:18,A,962
295,25050,2024-09-09 04:44:42,A,150
296,35125,2024-09-06 11:36:58,A,1214
297,10596,2025-11-20 00:24:37,A,701
298,18043,2025-05-30 17:19:59,A,480
299,32757,2023-03-16 10:53:30,A,986
300,10183,2023-10-10 02:26:00,A,1432
301,33932,2024-04-02 00:45:43,A,78
302,39874,2024-08-20 00:56:56,A,683
303,37129,2025-08-01 15:02:11,A,430
304,32155,2025-09-22 22:48:59,A,693
305,38298,2024-05-27 23:45:09,A,1353
306,36767,2024-03-12 16:58:24,A,349
307,2039,2023-07-02 16:03:36,A,534
308,39250,2023-11-24 18:42:37,A,1263
309,7602,2024-08-30 07:17:44,A,1350
310,28347,2024-03-31 16:42:26,A,266
311,34577,2025-01-15 20:14:25,A,86
312,5995,2025-10-10 14:06:25,A,768
313,18638,2024-02-18 17:06:12,A,483
314,37394,2025-08-28 02:15:13,A,1405
315,12050,2023-10-23 23:14:46,A,1421
316,14446,2025-05-11 10:14:50,A,513
317,35552,2025-02-03 03:24:05,A,1274
318,29263,2025-06-17 16:48:14,A,1260
319,37388,2025-08-23 16:25:16,A,1124
320,24844,2024-12-24 03:53:47,A,1196
321,21868,2026-02-15 02:41:56,A,981
322,16206,2025-06-26 14:33:35,A,290
323,20640,2024-02-05 09:01:01,A,216
324,5501,2025-02-03 15:21:22,A,935
325,21193,2025-12-29 21:26:45,A,16
326,19191,2024-10-11 21:45:32,A,1045
327,11764,2025-07-31 04:17:01,A,477
328,36093,2026-01-29 16:36:22,A,63
329,37879,2026-04-14 04:04:49,A,464
330,23527,2023-11-08 16:31:17,A,512
331,13769,2023-09-09 22:10:19,A,960
332,7355,2024-09-21 22:12:21,A,760
333,9286,2025-05-23 05:27:12,A,348
334,39131,2023-04-18 17:55:20,A,552
335,19631,2024-04-24 12:55:40,A,451
336,17960,2024-04-17 05:46:39,A,1328
337,33733,2024-10-28 08:23:36,A,510
338,37069,2025-01-12 08:37:36,A,868
339,24338,2025-04-09 00:20:45,A,693
340,31551,2024-06-21 06:55:07,A,919
341,27923,2025-03-24 19:36:39,A,1016
342,7618,2025-04-22 15:07:08,A,76
343,37149,2025-10-01 07:45:15,A,1464
344,19184,2024-11-13 01:47:40,A,560
345,24533,2023-03-29 00:37:40,A,791
346,20596,2025-04-14 18:22:43,A,709
347,28660,2025-06-12 18:30:58,A,159
348,25144,2025-02-28 15:26:32,A,1327
349,17550,2025-03-16 16:47:39,A,1357
350,316,2024-01-29 12:19:38,A,144
351,12942,2023-03-24 02:18:59,A,758
352,34641,2023-08-03 06:56:39,A,430
353,32750,2024-06-03 05:09:45,A,928
354,36230,2024-03-12 09:29:31,A,1397
355,37946,2025-09-28 13:13:24,A,1208
356,5497,2025-01-03 13:15:34,A,225
357,23958,2026-02-21 22:53:31,A,626
358,20138,2023-11-06 02:58:27,A,889
359,10496,2023-05-30 15:01:22,A,169
360,28192,2025-06-03 00:21:14,A,589
361,23152,2023-05-05 18:25:52,A,465
362,11241,2023-12-11 18:38:13,A,1484
363,23328,2025-06-13 15:08:49,A,975
364,27,2026-01-13 16:43:24,A,1110
365,24155,2024-11-15 20:11:33,A,453
366,30582,2025-09-21 23:03:23,A,1203
367,2328,2024-09-18 05:38:05,A,366
368,19376,2025-03-12 00:19:40,A,238
369,15933,2025-05-28 02:43:36,A,909
370,36044,2023-05-25 21:54:09,A,1181
371,13850,2024-02-26 15:36:12,A,663
372,18938,2024-09-18 17:05:31,A,736
373,20573,2025-03-07 18:18:27,A,1135
374,18507,2024-01-01 10:16:39,A,1073
375,3896,2024-02-15 01:06:34,A,974
376,28623,2023-12-25 05:36:25,A,640
377,38293,2024-10-10 10:59:25,A,521
378,8141,2024-10-19 22:17:14,A,1308
379,17137,2024-11-09 07:59:10,A,157
380,31074,2025-09-19 09:39:43,A,806
381,22949,2024-08-25 17:42:33,A,156
382,14287,2025-02-28 16:56:26,A,469
383,9718,2025-06-06 07:32:57,A,1130
384,5196,2023-08-07 23:25:08,A,942
385,5781,2024-11-01 09:56:37,A,721
386,26930,2023-10-06 13:46:56,A,1378
387,9186,2023-11-04 15:49:27,A,1427
388,22006,2023-08-08 15:06:03,A,1258
389,23593,2023-08-10 13:07:43,A,766
390,321,2024-07-12 07:37:33,A,52
391,18565,2023-12-15 08:45:06,A,456
392,16268,2024-06-24 18:50:16,A,471
393,6190,2023-04-20 10:03:09,A,1080
394,32158,2025-04-26 11:46:29,A,726
395,17696,2026-02-01 17:18:33,A,528
396,18126,2023-07-12 10:12:41,A,548
397,6883,2025-10-23 05:14:18,A,1186
398,13056,2024-07-25 16:04:03,A,719
399,29050,2024-12-14 16:56:27,A,142
400,4432,2025-09-25 00:08:34,A,614
401,6947,2025-03-05 12:50:02,A,917
402,35605,2024-05-15 15:09:06,A,368
403,2870,2026-01-04 04:54:45,A,1222
404,6297,2023-09-05 09:46:52,A,711
405,18946,2023-11-13 00:21:55,A,1212
406,35700,2025-09-26 08:24:11,A,592
407,13695,2026-01-12 12:14:37,A,1121
408,28398,2023-06-27 04:13:20,A,84
409,13019,2025-05-15 10:38:34,A,981
410,33068,2026-01-18 05:22:16,A,243
411,37463,2023-07-17 05:20:23,A,1285
412,8120,2023-09-26 01:34:13,A,1344
413,3287,2024-01-29 01:30:05,A,1243
414,19290,2025-06-08 18:36:08,A,679
415,119,2025-05-30 22:05:11,A,1330
416,2041,2024-02-23 23:16:34,A,806
417,23212,2024-09-14 11:43:32,A,821
418,7421,2025-06-08 02:13:55,A,248
419,31764,2025-09-02 22:11:29,A,1218
420,34460,2025-11-01 14:50:36,A,673
421,1876,2023-12-22 15:51:14,A,936
422,25971,2024-10-14 07:02:00,A,31
423,4,2025-02-05 16:53:40,A,19
424,4693,2024-08-20 00:30:47,A,646
425,22526,2024-09-18 13:10:27,A,529
426,21154,2026-01-27 12:45:14,A,667
427,17065,2025-11-10 23:40:10,A,1162
428,14772,2025-01-08 13:26:17,A,726
429,24568,2023-04-29 13:33:31,A,392
430,35839,2023-05-12 07:17:04,A,768
431,29837,2024-07-10 06:40:07,A,1213
432,39940,2024-06-30 09:46:32,A,368
433,7711,2024-09-06 15:56:54,A,381
434,32794,2025-05-29 11:39:59,A,510
435,23329,2023-09-23 16:50:11,A,1174
436,29325,2024-09-24 04:00:38,A,285
437,7,2025-10-24 03:18:43,A,145
438,30844,2025-12-26 12:47:15,A,1174
439,10654,2023-04-27 15:28:40,A,606
440,39443,2024-05-14 21:08:06,A,409
441,9311,2025-05-01 08:02:18,A,65
442,7161,2025-08-20 19:01:42,A,1185
443,6,2025-12-29 02:55:52,A,872
444,314,2024-09-18 05:09:03,A,679
445,2627,2024-01-05 21:24:28,A,861
446,5729,2024-04-19 12:41:58,A,247
447,26661,2024-06-08 06:08:13,A,566
448,34251,2025-02-01 14:50:32,A,695
449,333,2023-02-06 11:54:48,A,511
450,2869,2023-07-25 22:06:53,A,1017
451,22993,2025-05-18 04:38:08,A,791
452,20755,2023-05-17 15:36:33,A,1437
453,3345,2023-11-06 09:59:31,A,1370
454,6068,2024-03-29 14:09:44,A,1349
455,26087,2024-09-11 04:39:56,A,440
456,13295,2024-09-13 15:59:19,A,1032
457,28047,2025-03-09 03:30:37,A,988
458,18687,2026-01-31 11:20:31,A,1410
459,21801,2023-05-17 05:28:33,A,1067
460,38255,2023-08-19 17:34:59,A,1458
461,6619,2023-10-19 22:31:43,A,60
462,10153,2023-12-27 21:54:00,A,156
463,15495,2024-09-17 14:43:22,A,1092
464,18803,2025-06-01 22:41:43,A,665
465,27678,2023-09-26 22:30:09,A,1242
466,1752,2024-03-28 15:31:50,A,1372
467,16896,2024-01-25 11:39:19,A,1322
468,10707,2024-03-23 17:46:01,A,322
469,27182,2025-11-17 06:09:17,A,1261
470,13406,2023-02-21 03:31:27,A,687
471,30886,2025-04-27 06:44:42,A,44
472,22379,2025-03-19 15:27:01,A,1171
473,30462,2023-10-26 21:06:28,A,170
474,30771,2024-11-30 18:52:14,A,16
475,27656,2025-05-02 20:48:09,A,986
476,317,2025-07-30 22:16:07,A,65
477,2865,2024-12-15 01:45:58,A,1197
478,11585,2025-09-09 05:25:14,A,1298
479,3898,2023-08-15 00:08:28,A,753
480,30526,2025-04-05 00:05:51,A,198
481,8880,2025-04-26 22:05:13,A,195
482,8919,2023-09-11 03:16:03,A,1214
483,36511,2024-04-24 19:02:06,A,527
484,23463,2023-11-02 17:32:00,A,1258
485,9794,2023-12-10 14:03:11,A,1263
486,5192,2024-01-17 01:11:42,A,236
487,29922,2024-06-27 07:40:03,A,1181
488,6646,2025-03-15 02:48:41,A,1442
489,29841,2024-12-01 19:17:06,A,1251
490,19315,2025-01-02 12:54:07,A,1099
491,7359,2025-08-30 11:33:49,A,1498
492,34524,2024-11-01 05:22:48,A,1278
493,7730,2023-05-28 22:34:54,A,1398
494,5208,2023-08-04 07:54:22,A,1500
495,28409,2024-01-12 10:41:10,A,846
496,12860,2024-03-01 21:47:19,A,1214
497,21800,2024-10-01 00:31:25,A,303
498,28492,2026-02-27 01:15:43,A,259
499,35471,2024-09-06 18:45:06,A,837
500,7536,2024-10-20 06:52:59,A,822
501,18523,2025-05-28 08:35:42,A,1215
502,17657,2025-12-17 18:28:53,A,1421
503,38043,2026-02-22 05:24:35,A,30
504,14927,2024-05-22 05:53:14,A,1418
505,27329,2025-09-22 11:58:29,A,809
506,9449,2025-04-08 15:58:25,A,678
507,37536,2025-05-29 23:19:08,A,1134
508,26653,2023-09-24 00:25:28,A,484
509,38180,2024-07-10 17:57:06,A,815
510,3344,2025-02-08 06:57:05,A,1154
511,31391,2025-08-31 18:56:49,A,1287
512,38057,2025-12-03 23:05:38,A,528
513,21238,2026-02-18 00:56:08,A,1167
514,14345,2026-02-01 06:50:07,A,667
515,23633,2024-09-05 00:50:39,A,633
516,5728,2025-12-20 21:35:26,A,195
517,30022,2023-04-18 18:19:46,A,1256
518,37101,2023-11-27 08:19:39,A,281
519,28538,2025-12-06 21:29:41,A,370
520,16682,2023-05-03 21:49:21,A,772
521,22282,2023-12-16 02:27:34,A,1255
522,21174,2025-01-17 06:59:05,A,671
523,17027,2026-01-14 23:43:50,A,1487
524,13289,2023-12-28 11:55:57,A,349
525,30739,2025-07-06 00:34:18,A,1261
526,39889,2023-07-31 07:59:15,A,977
527,599,2023-11-18 07:04:52,A,113
528,33325,2023-12-13 11:05:00,A,944
529,13222,2024-01-18 23:53:41,A,525
530,3671,2026-01-14 02:47:54,A,773
531,3547,2026-03-03 09:22:36,A,1232
532,33333,2024-01-10 04:58:34,A,850
533,6531,2024-10-05 01:19:06,A,1231
534,1205,2023-05-29 20:34:32,A,1011
535,32332,2025-08-19 03:34:16,A,307
536,4328,2023-04-11 17:26:45,A,1022
537,3387,2025-02-11 23:58:50,A,458
538,13381,2025-09-01 20:25:24,A,1335
539,35504,2023-10-05 18:08:35,A,1355
540,1222,2024-10-02 22:13:47,A,49
541,3537,2023-09-18 21:17:04,A,805
542,31506,2023-11-01 15:46:56,A,562
543,36741,2024-02-03 23:42:06,A,954
544,16301,2024-04-10 05:53:57,A,905
545,1217,2023-10-18 01:50:29,A,871
546,4987,2025-06-14 13:07:59,A,195
547,39486,2023-08-26 04:54:25,A,1000
548,30564,2024-04-23 18:23:26,A,1328
549,26025,2024-08-24 01:30:17,A,959
550,32736,2025-05-07 16:10:25,A,686
551,36953,2025-09-23 19:21:54,A,951
552,38003,2023-03-04 07:29:29,A,102
553,24849,2023-11-09 23:48:43,A,969
554,8520,2024-10-03 03:47:10,A,783
555,3156,2025-11-14 21:15:13,A,174
556,35096,2023-11-13 13:49:50,A,160
557,22067,2024-03-04 20:10:10,A,585
558,6044,2024-10-16 12:12:22,A,409
559,19352,2025-05-19 17:40:13,A,704
560,30536,2025-12-19 00:01:46,A,945
561,14897,2024-02-25 07:54:15,A,1152
562,4988,2023-09-08 06:52:49,A,1006
563,36826,2023-12-23 09:01:50,A,594
564,7006,2024-05-23 11:24:09,A,1087
565,3742,2025-01-31 12:30:26,A,721
566,1772,2024-01-01 01:21:27,A,467
567,24280,2024-01-18 04:31:58,A,1436
568,4066,2024-05-18 06:03:10,A,659
569,38733,2025-09-02 12:48:06,A,235
570,5985,2025-11-07 20:16:22,A,128
571,28942,2026-03-10 21:39:20,A,855
572,7560,2026-03-22 05:36:04,A,868
573,23070,2023-08-10 21:52:56,A,198
574,39715,2024-11-23 17:28:52,A,1049
575,4069,2025-03-13 22:31:33,A,194
576,24078,2025-08-02 15:34:12,A,288
577,6133,2023-10-24 09:21:18,A,1236
578,15757,2024-06-09 23:13:08,A,915
579,22583,2024-10-21 12:51:48,A,785
580,4266,2024-12-25 16:55:44,A,866
581,30345,2025-12-10 00:49:18,A,1387
582,15454,2023-04-12 11:47:50,A,1074
583,4380,2024-06-03 21:05:05,A,991
584,30111,2025-08-05 16:53:16,A,1233
585,12697,2026-01-07 17:11:35,A,701
586,24539,2023-04-20 15:08:25,A,465
587,22457,2023-10-04 05:52:24,A,626
588,1013,2023-12-25 01:22:32,A,955
589,29190,2024-02-07 20:32:13,A,266
590,3250,2025-03-24 13:42:38,A,307
591,39556,2024-10-08 01:47:06,A,1270
592,23880,2025-04-11 22:01:29,A,602
593,597,2023-10-18 22:27:34,A,929
594,36693,2025-08-17 14:16:47,A,1343
595,22791,2025-10-27 11:51:34,A,185
596,185,2026-01-03 09:13:36,A,1305
597,5305,2024-05-12 04:16:44,A,878
598,35863,2025-04-23 08:35:34,A,593
599,37360,2025-09-28 11:05:52,A,276
600,906,2023-06-08 18:56:31,A,206
601,26009,2025-01-09 06:29:11,A,1119
602,600,2025-07-21 05:31:16,A,194
603,3540,2025-08-21 01:08:16,A,603
604,30550,2025-10-20 04:25:10,A,403
605,18544,2023-10-06 11:27:41,A,1367
606,20490,2024-10-07 05:36:32,A,140
607,17299,2024-11-24 10:37:02,A,699
608,39232,2025-07-04 23:27:24,A,877
609,15270,2025-10-31 03:57:14,A,591
610,11077,2025-03-06 23:56:22,A,914
611,4267,2025-07-30 11:48:45,A,420
612,30304,2023-05-30 14:38:11,A,973
613,3675,2023-09-26 17:07:10,A,649
614,19699,2024-01-13 09:40:30,A,1236
615,25384,2023-12-24 23:23:01,A,536
616,16035,2023-05-27 09:47:24,A,1376
617,28020,2023-08-05 19:01:17,A,56
618,2598,2024-10-20 09:48:20,A,260
619,21386,2025-09-21 19:49:37,A,946
620,3251,2026-01-18 02:19:47,A,1329
621,3157,2026-01-06 19:08:26,A,31
622,596,2023-12-29 05:10:39,A,852
623,32931,2024-03-11 02:19:37,A,479
624,25096,2025-12-02 16:52:44,A,190
625,36798,2023-09-16 08:02:02,A,147
626,3216,2024-03-26 17:26:11,A,294
627,30367,2025-07-20 21:33:33,A,215
628,25023,2026-02-26 11:47:32,A,407
629,38658,2023-03-15 09:44:47,A,161
630,33743,2023-09-30 11:17:09,A,746
631,5792,2024-03-10 08:48:05,A,1206
632,22154,2024-12-08 18:10:42,A,1077
633,37152,2025-09-15 14:42:59,A,1418
634,11217,2023-09-23 17:03:08,A,31
635,28503,2025-05-16 00:33:54,A,815
636,17086,2025-12-10 19:21:18,A,196
637,3539,2025-04-01 13:00:55,A,807
638,8922,2024-03-20 09:22:37,A,1274
639,1757,2024-06-11 11:11:30,A,222
640,23289,2025-01-20 12:47:07,A,1360
641,35012,2025-10-31 22:59:15,A,231
642,6229,2023-11-28 23:29:54,A,216
643,27744,2025-02-23 18:00:01,A,357
644,18902,2025-03-19 17:55:02,A,319
645,23928,2026-01-26 16:39:58,A,536
646,4383,2023-11-28 17:14:40,A,981
647,11337,2025-07-29 15:16:36,A,971
648,3160,2025-08-15 16:26:08,A,615
649,12046,2024-01-12 06:43:25,A,1117
650,39602,2023-12-30 05:57:10,A,729
651,31504,2024-01-10 02:36:37,A,1434
652,39181,2024-03-06 08:01:47,A,983
653,9444,2025-01-20 08:47:07,A,1065
654,32663,2024-12-08 23:59:17,A,1414
655,32072,2024-12-21 09:55:02,A,1412
656,23933,2025-08-19 05:15:52,A,995
657,6073,2025-12-30 04:17:21,A,1407
658,37479,2023-04-01 18:27:04,A,185
659,28567,2023-08-06 05:08:23,A,271
660,33158,2025-05-16 19:18:20,A,534
661,36979,2024-12-26 12:17:54,A,389
662,8590,2025-07-18 07:37:05,A,1489
663,28082,2025-07-26 22:09:40,A,1029
664,23026,2026-02-15 16:41:32,A,868
665,2108,2024-03-09 18:39:54,A,416
666,26420,2024-11-14 03:38:26,A,396
667,39069,2026-02-02 12:41:52,A,1471
668,24910,2026-01-22 01:06:06,A,358
669,37323,2024-01-16 14:41:09,A,1171
670,18723,2024-08-17 15:13:03,A,510
671,4513,2025-04-30 00:49:07,A,674
672,10435,2024-10-29 19:03:21,A,556
673,474,2023-07-06 05:19:11,A,950
674,12507,2024-01-28 01:16:46,A,1
675,35390,2025-02-19 01:05:26,A,1335
676,33173,2024-03-16 22:53:34,A,1180
677,1204,2024-04-02 04:09:29,A,292
678,30466,2024-06-11 22:03:36,A,1034
679,16016,2024-10-13 15:27:00,A,321
680,30330,2025-07-12 01:25:43,A,1186
681,17175,2025-08-09 00:22:22,A,221
682,33611,2026-03-02 06:29:14,A,710
683,184,2025-03-28 10:07:29,A,1342
684,18164,2023-07-10 03:28:38,A,85
685,16906,2023-08-21 20:04:49,A,650
686,942,2023-10-14 05:11:12,A,546
687,19860,2023-03-01 16:10:02,A,1014
688,6769,2023-09-18 12:52:28,A,1124
689,21127,2024-12-14 11:37:33,A,556
690,4983,2024-04-04 14:13:13,A,281
691,16949,2024-11-15 21:42:38,A,539
692,28961,2025-02-14 12:50:29,A,931
693,13124,2025-08-14 01:05:22,A,1010
694,18746,2025-12-08 04:44:00,A,643
695,3218,2026-01-23 06:33:58,A,717
696,38898,2026-02-16 08:26:35,A,281
697,32680,2026-02-02 09:41:57,A,485
698,36990,2023-06-23 02:03:25,A,721
699,25031,2024-07-09 00:35:12,A,264
700,33510,2024-08-12 04:29:14,A,779
701,39770,2023-07-31 17:54:05,A,128
702,7863,2023-05-21 05:25:05,A,1473
703,6045,2024-03-09 09:01:59,A,395
704,22820,2024-04-05 00:05:24,A,990
705,1211,2024-09-11 15:55:40,A,980
706,16968,2025-06-04 16:39:49,A,858
707,15420,2025-11-28 09:56:18,A,608
708,28341,2024-12-20 09:13:10,A,335
709,10327,2025-04-29 02:58:30,A,936
710,4991,2025-10-03 01:14:06,A,956
711,1214,2023-05-22 01:10:05,A,859
712,29982,2024-01-27 19:47:52,A,1118
713,25935,2025-03-29 00:37:24,A,643
714,1224,2025-06-06 22:04:03,A,967
715,24787,2024-06-29 20:13:20,A,108
716,32553,2023-06-22 02:37:20,A,1183
717,19189,2025-03-31 14:10:08,A,1001
718,14497,2023-08-27 07:08:31,A,989
719,25772,2024-08-09 04:35:06,A,1488
720,29703,2025-07-22 16:29:53,A,1327
721,17979,2025-12-22 06:25:03,A,403
722,32030,2026-02-12 02:44:19,A,1141
723,16353,2023-07-29 20:13:20,A,289
724,9505,2023-10-12 17:34:21,A,757
725,24524,2024-12-27 05:41:12,A,496
726,38559,2024-02-15 11:50:35,A,1332
727,22140,2023-09-07 06:43:31,A,832
728,39309,2025-01-30 05:39:46,A,477
729,33647,2025-07-28 22:25:45,A,1430
730,7281,2026-03-29 09:34:04,A,1406
731,16084,2023-05-23 03:19:58,A,347
732,11531,2025-03-04 10:05:12,A,320
733,35680,2026-04-01 02:16:17,A,1019
734,23355,2023-04-13 07:08:56,A,205
735,30552,2024-07-24 17:46:44,A,1129
736,28431,2024-04-04 02:55:23,A,1379
737,27195,2023-10-06 22:10:14,A,1114
738,36415,2024-07-27 07:17:31,A,698
739,11339,2025-03-01 08:06:57,A,57
740,37862,2023-06-23 06:00:11,A,1210
741,26920,2025-09-01 01:59:48,A,942
742,12009,2023-07-11 15:05:05,A,956
743,15110,2024-02-11 21:29:22,A,348
744,1975,2025-06-01 05:09:41,A,66
745,20899,2025-08-30 00:21:20,A,299
746,3964,2023-10-02 14:25:04,A,155
747,23749,2023-09-20 09:33:20,A,485
748,28772,2025-04-24 08:44:39,A,553
749,6389,2025-10-23 17:38:14,A,1206
750,24451,2025-04-16 15:46:12,A,1351
751,22751,2023-07-13 08:29:03,A,372
752,37636,2024-01-16 01:36:50,A,784
753,32853,2023-12-02 04:36:03,A,484
754,34805,2024-10-29 20:44:28,A,1077
755,38839,2025-04-07 03:43:35,A,1039
756,14016,2024-05-25 10:19:39,A,967
757,1782,2024-08-22 13:07:30,A,1339
758,11346,2025-08-22 09:47:59,A,900
759,2153,2024-01-31 00:37:10,A,376
760,13072,2024-11-08 13:49:29,A,1366
761,29541,2023-07-11 21:01:13,A,620
762,34395,2023-09-02 12:55:31,A,14
763,21057,2024-01-25 06:40:48,A,100
764,27408,2024-06-18 19:13:13,A,284
765,30960,2024-10-20 04:24:33,A,876
766,23666,2023-08-01 04:56:35,A,234
767,17159,2024-10-02 22:39:47,A,849
768,7252,2024-02-24 09:16:11,A,1160
769,35771,2024-04-21 21:43:18,A,77
770,21580,2025-07-17 12:11:43,A,667
771,30501,2024-10-04 15:53:30,A,1494
772,33153,2025-04-13 05:43:41,A,431
773,9028,2025-07-21 05:50:37,A,995
774,25831,2026-01-27 11:34:09,A,871
775,31988,2024-12-21 03:34:41,A,370
776,3825,2024-11-18 18:17:28,A,1030
777,780,2025-10-08 04:56:29,A,1025
778,33218,2025-10-12 21:01:18,A,3
779,10062,2023-04-02 02:52:00,A,262
780,26362,2025-05-12 07:08:17,A,369
781,18025,2024-05-25 18:02:26,A,855
782,39905,2025-09-09 14:25:23,A,811
783,29237,2025-02-24 23:58:40,A,1026
784,2161,2025-06-09 01:20:56,A,982
785,31759,2025-04-23 14:34:34,A,409
786,14091,2026-01-04 16:41:59,A,1234
787,9243,2025-12-09 04:18:24,A,1358
788,15737,2023-08-15 09:45:53,A,971
789,39618,2024-11-05 20:36:07,A,63
790,346,2024-12-04 00:37:02,A,144
791,32878,2025-03-15 16:42:24,A,1086
792,34336,2025-09-19 11:45:56,A,1467
793,17120,2025-12-24 20:35:11,A,218
794,36759,2023-11-23 19:22:16,A,298
795,19224,2024-03-06 16:22:19,A,1101
796,1976,2023-12-01 11:46:55,A,908
797,2150,2024-04-07 13:07:37,A,454
798,16190,2024-04-21 15:15:25,A,1264
799,24227,2024-04-25 05:26:37,A,9
800,38311,2024-07-11 19:29:33,A,270
801,39968,2023-11-23 21:53:26,A,560
802,17965,2024-05-16 19:45:13,A,797
803,32108,2025-04-28 21:14:14,A,994
804,18702,2025-12-24 15:26:23,A,1239
805,37797,2025-10-23 03:34:47,A,295
806,38532,2023-04-17 10:50:36,A,1485
807,15897,2024-04-05 02:17:52,A,743
808,35332,2024-11-25 02:38:52,A,545
809,8097,2025-07-08 01:27:23,A,930
810,16222,2025-10-21 15:24:19,A,483
811,37304,2026-01-31 16:13:37,A,1315
812,1092,2023-03-05 04:43:24,A,25
813,38114,2025-09-07 05:06:27,A,634
814,6899,2024-03-03 19:18:33,A,481
815,13650,2025-07-19 14:56:24,A,1229
816,14504,2023-08-06 12:26:06,A,84
817,30431,2024-04-10 18:25:26,A,316
818,14017,2023-12-26 19:31:09,A,721
819,34850,2024-01-15 01:24:32,A,1468
820,29013,2025-10-11 12:44:31,A,1414
821,23436,2023-07-14 14:21:07,A,1157
822,14795,2025-12-27 07:36:17,A,1422
823,35262,2023-03-29 21:17:49,A,805
824,2152,2024-05-05 21:23:52,A,1144
825,21219,2024-05-10 06:28:04,A,370
826,33998,2025-02-11 18:16:49,A,985
827,4472,2025-04-25 01:57:04,A,445
828,14265,2023-09-11 05:14:37,A,390
829,7317,2026-01-25 09:54:58,A,1249
830,23886,2023-08-15 12:18:21,A,1173
831,18209,2024-02-25 19:15:13,A,640
832,27900,2025-07-16 09:34:04,A,890
833,29896,2023-09-01 00:12:00,A,732
834,30193,2024-09-27 17:46:07,A,940
835,30120,2023-09-22 01:36:55,A,413
836,34851,2024-05-20 11:58:48,A,359
837,6227,2024-06-24 10:54:41,A,114
838,17996,2025-09-15 15:39:37,A,672
839,17373,2024-03-22 18:22:21,A,1303
840,14873,2023-05-13 21:53:40,A,208
841,34874,2023-12-22 17:59:52,A,1426
842,8666,2024-06-23 18:26:34,A,1173
843,32915,2025-02-19 12:51:49,A,286
844,30165,2025-09-06 09:25:09,A,1372
845,24069,2026-02-11 11:19:47,A,1460
846,8064,2026-02-21 21:58:37,A,535
847,20026,2024-02-11 17:58:56,A,775
848,1702,2025-05-09 06:21:14,A,1458
849,20832,2025-10-04 22:13:09,A,939
850,10763,2023-09-22 19:01:25,A,870
851,19046,2024-06-27 05:41:14,A,253
852,9810,2024-07-24 06:28:50,A,1167
853,35222,2024-07-14 03:43:09,A,1432
854,28040,2025-03-10 04:08:57,A,868
855,26044,2025-07-22 03:24:46,A,322
856,18910,2024-03-13 20:08:58,A,50
857,10421,2025-05-10 06:57:58,A,1419
858,24093,2025-10-21 06:09:43,A,331
859,26773,2023-08-19 04:21:41,A,1310
860,36502,2024-08-23 01:31:46,A,408
861,33512,2025-08-05 23:11:37,A,943
862,18536,2023-05-24 20:23:45,A,765
863,15712,2024-08-14 00:48:27,A,207
864,3962,2023-02-24 01:48:50,A,944
865,30782,2023-11-12 04:25:26,A,328
866,21749,2024-05-07 16:15:44,A,930
867,3821,2024-12-01 21:17:45,A,1084
868,8007,2025-11-19 10:59:34,A,1079
869,7929,2024-10-05 04:42:57,A,1475
870,12709,2025-07-23 23:41:31,A,1350
871,20202,2026-02-01 03:51:31,A,1497
872,26688,2023-05-14 10:18:19,A,773
873,39519,2025-01-12 00:17:50,A,1109
874,17706,2025-10-30 19:19:08,A,193
875,13878,2023-06-02 17:41:55,A,1153
876,13186,2024-02-04 09:20:45,A,12
877,18157,2025-02-22 14:27:16,A,152
878,23908,2025-04-26 00:34:31,A,493
879,32521,2023-06-24 14:58:50,A,655
880,24744,2024-07-08 05:26:39,A,527
881,18686,2024-08-03 09:55:30,A,1258
882,32799,2024-08-16 08:14:28,A,464
883,35487,2024-10-24 04:40:52,A,1417
884,32125,2023-04-29 05:12:28,A,363
885,39419,2024-06-20 02:36:10,A,496
886,17983,2024-08-03 13:13:50,A,649
887,13799,2025-03-20 08:48:35,A,952
888,5541,2024-02-01 15:02:16,A,383
889,23075,2024-01-24 19:38:24,A,151
890,24960,2024-11-24 02:20:20,A,111
891,2476,2023-07-07 00:40:59,A,1343
892,22348,2023-06-02 17:08:17,A,289
893,3803,2024-08-08 10:23:09,A,1429
894,14859,2024-08-10 15:53:48,A,1223
895,8043,2025-04-07 16:26:43,A,736
896,18096,2023-05-18 04:25:28,A,1120
897,26923,2024-06-30 03:25:46,A,806
898,5547,2024-09-25 22:11:13,A,730
899,12016,2023-10-12 13:01:36,A,452
900,2154,2025-09-06 17:16:28,A,368
901,21723,2023-08-12 08:48:05,A,432
902,34661,2023-08-19 03:41:42,A,380
903,11541,2023-10-10 05:49:43,A,1235
904,20570,2024-01-26 16:50:33,A,1216
905,14553,2025-04-20 03:50:23,A,343
906,32038,2023-08-21 10:20:33,A,1401
907,6570,2026-02-28 03:27:03,A,1100
908,21618,2026-02-04 03:57:55,A,1082
909,27824,2023-06-16 20:05:19,A,683
910,20689,2025-09-23 03:31:42,A,1386
911,6473,2023-07-29 03:33:54,A,1049
912,12369,2025-06-30 21:52:15,A,456
913,13951,2025-06-09 08:16:45,A,559
914,23086,2023-12-24 14:17:10,A,243
915,29394,2024-02-21 15:48:28,A,1183
916,32050,2024-10-19 05:47:18,A,1132
917,33288,2025-02-06 11:57:00,A,154
918,9255,2025-05-05 13:05:07,A,517
919,5551,2024-08-08 03:20:39,A,1124
920,20540,2024-12-18 22:54:32,A,534
921,27292,2023-08-25 11:07:13,A,1189
922,16186,2024-05-25 05:55:13,A,439
923,6251,2025-01-11 06:52:26,A,863
924,23564,2025-04-30 22:10:33,A,412
925,7891,2025-05-21 22:31:07,A,343
926,17194,2024-02-20 11:57:59,A,538
927,10875,2025-02-01 22:22:29,A,35
928,38071,2026-03-28 09:07:47,A,1400
929,4389,2023-05-20 08:14:29,A,327
930,27152,2024-05-22 05:03:17,A,583
931,33001,2025-04-23 15:24:57,A,193
932,24208,2026-02-23 00:46:12,A,1469
933,6882,2023-12-29 01:51:04,A,483
934,27051,2024-12-29 13:58:57,A,618
935,27236,2025-03-09 02:26:54,A,1184
936,34295,2025-01-19 15:06:47,A,852
937,19566,2024-10-20 13:39:53,A,705
938,24914,2024-09-13 05:38:37,A,732
939,36517,2024-08-21 01:59:54,A,1254
940,24970,2025-05-17 18:28:36,A,661
941,12952,2024-06-26 19:23:05,A,808
942,16436,2025-01-28 15:26:03,A,423
943,16194,2025-04-21 11:01:55,A,282
944,7904,2024-02-24 10:58:40,A,986
945,26486,2025-10-17 00:57:18,A,532
946,2473,2023-02-01 09:32:57,A,87
947,38714,2023-08-19 17:25:52,A,1252
948,26375,2023-12-24 13:52:13,A,675
949,39298,2025-04-05 22:22:28,A,220
950,29924,2023-06-27 12:36:10,A,923
951,29188,2026-01-07 11:47:29,A,1252
952,19117,2023-06-04 20:17:59,A,496
953,21899,2024-04-18 20:09:35,A,1007
954,16522,2025-06-09 06:14:53,A,112
955,11205,2025-11-17 21:25:09,A,551
956,22516,2025-10-24 14:05:59,A,1462
957,9732,2023-12-04 03:31:26,A,1158
958,39415,2024-04-16 12:33:26,A,1226
959,31543,2025-11-05 21:35:50,A,97
960,16990,2023-07-31 11:41:33,A,480
961,23631,2024-03-10 10:23:17,A,978
962,32297,2024-03-29 23:42:17,A,230
963,3023,2023-08-28 18:42:29,A,103
964,30011,2023-12-26 06:53:55,A,690
965,10511,2024-11-06 06:42:02,A,431
966,14122,2024-01-21 17:38:51,A,1306
967,28499,2025-12-29 20:59:37,A,167
968,19676,2024-06-24 22:36:18,A,816
969,22455,2024-08-02 13:13:43,A,866
970,15809,2024-07-17 09:31:14,A,857
971,39100,2025-07-15 23:03:01,A,1033
972,15359,2025-08-27 03:13:19,A,1384
973,38875,2024-01-12 04:39:55,A,1168
974,23159,2023-12-04 01:41:41,A,758
975,10563,2025-03-07 09:16:47,A,1110
976,31491,2026-04-16 15:00:41,A,788
977,13462,2023-09-25 06:27:57,A,1292
978,2158,2024-10-07 20:17:12,A,272
979,27464,2025-07-10 18:03:39,A,188
980,23251,2025-07-30 22:23:56,A,468
981,28241,2025-08-13 12:46:07,A,318
982,39853,2025-11-07 07:25:45,A,1018
983,9389,2024-05-22 05:13:21,A,347
984,2654,2025-05-01 08:57:24,A,256
985,21474,2025-10-17 04:06:40,A,253
986,12536,2024-04-18 02:53:05,A,1366
987,24471,2024-02-16 23:14:05,A,1021
988,5188,2025-12-27 13:13:27,A,808
989,3937,2023-04-09 20:15:53,A,1112
990,24313,2023-12-05 05:51:08,A,816
991,24689,2024-09-17 07:08:43,A,256
992,36163,2024-03-28 07:54:40,A,1006
993,11839,2024-04-04 04:02:21,A,978
994,11092,2025-11-18 02:09:42,A,767
995,12758,2026-01-24 07:25:53,A,653
996,33139,2025-03-17 08:12:40,A,249
997,7363,2024-03-18 20:57:40,A,88
998,19456,2025-02-23 08:58:37,A,430
999,39173,2024-01-08 08:50:32,A,949
1000,4225,2024-01-19 21:36:16,A,205
1001,31589,2024-04-16 10:31:19,A,1077
1002,34213,2024-06-29 09:15:44,A,117
1003,611,2024-10-19 18:09:48,A,1155
1004,14466,2025-09-25 08:26:43,A,305
1005,31076,2025-02-05 13:26:09,A,1125
1006,21282,2025-04-16 22:43:51,A,523
1007,29253,2023-11-01 13:47:17,A,1064
1008,30814,2025-08-11 23:16:59,A,309
1009,21486,2025-12-17 05:10:01,A,1137
1010,34905,2026-01-31 12:12:02,A,719
1011,11938,2023-08-04 12:20:36,A,616
1012,10179,2024-05-14 08:53:58,A,106
1013,26851,2024-09-30 08:47:25,A,1361
1014,3939,2025-06-12 12:04:40,A,278
1015,19284,2026-01-27 16:29:41,A,257
1016,6609,2026-01-02 19:08:03,A,508
1017,18789,2025-06-09 12:51:47,A,637
1018,21210,2023-04-08 19:37:20,A,1227
1019,18410,2024-05-15 06:37:40,A,599
1020,39534,2024-06-02 14:13:28,A,1489
1021,25789,2025-01-16 03:55:00,A,339
1022,19142,2024-04-27 06:15:11,A,103
1023,12651,2025-02-18 12:31:17,A,1405
1024,16656,2023-08-07 19:39:17,A,272
1025,11486,2024-10-01 15:52:44,A,232
1026,34533,2025-04-13 07:44:27,A,161
1027,26202,2025-08-05 11:01:23,A,1071
1028,37926,2026-01-11 15:18:34,A,1459
1029,7611,2023-11-06 10:42:57,A,1084
1030,23043,2024-07-26 09:45:39,A,1134
1031,24065,2025-07-14 13:14:35,A,1099
1032,9777,2025-12-04 11:08:02,A,395
1033,15992,2024-12-14 19:28:30,A,1107
1034,13371,2025-02-09 14:33:03,A,1197
1035,36699,2024-09-07 02:59:39,A,1093
1036,15678,2024-12-24 23:31:53,A,408
1037,13402,2023-08-10 17:52:03,A,263
1038,38491,2023-08-24 15:21:33,A,911
1039,25819,2023-11-04 22:44:52,A,944
1040,6368,2025-02-04 13:16:55,A,519
1041,15416,2025-05-07 22:46:53,A,216
1042,32685,2023-08-16 18:09:11,A,823
1043,32768,2024-04-02 16:15:08,A,435
1044,37410,2024-10-10 00:21:22,A,1192
1045,24202,2025-12-25 02:42:43,A,312
1046,26881,2025-12-20 01:19:37,A,827
1047,27856,2023-11-08 04:20:50,A,209
1048,4224,2024-04-13 17:21:11,A,1401
1049,29379,2024-10-17 19:55:17,A,736
1050,29464,2023-07-02 19:27:22,A,543
1051,12124,2023-07-05 15:42:38,A,1468
1052,30322,2024-07-24 09:56:07,A,52
1053,9430,2025-04-06 04:41:19,A,1452
1054,37877,2023-11-03 17:28:31,A,1400
1055,10413,2024-11-04 06:16:07,A,1483
1056,24300,2025-04-26 12:41:38,A,624
1057,22847,2025-12-30 12:08:36,A,423
1058,4471,2023-05-31 11:59:17,A,496
1059,22410,2023-12-20 16:06:27,A,1215
1060,18960,2025-04-22 21:57:26,A,1405
1061,16609,2023-03-11 09:31:15,A,1497
1062,21817,2023-11-01 06:40:14,A,86
1063,345,2025-11-08 10:22:04,A,207
1064,36697,2024-04-03 14:47:06,A,1336
1065,31501,2024-04-27 01:37:47,A,1463
1066,37458,2026-03-02 08:46:19,A,1129
1067,9619,2024-01-20 13:49:18,A,827
1068,19674,2025-08-05 09:24:51,A,956
1069,29196,2025-03-27 01:45:49,A,1177
1070,33767,2023-05-02 22:20:56,A,975
1071,2996,2023-05-26 03:24:52,A,949
1072,16306,2024-07-18 08:21:44,A,211
1073,17339,2024-07-14 16:59:31,A,1064
1074,38711,2024-07-27 17:07:11,A,621
1075,30991,2023-06-21 08:36:56,A,1446
1076,37560,2024-01-07 12:29:51,A,200
1077,14506,2026-02-07 05:02:21,A,1137
1078,9378,2023-11-08 22:07:16,A,873
1079,31033,2025-01-27 16:05:17,A,662
1080,30692,2025-04-28 04:11:45,A,646
1081,14329,2023-04-25 17:23:57,A,1132
1082,25545,2023-12-20 07:29:17,A,848
1083,36279,2024-02-03 06:02:15,A,1424
1084,29957,2024-10-05 09:20:40,A,504
1085,16406,2023-07-27 19:11:30,A,1311
1086,12385,2024-12-06 05:57:26,A,133
1087,1780,2025-11-20 00:05:03,A,1379
1088,9655,2025-10-10 03:23:15,A,881
1089,17977,2026-04-05 06:19:42,A,1175
1090,5545,2025-01-21 18:52:12,A,592
1091,11718,2025-09-03 18:28:50,A,323
1092,37059,2025-10-21 19:20:59,A,1405
1093,14633,2025-10-21 12:56:21,A,505
1094,38865,2023-09-04 10:54:34,A,535
1095,30311,2024-05-19 19:01:45,A,390
1096,12326,2025-02-08 15:00:54,A,1196
1097,26615,2025-02-16 22:15:40,A,1150
1098,33175,2023-10-24 13:50:46,A,650
1099,19227,2025-04-04 17:04:12,A,425
1100,18390,2026-03-09 03:03:31,A,808
1101,30706,2023-10-14 01:23:39,A,1346
1102,38641,2023-11-07 09:32:44,A,171
1103,27637,2023-12-10 11:47:16,A,1413
1104,22338,2024-06-25 20:45:10,A,637
1105,690,2024-10-07 03:01:54,A,1420
1106,17585,2025-05-31 08:35:00,A,338
1107,31476,2025-07-25 15:28:38,A,180
1108,34270,2024-10-07 11:58:37,A,1443
1109,38287,2023-02-10 14:35:47,A,837
1110,10416,2025-04-17 16:52:14,A,677
1111,28306,2024-09-19 09:14:35,A,629
1112,13413,2025-05-16 22:01:50,A,879
1113,20055,2025-10-29 12:25:44,A,376
1114,38424,2023-04-24 20:58:13,A,23
1115,15060,2023-12-25 06:05:54,A,304
1116,12820,2024-01-18 11:49:54,A,1031
1117,32322,2026-03-19 01:15:19,A,967
1118,7156,2023-09-05 13:16:25,A,1042
1119,3757,2023-10-13 16:39:35,A,488
1120,12196,2025-12-11 04:04:12,A,1341
1121,19779,2023-08-28 22:04:29,A,826
1122,35763,2024-05-06 02:35:44,A,911
1123,23143,2024-10-21 06:25:46,A,200
1124,24749,2025-04-07 02:35:58,A,1348
1125,11867,2023-08-07 02:52:51,A,236
1126,15467,2023-10-23 00:01:09,A,775
1127,22264,2024-05-20 03:42:57,A,1418
1128,20164,2024-09-19 21:46:45,A,258
1129,27669,2026-02-14 19:59:58,A,973
1130,7129,2023-05-25 06:58:19,A,766
1131,19291,2024-04-10 17:37:58,A,972
1132,7748,2023-09-18 05:02:20,A,1401
1133,31493,2025-09-10 15:20:56,A,80
1134,34780,2023-09-21 14:54:24,A,1392
1135,22415,2025-12-01 02:26:59,A,734
1136,8464,2025-12-03 00:00:16,A,430
1137,22218,2023-03-06 07:31:36,A,905
1138,29955,2023-05-26 16:33:20,A,3
1139,19599,2024-11-25 22:23:43,A,1033
1140,12609,2024-01-21 16:07:47,A,198
1141,704,2023-03-31 11:28:29,A,113
1142,20665,2025-08-30 15:31:01,A,125
1143,34928,2025-10-12 13:36:26,A,335
1144,9561,2025-11-15 22:57:39,A,450
1145,32025,2024-06-28 23:48:41,A,1258
1146,10115,2023-05-11 13:42:50,A,1110
1147,32587,2023-06-29 15:42:03,A,521
1148,32462,2023-10-24 22:45:56,A,1053
1149,31019,2023-06-18 08:45:12,A,1380
1150,13531,2024-12-06 22:47:22,A,721
1151,7783,2025-01-22 05:18:10,A,890
1152,16881,2024-01-02 06:58:21,A,1430
1153,17500,2025-12-14 00:33:19,A,73
1154,13377,2024-01-19 18:40:02,A,175
1155,32790,2024-03-21 01:14:52,A,755
1156,19732,2024-08-16 10:09:39,A,764
1157,38929,2025-07-18 22:24:52,A,1175
1158,36696,2023-05-01 05:39:27,A,286
1159,32734,2023-07-15 09:30:25,A,630
1160,28846,2025-03-21 23:34:55,A,432
1161,7732,2023-08-10 12:35:32,A,1200
1162,3142,2024-06-06 15:52:45,A,319
1163,11621,2026-01-28 07:21:41,A,753
1164,39993,2024-01-24 02:56:04,A,8
1165,20443,2024-09-06 09:49:09,A,1149
1166,11402,2024-11-08 16:16:12,A,373
1167,37527,2023-08-11 02:15:37,A,656
1168,2718,2023-12-10 13:59:39,A,1292
1169,13465,2024-04-23 22:13:37,A,1403
1170,25168,2025-01-04 23:53:05,A,191
1171,7044,2023-07-04 20:18:07,A,141
1172,26211,2025-05-19 12:58:04,A,957
1173,5104,2025-05-22 23:31:42,A,221
1174,22662,2025-10-25 15:25:42,A,1164
1175,6601,2026-02-08 15:41:56,A,935
1176,39463,2023-06-13 15:00:40,A,366
1177,1368,2023-10-20 18:44:23,A,1045
1178,21888,2026-04-09 00:07:25,A,137
1179,21325,2024-05-19 10:10:55,A,119
1180,2317,2025-05-24 17:20:25,A,274
1181,2727,2023-03-02 07:52:38,A,106
1182,39266,2023-12-10 21:12:36,A,503
1183,4901,2024-02-19 00:56:37,A,361
1184,25936,2026-02-25 02:57:03,A,1082
1185,17598,2023-03-22 11:59:29,A,1182
1186,31480,2023-06-10 10:29:31,A,459
1187,2112,2024-07-13 03:05:40,A,913
1188,25251,2025-02-23 12:33:30,A,966
1189,12830,2025-07-19 13:24:11,A,720
1190,4531,2025-09-06 08:21:24,A,952
1191,8195,2023-11-03 18:51:21,A,446
1192,10863,2023-10-03 19:33:59,A,1398
1193,9,2024-10-24 02:21:35,A,765
1194,4733,2025-02-12 05:30:37,A,27
1195,3405,2025-08-27 00:19:28,A,1036
1196,4533,2023-03-13 17:10:57,A,948
1197,12085,2023-04-29 10:57:39,A,365
1198,28841,2024-01-09 19:09:49,A,928
1199,33515,2025-11-07 19:26:16,A,1401
1200,4815,2025-09-19 03:19:09,A,251
1201,20587,2025-04-22 06:36:47,A,1032
1202,22318,2025-05-23 11:58:30,A,1311
1203,9102,2026-02-03 07:15:38,A,556
1204,819,2023-12-07 08:01:42,A,1129
1205,4547,2024-09-05 05:10:57,A,783
1206,27325,2024-07-25 10:20:55,A,563
1207,30891,2025-01-27 18:28:00,A,3
1208,12679,2023-11-15 17:23:56,A,1246
1209,5898,2024-04-08 02:00:31,A,1165
1210,39871,2024-06-25 02:31:12,A,259
1211,1139,2024-08-06 14:07:16,A,939
1212,1230,2024-09-03 08:29:38,A,931
1213,9592,2024-10-24 08:33:59,A,871
1214,27636,2024-11-22 00:47:51,A,177
1215,12514,2025-05-30 03:35:04,A,535
1216,23654,2025-10-10 06:33:58,A,402
1217,15860,2025-11-14 15:48:47,A,80
1218,3021,2023-04-27 21:13:56,A,904
1219,22510,2023-11-17 06:42:13,A,41
1220,2803,2023-11-24 22:56:38,A,157
1221,487,2025-09-14 23:40:18,A,615
1222,19535,2023-05-19 10:28:08,A,335
1223,6653,2024-07-11 07:53:48,A,514
1224,2802,2024-12-14 06:10:12,A,1145
1225,3282,2026-01-28 13:50:20,A,641
1226,15266,2023-11-13 21:04:10,A,414
1227,31258,2023-12-26 14:33:12,A,425
1228,38226,2024-06-07 21:38:06,A,1370
1229,4798,2025-08-16 06:50:48,A,1066
1230,11244,2023-07-09 18:11:20,A,1095
1231,31024,2023-08-10 18:39:22,A,33
1232,5900,2024-05-15 11:38:11,A,514
1233,11060,2024-07-31 12:18:23,A,1194
1234,488,2024-10-13 19:29:21,A,521
1235,2741,2025-03-21 19:16:28,A,1335
1236,29167,2023-08-19 09:43:59,A,693
1237,4580,2026-04-07 18:28:38,A,1352
1238,3109,2024-05-20 07:57:12,A,1375
1239,35865,2024-10-22 00:02:45,A,1070
1240,17418,2024-11-19 06:23:16,A,1360
1241,4359,2025-10-23 08:37:31,A,579
1242,36523,2025-11-03 13:03:59,A,51
1243,2110,2024-01-09 12:41:42,A,182
1244,34040,2025-08-15 14:15:55,A,70
1245,30540,2025-01-25 09:48:23,A,1342
1246,16006,2025-06-03 10:15:08,A,680
1247,8844,2024-04-11 10:39:05,A,1009
1248,15391,2024-05-27 09:45:11,A,102
1249,10,2024-09-11 21:57:49,A,712
1250,37816,2024-08-22 20:51:07,A,235
1251,2720,2025-09-22 00:12:58,A,321
1252,2800,2023-02-17 07:32:55,A,812
1253,34062,2025-04-06 00:19:31,A,371
1254,4719,2023-12-30 23:35:49,A,441
1255,14801,2025-04-08 23:35:44,A,394
1256,10141,2026-01-29 05:44:36,A,420
1257,4587,2023-09-23 03:53:41,A,62
1258,4800,2023-05-12 17:53:47,A,540
1259,24992,2023-08-24 20:14:07,A,1318
1260,13,2023-10-30 22:05:57,A,1436
1261,21132,2024-01-04 13:30:28,A,199
1262,4812,2024-01-12 19:23:30,A,122
1263,34537,2024-02-26 10:29:10,A,316
1264,310,2024-08-24 08:17:30,A,1010
1265,29514,2024-12-18 22:16:37,A,231
1266,23074,2025-05-12 18:35:04,A,920
1267,777,2023-03-09 02:46:36,A,1446
1268,4906,2023-08-03 21:03:31,A,188
1269,2719,2024-12-08 00:35:55,A,891
1270,490,2023-12-28 17:05:15,A,35
1271,9125,2023-12-28 16:08:48,A,1420
1272,4725,2025-12-12 05:57:06,A,457
1273,22244,2026-02-26 06:41:48,A,935
1274,22696,2023-05-10 07:57:02,A,1496
1275,3005,2025-02-21 12:57:43,A,592
1276,8472,2025-11-14 22:23:35,A,1235
1277,17628,2023-05-24 21:36:24,A,613
1278,34068,2023-11-30 01:02:06,A,715
1279,2728,2023-12-06 06:00:14,A,1023
1280,30720,2024-07-20 11:21:17,A,428
1281,925,2025-08-05 22:44:12,A,705
1282,24774,2025-10-03 02:15:52,A,99
1283,4902,2023-08-16 07:25:14,A,1272
1284,5620,2024-03-22 06:33:42,A,850
1285,6754,2025-05-05 05:08:48,A,1131
1286,19598,2024-10-07 05:55:35,A,603
1287,19594,2025-11-19 02:28:27,A,65
1288,39720,2025-04-05 20:13:40,A,1302
1289,37501,2023-05-06 10:21:14,A,1361
1290,2725,2023-09-09 23:33:20,A,1291
1291,2740,2023-12-04 19:57:10,A,57
1292,812,2023-11-14 01:55:24,A,188
1293,9024,2023-11-28 21:36:14,A,934
1294,35563,2024-08-16 13:45:19,A,620
1295,17841,2024-07-29 09:27:49,A,1180
1296,24712,2024-10-14 09:42:16,A,92
1297,5140,2025-02-07 14:09:45,A,1004
1298,34221,2025-05-11 11:03:18,A,43
1299,1651,2026-02-05 01:46:11,A,328
1300,731,2026-03-14 09:57:03,A,631
1301,29645,2025-02-22 05:01:56,A,1222
1302,6158,2023-11-30 23:50:49,A,162
1303,14679,2024-02-18 02:10:01,A,833
1304,19562,2024-07-28 15:02:27,A,1138
1305,38306,2024-12-08 17:29:08,A,539
1306,25131,2024-08-15 07:32:45,A,1229
1307,31460,2025-03-18 20:04:52,A,841
1308,37733,2024-08-03 10:49:42,A,560
1309,10513,2024-10-12 04:20:34,A,323
1310,4844,2024-11-26 10:08:28,A,462
1311,16735,2025-03-09 10:31:03,A,355
1312,11759,2025-09-02 14:46:43,A,448
1313,3400,2025-10-09 00:46:25,A,630
1314,7415,2023-04-06 19:47:44,A,1114
1315,32278,2024-11-02 20:29:55,A,798
1316,35181,2025-05-09 14:31:23,A,938
1317,29930,2025-10-04 11:36:24,A,806
1318,21450,2025-11-04 02:28:59,A,285
1319,39467,2023-05-29 06:54:21,A,738
1320,15530,2024-03-20 02:59:50,A,144
1321,32047,2024-05-11 01:50:25,A,1369
1322,23404,2024-06-17 20:50:38,A,664
1323,34808,2025-10-27 06:18:45,A,446
1324,16367,2024-04-24 20:21:10,A,808
1325,35448,2024-09-15 11:13:29,A,1413
1326,2353,2024-08-05 18:49:25,A,1354
1327,309,2026-01-03 14:16:50,A,913
1328,21931,2023-09-20 04:37:08,A,750
1329,33622,2025-03-28 17:44:15,A,270
1330,3698,2024-04-03 03:55:04,A,387
1331,26378,2024-05-02 09:27:58,A,1364
1332,14057,2024-09-11 20:08:14,A,732
1333,18179,2025-01-06 15:51:15,A,1380
1334,22911,2025-01-23 22:28:27,A,1410
1335,20978,2023-06-08 09:49:33,A,701
1336,9679,2023-07-08 15:44:47,A,1045
1337,24458,2024-02-01 00:25:23,A,675
1338,34841,2024-03-21 01:13:52,A,1189
1339,11572,2025-01-01 07:36:53,A,982
1340,15892,2025-06-14 22:04:34,A,1321
1341,27661,2024-02-19 06:04:38,A,495
1342,31192,2025-01-23 23:06:01,A,978
1343,11854,2025-03-11 22:09:11,A,118
1344,9019,2024-02-18 22:28:27,A,362
1345,29968,2024-08-25 19:22:10,A,698
1346,33318,2023-12-27 08:47:56,A,1479
1347,32832,2025-05-02 04:40:41,A,903
1348,21153,2023-03-22 08:55:15,A,269
1349,37761,2025-01-14 01:07:27,A,758
1350,16050,2025-09-16 19:03:39,A,1286
1351,16582,2026-01-27 19:11:24,A,455
1352,32550,2026-01-27 21:41:42,A,1448
1353,21809,2025-01-24 01:13:26,A,620
1354,33918,2025-11-28 07:59:43,A,572
1355,4847,2024-01-18 10:19:08,A,692
1356,25396,2024-12-17 20:18:12,A,528
1357,4841,2025-03-22 21:15:17,A,1074
1358,19825,2023-07-22 04:20:56,A,1032
1359,31020,2024-08-08 09:18:31,A,463
1360,15213,2023-09-18 09:00:37,A,253
1361,19320,2025-04-13 01:37:03,A,466
1362,17581,2025-05-08 01:33:57,A,1163
1363,21429,2024-06-04 15:41:47,A,1146
1364,39809,2023-11-29 17:17:57,A,1040
1365,36634,2024-12-15 18:31:27,A,1337
1366,29674,2023-04-04 01:45:39,A,1432
1367,5831,2023-05-04 21:43:24,A,211
1368,23273,2024-01-06 09:48:25,A,1381
1369,17829,2024-04-28 17:47:05,A,1429
1370,17593,2025-09-29 03:06:32,A,1212
1371,8619,2024-05-04 08:26:42,A,588
1372,2494,2025-06-08 12:42:19,A,681
1373,8640,2024-04-29 04:39:14,A,1010
1374,32353,2024-04-05 07:15:23,A,1193
1375,39189,2025-02-16 20:29:47,A,772
1376,17836,2025-04-19 09:07:14,A,634
1377,31902,2025-08-12 23:47:44,A,915
1378,13173,2024-01-16 19:43:02,A,35
1379,31441,2023-10-24 19:05:07,A,695
1380,22116,2024-07-31 12:10:03,A,1136
1381,16813,2025-10-02 08:09:01,A,80
1382,7922,2023-08-04 09:56:03,A,1181
1383,39901,2023-12-09 08:49:55,A,846
1384,27251,2025-05-12 05:15:20,A,1361
1385,21442,2026-01-19 07:54:02,A,1157
1386,28251,2026-01-28 01:06:45,A,856
1387,10333,2023-12-28 08:17:24,A,899
1388,32966,2024-06-11 06:37:01,A,1443
1389,11724,2025-06-03 18:04:04,A,705
1390,12868,2023-05-08 15:07:58,A,169
1391,13200,2024-07-17 11:55:26,A,1317
1392,33176,2024-06-03 14:48:31,A,1359
1393,10385,2024-11-30 15:53:22,A,1171
1394,13864,2025-07-18 05:06:39,A,1090
1395,9164,2025-06-10 21:56:53,A,544
1396,11669,2023-07-06 07:55:33,A,476
1397,11089,2024-07-26 14:24:19,A,102
1398,34443,2025-01-01 01:53:44,A,636
1399,36470,2025-05-22 23:30:08,A,1130
1400,7244,2025-12-09 04:11:12,A,1079
1401,34638,2023-11-03 20:52:16,A,1332
1402,22269,2024-04-08 22:01:20,A,808
1403,1578,2024-07-10 04:46:36,A,656
1404,15179,2024-07-27 23:10:27,A,292
1405,6752,2025-08-27 05:33:00,A,1229
1406,14403,2025-11-09 15:10:21,A,129
1407,19161,2024-01-28 17:12:14,A,1122
1408,33408,2023-08-26 11:47:42,A,929
1409,12670,2024-12-15 03:27:04,A,192
1410,825,2023-10-11 03:00:30,A,1314
1411,32492,2025-08-03 09:06:36,A,77
1412,13982,2025-11-06 16:40:39,A,1256
1413,7262,2026-03-16 12:32:14,A,101
1414,7969,2023-07-17 08:12:33,A,1456
1415,10222,2023-10-24 11:36:13,A,406
1416,19690,2025-03-27 21:04:36,A,74
1417,15940,2025-06-13 17:55:09,A,127
1418,19001,2024-09-13 05:19:25,A,887
1419,22270,2025-07-18 17:36:47,A,690
1420,2410,2023-03-25 06:06:30,A,734
1421,2769,2024-09-01 17:24:47,A,1387
1422,36844,2025-08-06 02:37:49,A,880
1423,10972,2025-11-12 20:06:12,A,108
1424,24390,2023-10-25 08:21:35,A,314
1425,307,2024-06-26 03:27:11,A,258
1426,20753,2024-10-14 23:24:33,A,75
1427,32594,2024-12-26 08:28:29,A,1307
1428,24662,2025-02-05 13:14:07,A,1402
1429,34007,2025-08-19 22:54:35,A,1298
1430,4680,2025-10-21 01:58:16,A,225
1431,13810,2024-10-08 01:10:18,A,455
1432,27829,2025-04-12 02:42:24,A,1165
1433,14251,2026-03-04 07:43:03,A,1499
1434,8148,2024-04-01 17:03:19,A,941
1435,9180,2025-09-23 05:12:49,A,560
1436,36251,2023-10-24 13:36:38,A,206
1437,12325,2024-12-17 05:52:41,A,870
1438,19176,2025-10-18 12:28:02,A,1336
1439,33477,2025-12-31 02:13:18,A,1441
1440,18019,2025-12-06 13:26:14,A,827
1441,39106,2024-04-07 14:25:39,A,969
1442,27618,2024-12-25 02:45:25,A,273
1443,20262,2023-10-05 23:51:46,A,759
1444,4846,2024-04-05 06:29:32,A,1442
1445,5690,2024-07-10 13:34:29,A,1191
1446,28924,2024-07-28 17:09:52,A,1342
1447,20416,2024-12-20 11:57:56,A,35
1448,17462,2025-06-07 16:00:46,A,264
1449,34888,2025-12-22 23:42:18,A,956
1450,35127,2023-04-24 09:12:15,A,679
1451,13366,2025-04-10 17:28:49,A,413
1452,37943,2023-05-31 16:23:22,A,374
1453,13356,2023-09-03 13:01:09,A,246
1454,3438,2025-09-27 15:11:17,A,591
1455,38064,2025-12-05 17:40:08,A,496
1456,32643,2025-05-07 22:43:23,A,1201
1457,12689,2024-08-21 20:42:06,A,298
1458,28098,2025-12-30 20:28:00,A,71
1459,322,2024-12-31 23:04:42,A,1441
1460,9205,2025-07-17 20:25:26,A,1387
1461,28587,2026-03-08 15:35:43,A,1140
1462,30217,2023-10-09 11:53:22,A,1275
1463,2417,2025-06-21 05:56:32,A,972
1464,37647,2023-08-17 14:38:33,A,1061
1465,32237,2023-05-31 17:21:51,A,104
1466,2416,2024-04-17 05:54:20,A,1256
1467,9409,2024-08-07 17:54:57,A,103
1468,13553,2025-10-13 19:53:08,A,290
1469,21329,2025-05-09 20:07:41,A,384
1470,14343,2023-12-07 03:40:00,A,861
1471,9037,2025-11-20 16:31:39,A,582
1472,35805,2023-10-24 20:25:55,A,677
1473,9736,2025-03-13 07:19:17,A,592
1474,2892,2023-11-28 20:46:23,A,524
1475,28532,2023-12-05 15:18:42,A,982
1476,29847,2024-08-16 06:26:54,A,285
1477,335,2025-01-16 17:38:50,A,352
1478,30416,2023-06-01 02:50:28,A,383
1479,9742,2023-09-28 07:23:15,A,1376
1480,15476,2024-05-18 15:29:22,A,647
1481,28194,2024-12-21 01:43:16,A,1493
1482,9368,2024-02-09 02:45:00,A,627
1483,39339,2024-08-31 16:50:05,A,1426
1484,23386,2024-12-29 04:50:42,A,250
1485,29218,2023-12-15 00:00:06,A,621
1486,32725,2024-03-07 11:26:33,A,660
1487,35842,2024-05-01 11:01:07,A,373
1488,33972,2026-02-28 03:59:49,A,1106
1489,13364,2024-07-11 02:01:44,A,720
1490,14388,2024-02-03 16:02:00,A,1283
1491,13145,2024-10-01 11:17:25,A,545
1492,20480,2025-08-24 00:53:01,A,617
1493,7107,2023-04-06 18:03:35,A,920
1494,24242,2025-06-14 09:24:09,A,80
1495,10996,2023-08-31 15:35:00,A,1452
1496,9464,2023-12-27 01:16:06,A,625
1497,38924,2024-08-02 06:39:21,A,137
1498,37826,2024-09-24 05:56:49,A,543
1499,37067,2025-12-23 08:21:23,A,564
1500,36023,2023-07-06 07:00:49,A,891
1501,6984,2024-07-05 21:41:54,A,227
1502,35345,2025-03-18 16:01:00,A,1382
1503,34784,2025-12-29 01:27:33,A,1483
1504,39828,2024-09-20 12:47:34,A,233
1505,822,2025-10-30 05:59:38,A,751
1506,21235,2026-01-30 22:27:31,A,1358
1507,33699,2024-11-16 11:56:45,A,130
1508,9563,2025-08-22 03:07:36,A,930
1509,3040,2023-04-03 11:53:07,A,552
1510,34191,2023-09-11 04:37:17,A,387
1511,26546,2023-06-20 00:55:06,A,1432
1512,24464,2024-08-09 04:59:42,A,79
1513,13974,2023-02-14 19:02:37,A,601
1514,19201,2024-06-08 13:09:39,A,1200
1515,25951,2023-08-08 05:14:11,A,368
1516,27004,2023-10-25 15:04:48,A,882
1517,31353,2025-10-22 07:35:26,A,1236
1518,3690,2024-08-06 03:33:21,A,1185
1519,29112,2024-12-20 22:46:05,A,941
1520,25440,2024-09-17 15:32:04,A,1373
1521,10415,2024-10-18 15:01:33,A,68
1522,17056,2024-10-21 00:07:51,A,708
1523,21903,2025-04-25 18:41:18,A,93
1524,6155,2023-10-04 17:40:02,A,414
1525,17633,2023-10-23 11:51:23,A,604
1526,31767,2023-06-08 11:02:52,A,336
1527,28816,2025-01-18 18:55:16,A,1278
1528,8143,2025-07-25 23:41:34,A,1442
1529,22943,2026-02-02 20:57:08,A,446
1530,5205,2023-11-05 20:46:45,A,1058
1531,8629,2025-05-22 10:45:54,A,276
1532,32119,2025-03-05 05:38:44,A,565
1533,26709,2024-09-13 22:14:17,A,538
1534,16900,2026-01-10 14:59:54,A,1069
1535,3689,2024-06-02 20:48:20,A,994
1536,22228,2024-04-23 08:12:10,A,987
1537,7985,2025-01-19 03:46:02,A,1023
1538,32735,2025-02-26 07:53:14,A,155
1539,35893,2025-10-31 14:58:22,A,1464
1540,27550,2025-09-19 02:30:54,A,338
1541,23925,2023-05-20 12:53:51,A,1383
1542,29973,2025-01-20 21:11:08,A,472
1543,17250,2025-06-03 15:55:46,A,812
1544,30295,2023-02-04 00:56:56,A,158
1545,18821,2024-04-27 16:05:37,A,961
1546,1345,2025-01-08 21:26:07,A,1159
1547,6353,2025-05-26 19:53:11,A,942
1548,18996,2024-04-29 10:39:02,A,967
1549,14427,2025-07-12 10:39:00,A,886
1550,36590,2023-05-06 14:32:13,A,938
1551,35110,2024-06-11 03:54:02,A,209
1552,25867,2026-03-11 13:36:23,A,313
1553,15140,2023-05-11 14:24:42,A,1052
1554,21053,2025-01-20 02:54:39,A,1060
1555,29787,2025-07-24 17:38:31,A,309
1556,20049,2023-05-18 17:34:42,A,1235
1557,31294,2025-10-23 00:42:08,A,425
1558,32284,2023-12-06 01:26:07,A,793
1559,9758,2025-09-29 06:11:46,A,19
1560,30021,2023-04-11 23:04:46,A,1338
1561,10916,2024-03-15 16:16:31,A,337
1562,11390,2024-05-16 05:48:29,A,1063
1563,14520,2024-11-10 22:23:56,A,364
1564,4839,2023-05-16 10:40:26,A,404
1565,31954,2024-02-11 12:13:34,A,622
1566,39045,2025-06-28 00:03:07,A,72
1567,16000,2025-10-01 18:48:19,A,7
1568,12368,2024-04-19 09:52:13,A,584
1569,35070,2024-04-20 14:04:24,A,1498
1570,22203,2026-02-12 20:12:08,A,359
1571,18729,2025-01-07 04:48:50,A,46
1572,29689,2025-04-01 01:39:34,A,346
1573,36460,2025-12-28 05:54:33,A,959
1574,11616,2024-06-25 05:26:57,A,1445
1575,37928,2023-08-23 17:45:35,A,74
1576,30145,2023-09-18 15:22:43,A,1341
1577,38746,2024-07-09 06:38:01,A,213
1578,21434,2024-10-05 00:35:30,A,326
1579,36653,2026-02-13 23:49:42,A,1360
1580,15334,2023-05-02 15:06:44,A,4
1581,22749,2023-09-02 08:28:16,A,1435
1582,21572,2024-05-17 00:37:34,A,3
1583,25277,2025-02-03 12:16:30,A,759
1584,26735,2023-06-08 22:05:01,A,55
1585,36375,2023-08-06 00:05:34,A,895
1586,24877,2024-03-11 12:01:43,A,1346
1587,37365,2023-08-09 09:46:16,A,342
1588,9159,2023-11-03 10:25:20,A,718
1589,8036,2023-11-04 10:00:43,A,1384
1590,26664,2024-08-24 18:45:08,A,713
1591,22674,2025-02-25 18:58:12,A,695
1592,23050,2025-04-21 14:18:46,A,1246
1593,10594,2025-07-04 22:03:51,A,1377
1594,36940,2024-01-06 08:29:25,A,1164
1595,25779,2024-02-26 22:56:49,A,1314
1596,15209,2026-02-07 06:57:10,A,1061
1597,22359,2023-05-25 14:26:33,A,1061
1598,37382,2024-03-12 04:55:11,A,627
1599,26885,2024-03-08 06:27:07,A,832
1600,22403,2024-03-09 15:35:54,A,1070
1601,28533,2024-05-22 15:24:00,A,1406
1602,23318,2025-04-27 18:58:31,A,498
1603,38804,2023-09-27 17:10:54,A,452
1604,12783,2023-08-08 10:52:50,A,1027
1605,37319,2024-07-30 04:13:59,A,580
1606,30632,2025-09-10 17:23:45,A,1266
1607,7214,2023-05-07 15:05:30,A,1454
1608,14306,2023-06-09 18:40:29,A,685
1609,39127,2024-06-02 05:25:40,A,148
1610,5626,2024-06-27 01:10:03,A,1448
1611,18511,2025-12-13 23:07:41,A,754
1612,14702,2026-04-15 08:41:25,A,430
1613,14649,2023-07-31 01:24:01,A,1077
1614,3360,2024-05-21 13:39:02,A,1293
1615,7307,2024-12-16 18:37:46,A,479
1616,1792,2023-05-17 01:11:22,A,1130
1617,1292,2023-06-26 19:54:17,A,1106
1618,4682,2025-10-14 06:03:45,A,1136
1619,39742,2025-09-20 06:58:07,A,431
1620,11699,2025-09-13 23:53:24,A,1041
1621,1647,2025-10-26 03:21:48,A,783
1622,36609,2024-03-23 05:56:23,A,1444
1623,14163,2024-12-29 19:44:17,A,1429
1624,30897,2025-03-29 08:03:15,A,955
1625,30472,2024-06-24 10:33:20,A,511
1626,14914,2025-05-28 12:23:23,A,1391
1627,37133,2025-09-20 12:26:56,A,205
1628,15256,2025-02-07 12:07:05,A,519
1629,16494,2026-04-03 00:15:23,A,1489
1630,724,2023-02-19 03:53:22,A,1388
1631,5075,2024-04-14 03:42:50,A,897
1632,12549,2024-08-24 21:51:22,A,724
1633,19098,2024-11-18 13:09:59,A,72
1634,11401,2026-01-30 00:31:48,A,42
1635,32767,2023-12-20 07:17:26,A,1385
1636,25577,2025-10-27 12:29:33,A,456
1637,31341,2024-10-21 17:25:38,A,1399
1638,15145,2023-10-30 22:21:17,A,1130
1639,5779,2023-12-25 09:00:13,A,367
1640,29985,2023-11-28 20:07:02,A,1490
1641,1916,2024-02-06 03:36:35,A,1328
1642,19539,2025-05-08 19:21:23,A,1394
1643,34000,2025-11-07 07:49:38,A,1095
1644,13662,2024-08-20 03:36:01,A,363
1645,334,2025-12-09 20:27:26,A,931
1646,6304,2023-07-11 20:10:38,A,423
1647,31540,2024-09-24 02:13:07,A,952
1648,16785,2024-12-08 03:52:16,A,237
1649,11737,2025-04-01 17:25:18,A,583
1650,16847,2023-07-09 15:04:07,A,649
1651,16862,2023-09-21 00:15:26,A,1070
1652,5509,2024-04-04 10:03:35,A,1236
1653,7893,2024-11-28 21:35:11,A,448
1654,22615,2025-01-18 02:46:35,A,648
1655,23515,2023-11-04 16:45:09,A,1410
1656,8394,2025-09-21 01:28:57,A,1130
1657,39646,2026-02-26 12:54:00,A,473
1658,29592,2023-08-01 08:31:42,A,1234
1659,18330,2023-09-06 13:03:15,A,399
1660,37158,2024-02-10 14:49:04,A,179
1661,35840,2024-07-13 08:27:20,A,344
1662,13168,2024-10-30 10:15:11,A,1120
1663,37335,2023-08-15 21:10:06,A,989
1664,34651,2024-05-17 21:18:25,A,1275
1665,32600,2023-06-04 04:02:07,A,1112
1666,39184,2023-08-17 08:19:15,A,1286
1667,23237,2024-03-14 02:41:47,A,266
1668,5198,2024-05-16 22:22:34,A,164
1669,7503,2025-07-14 06:41:37,A,769
1670,16624,2023-08-14 09:28:14,A,186
1671,30475,2024-06-08 14:31:06,A,596
1672,36287,2024-06-22 17:21:24,A,1314
1673,34264,2025-04-25 13:14:40,A,898
1674,33652,2023-05-05 03:59:30,A,47
1675,37592,2024-01-07 16:44:54,A,543
1676,38219,2025-01-08 22:05:03,A,386
1677,31182,2025-03-17 07:19:09,A,705
1678,19977,2026-01-25 22:33:38,A,210
1679,17786,2024-10-19 10:40:49,A,24
1680,18086,2023-09-26 17:26:59,A,1426
1681,18351,2024-05-08 00:22:29,A,270
1682,30083,2024-02-14 17:08:37,A,907
1683,21340,2024-08-01 12:01:21,A,862
1684,30096,2023-12-15 04:09:09,A,685
1685,23350,2024-04-10 17:15:37,A,1182
1686,34511,2024-08-08 09:39:26,A,488
1687,31149,2024-11-12 17:57:14,A,1440
1688,3696,2024-10-27 13:11:35,A,828
1689,18129,2025-11-22 19:35:10,A,372
1690,21744,2023-07-04 11:18:55,A,86
1691,10502,2024-02-01 05:31:34,A,291
1692,21637,2024-02-07 21:20:26,A,1402
1693,23600,2023-12-21 05:16:05,A,1460
1694,28096,2025-08-27 08:41:48,A,968
1695,7022,2024-04-19 21:56:41,A,332
1696,23773,2024-10-13 00:16:39,A,1098
1697,33136,2025-08-06 16:52:43,A,941
1698,18917,2025-08-29 11:50:57,A,1336
1699,14847,2025-09-14 21:26:55,A,319
1700,29378,2023-11-25 03:09:49,A,527
1701,3819,2023-04-24 01:20:25,A,1383
1702,18051,2023-10-23 06:39:27,A,1197
1703,30656,2024-08-22 09:45:21,A,84
1704,16156,2024-10-09 11:55:06,A,344
1705,31410,2024-09-27 00:12:13,A,1194
1706,37502,2025-04-13 09:44:15,A,669
1707,38988,2025-11-03 13:06:53,A,200
1708,2510,2024-03-28 13:04:06,A,246
1709,20696,2024-10-23 16:59:59,A,963
1710,666,2025-06-09 21:27:23,A,470
1711,22604,2025-10-08 15:46:23,A,894
1712,20814,2023-03-09 17:57:23,A,589
1713,843,2023-05-24 22:45:22,A,557
1714,6716,2024-12-20 19:24:46,A,700
1715,30516,2025-09-01 20:12:02,A,260
1716,19712,2026-01-12 11:41:54,A,1310
1717,846,2026-03-04 06:43:37,A,491
1718,24975,2024-04-12 12:35:14,A,891
1719,3214,2024-12-01 21:23:57,A,1444
1720,20185,2024-10-24 20:09:04,A,487
1721,22874,2024-12-15 03:42:19,A,970
1722,13108,2025-04-26 00:10:44,A,1111
1723,721,2025-06-23 01:28:59,A,1342
1724,25183,2026-01-17 16:13:37,A,674
1725,11287,2023-08-18 21:26:49,A,1119
1726,5349,2023-08-06 08:09:12,A,895
1727,1296,2024-06-18 11:53:08,A,1389
1728,27065,2024-07-29 02:27:21,A,83
1729,5791,2025-01-10 08:59:21,A,570
1730,31522,2025-11-14 00:53:48,A,529
1731,13693,2024-08-16 09:42:27,A,1495
1732,5395,2023-12-26 09:01:03,A,611
1733,1733,2024-01-02 21:20:20,A,159
1734,33869,2024-06-08 16:48:24,A,1254
1735,39977,2025-10-25 18:12:34,A,1499
1736,8794,2024-08-22 09:52:50,A,963
1737,32165,2024-09-06 10:35:21,A,1082
1738,11833,2025-06-27 23:40:30,A,505
1739,25114,2025-12-04 23:03:39,A,482
1740,31229,2023-05-14 01:50:56,A,1137
1741,24714,2023-12-20 04:48:59,A,982
1742,9559,2024-02-14 19:09:53,A,1382
1743,2021,2024-10-12 10:09:57,A,704
1744,2235,2023-04-07 13:19:25,A,979
1745,39206,2025-12-02 17:09:00,A,359
1746,5532,2026-01-26 21:23:16,A,570
1747,4333,2023-06-20 19:25:22,A,142
1748,21385,2024-10-27 11:13:00,A,184
1749,586,2024-12-05 18:26:56,A,832
1750,2564,2024-12-25 11:00:47,A,106
1751,37461,2026-02-07 23:14:32,A,137
1752,37457,2023-07-01 07:41:00,A,415
1753,32474,2024-02-03 03:16:36,A,770
1754,9803,2024-08-04 22:55:05,A,1238
1755,28258,2024-11-20 07:27:01,A,1357
1756,24090,2025-03-03 08:01:42,A,162
1757,10956,2025-08-14 04:44:15,A,443
1758,29895,2023-05-29 12:54:12,A,444
1759,2506,2023-09-20 18:03:59,A,824
1760,1875,2025-12-22 04:06:05,A,669
1761,26283,2023-11-13 05:37:25,A,1016
1762,2322,2024-03-09 17:51:41,A,277
1763,33677,2025-06-30 13:02:50,A,675
1764,157,2023-05-02 20:40:59,A,1426
1765,39766,2023-06-30 19:38:54,A,51
1766,37434,2023-10-07 16:46:02,A,633
1767,32667,2024-12-04 22:10:19,A,816
1768,20449,2023-02-07 12:06:13,A,1375
1769,22623,2023-07-30 09:58:33,A,147
1770,7048,2023-09-27 07:53:03,A,46
1771,29072,2025-01-30 04:12:25,A,53
1772,2117,2025-04-20 08:44:43,A,500
1773,589,2023-05-20 16:19:27,A,446
1774,29257,2023-12-18 19:03:32,A,1232
1775,22117,2025-02-02 20:42:53,A,734
1776,6778,2025-08-21 19:19:55,A,513
1777,14671,2023-10-27 15:24:23,A,388
1778,22557,2025-04-20 20:18:18,A,1470
1779,5624,2025-10-01 02:02:28,A,345
1780,39242,2025-09-29 03:43:45,A,328
1781,32270,2023-09-25 23:43:21,A,931
1782,1452,2023-08-21 14:10:50,A,1048
1783,26128,2024-10-19 02:23:52,A,1186
1784,23525,2023-03-20 21:31:23,A,212
1785,5277,2023-05-27 19:22:46,A,489
1786,33324,2023-12-14 01:01:35,A,225
1787,14026,2025-03-20 19:29:30,A,800
1788,21570,2023-11-21 20:21:07,A,375
1789,14356,2025-03-21 14:29:31,A,515
1790,437,2025-04-15 17:51:05,A,551
1791,38038,2025-12-12 14:03:47,A,383
1792,4967,2023-12-12 03:42:46,A,500
1793,23980,2025-04-23 10:59:43,A,531
1794,34777,2024-10-28 16:23:46,A,1219
1795,6242,2023-06-09 09:15:59,A,949
1796,17654,2024-02-14 00:20:06,A,1497
1797,35773,2024-07-31 07:40:44,A,484
1798,566,2025-06-06 20:02:10,A,494
1799,1579,2025-11-20 13:04:37,A,850
1800,17753,2023-11-27 01:30:08,A,1033
1801,7265,2026-02-12 07:28:10,A,1335
1802,27652,2023-03-22 15:34:55,A,1318
1803,29243,2023-10-28 08:43:39,A,659
1804,1062,2025-01-02 01:40:02,A,429
1805,5840,2023-12-11 05:05:40,A,879
1806,33548,2023-12-19 14:52:59,A,272
1807,6685,2023-06-18 23:16:27,A,849
1808,30865,2023-07-17 08:45:34,A,733
1809,31562,2024-01-23 12:35:56,A,534
1810,243,2024-01-10 05:32:05,A,556
1811,10762,2024-04-15 20:11:00,A,690
1812,20477,2024-07-13 13:00:05,A,1198
1813,25617,2025-06-24 01:33:47,A,192
1814,4714,2025-05-09 17:41:27,A,1494
1815,33948,2026-02-28 20:03:20,A,1145
1816,12314,2024-04-01 00:18:18,A,1218
1817,2370,2023-12-29 17:54:23,A,555
1818,5725,2024-08-19 08:17:42,A,23
1819,27860,2023-07-26 09:19:09,A,200
1820,1299,2024-07-26 21:10:53,A,138
1821,1302,2024-07-19 11:24:58,A,326
1822,9371,2024-09-05 12:11:46,A,1156
1823,29869,2023-02-25 14:34:27,A,682
1824,34875,2023-05-04 09:59:12,A,971
1825,17378,2024-09-07 23:39:16,A,774
1826,5486,2025-02-23 12:37:18,A,335
1827,3768,2026-01-29 11:55:47,A,450
1828,24768,2025-06-11 01:29:09,A,1009
1829,25530,2023-02-06 05:05:20,A,722
1830,8150,2023-05-11 01:00:58,A,762
1831,7979,2023-11-13 06:11:30,A,907
1832,27632,2024-03-15 09:01:59,A,20
1833,19849,2025-08-08 12:02:31,A,1279
1834,28641,2023-08-06 02:28:49,A,336
1835,4716,2023-11-16 01:59:44,A,1397
1836,29102,2024-10-06 06:18:33,A,1100
1837,18181,2025-07-25 02:06:07,A,1143
1838,33448,2025-11-08 08:24:08,A,1301
1839,30160,2024-05-02 21:16:03,A,1209
1840,2572,2023-09-10 16:57:47,A,1473
1841,31027,2026-01-20 22:38:54,A,519
1842,11237,2023-12-06 17:25:58,A,872
1843,10099,2026-01-15 11:29:30,A,405
1844,32639,2026-04-08 08:17:53,A,1409
1845,25767,2023-08-17 06:24:17,A,827
1846,9118,2023-10-03 19:55:26,A,287
1847,21086,2024-04-09 12:21:03,A,1252
1848,20401,2024-05-17 11:26:08,A,448
1849,9362,2023-07-29 06:27:48,A,1241
1850,18905,2023-11-03 08:56:05,A,467
1851,25902,2025-11-04 20:41:55,A,283
1852,39436,2025-08-03 11:14:06,A,743
1853,22533,2023-08-08 00:55:37,A,1282
1854,2508,2024-04-10 18:14:24,A,1232
1855,26618,2024-12-07 02:08:14,A,1211
1856,14729,2026-02-07 15:40:07,A,153
1857,1734,2023-04-17 12:42:37,A,1197
1858,55,2024-02-04 21:28:27,A,364
1859,36618,2024-11-23 12:51:13,A,762
1860,29934,2025-04-14 16:06:01,A,228
1861,2568,2025-09-13 06:54:44,A,243
1862,38246,2026-01-30 16:45:25,A,1194
1863,4132,2023-09-02 00:20:30,A,23
1864,31073,2024-04-27 07:18:47,A,1276
1865,5800,2024-05-25 01:18:11,A,36
1866,2561,2024-12-02 22:14:11,A,453
1867,3140,2026-03-12 16:43:31,A,289
1868,10611,2023-07-18 19:48:35,A,1104
1869,10809,2023-07-27 01:27:22,A,257
1870,5017,2025-01-10 13:46:32,A,1397
1871,10890,2025-05-07 04:25:43,A,833
1872,11870,2025-11-07 17:21:46,A,894
1873,2232,2024-01-06 16:00:46,A,431
1874,15673,2024-02-21 00:38:35,A,462
1875,15602,2025-07-03 21:33:05,A,615
1876,30916,2025-09-17 09:59:29,A,1372
1877,33201,2025-10-07 18:02:34,A,741
1878,16880,2024-01-06 15:25:01,A,6
1879,10608,2024-01-13 00:43:03,A,989
1880,5723,2025-09-28 00:10:24,A,277
1881,2798,2026-02-07 01:13:46,A,1279
1882,6147,2024-08-29 23:55:20,A,69
1883,14835,2025-05-07 21:55:36,A,1018
1884,14733,2025-12-09 09:09:48,A,52
1885,33446,2024-07-30 04:47:32,A,202
1886,34666,2025-02-15 06:31:59,A,446
1887,1333,2023-11-20 02:52:43,A,1290
1888,1318,2024-12-28 11:27:34,A,319
1889,37227,2025-01-22 18:07:59,A,117
1890,23184,2025-02-04 10:34:06,A,332
1891,18366,2024-05-25 11:19:04,A,859
1892,16094,2024-08-31 13:39:47,A,24
1893,29881,2024-02-26 05:05:09,A,448
1894,19169,2024-04-05 20:11:20,A,1073
1895,612,2024-11-17 09:22:49,A,683
1896,24216,2025-05-17 11:45:39,A,1063
1897,36409,2025-04-10 04:04:11,A,717
1898,1601,2025-07-24 15:42:35,A,1304
1899,17379,2024-09-06 23:35:32,A,867
1900,10583,2025-09-02 15:16:35,A,1454
1901,21624,2025-10-14 18:57:59,A,1453
1902,10187,2023-07-20 21:26:44,A,1280
1903,11349,2023-02-09 01:08:09,A,430
1904,19462,2024-03-25 01:52:26,A,205
1905,10627,2023-06-11 17:47:02,A,691
1906,34917,2023-11-21 11:19:32,A,368
1907,19268,2024-02-11 20:10:53,A,54
1908,38785,2024-05-23 20:13:39,A,1093
1909,24362,2025-07-27 20:35:21,A,169
1910,17262,2023-10-25 22:35:34,A,505
1911,34786,2024-10-16 20:34:49,A,8
1912,36011,2026-01-16 10:48:01,A,113
1913,37471,2023-06-14 19:42:25,A,1340
1914,12381,2024-03-21 02:37:49,A,689
1915,21519,2024-12-01 18:39:11,A,867
1916,7861,2025-11-04 02:01:39,A,31
1917,18940,2026-01-17 14:14:36,A,1428
1918,14861,2024-11-20 13:27:11,A,1287
1919,39941,2025-06-10 11:02:22,A,1002
1920,976,2025-11-15 19:49:53,A,17
1921,33302,2025-01-01 12:13:54,A,245
1922,8732,2025-04-04 02:45:47,A,1489
1923,37556,2023-07-27 09:05:11,A,1189
1924,18679,2024-06-11 17:51:20,A,554
1925,25511,2024-11-29 22:38:05,A,43
1926,3375,2026-01-27 13:29:37,A,91
1927,25320,2025-01-20 05:50:48,A,39
1928,30619,2025-09-20 11:05:15,A,1173
1929,25541,2023-05-11 17:31:59,A,1393
1930,21695,2025-01-25 11:10:55,A,488
1931,10628,2025-02-20 22:21:23,A,767
1932,35934,2025-03-13 01:40:51,A,496
1933,15087,2025-12-03 02:31:05,A,1008
1934,29620,2025-10-08 10:02:07,A,1171
1935,24624,2023-10-22 13:55:05,A,67
1936,7023,2025-08-13 01:39:06,A,1127
1937,14477,2023-05-31 20:07:27,A,704
1938,26614,2024-07-20 22:42:51,A,507
1939,39171,2025-10-10 17:55:39,A,1349
1940,28105,2026-04-06 13:25:33,A,1110
1941,11652,2023-04-25 01:54:12,A,1021
1942,15337,2023-08-28 23:24:59,A,77
1943,5999,2025-06-08 08:25:30,A,253
1944,1605,2025-10-22 06:54:33,A,658
1945,25321,2023-06-13 15:11:32,A,1381
1946,5110,2024-01-11 03:45:21,A,1089
1947,5308,2023-10-03 11:22:00,A,1484
1948,14826,2024-05-15 07:04:41,A,1288
1949,4939,2024-11-24 07:50:45,A,1432
1950,23711,2024-04-01 23:57:08,A,1082
1951,6187,2024-02-08 16:04:41,A,596
1952,39547,2025-02-21 12:58:09,A,1484
1953,34235,2025-06-03 11:59:03,A,1431
1954,15783,2024-02-14 08:54:04,A,646
1955,37763,2026-02-11 14:28:42,A,775
1956,9029,2023-09-27 09:08:12,A,914
1957,34033,2023-09-03 20:31:29,A,1429
1958,19835,2023-10-31 06:58:04,A,762
1959,17401,2025-02-04 14:29:52,A,826
1960,32800,2025-10-16 11:46:47,A,1003
1961,12252,2025-09-29 00:09:19,A,118
1962,35179,2026-02-03 15:45:41,A,864
1963,25766,2025-08-21 07:45:14,A,1348
1964,1316,2025-09-28 15:42:16,A,1473
1965,29158,2024-09-11 09:37:49,A,545
1966,31191,2024-04-17 17:44:03,A,657
1967,15601,2024-09-11 20:03:44,A,1274
1968,14499,2024-12-22 22:59:52,A,496
1969,542,2025-04-04 08:19:17,A,951
1970,38725,2025-05-21 17:30:37,A,585
1971,20864,2026-03-02 14:33:51,A,527
1972,36547,2023-07-07 19:41:45,A,773
1973,19269,2024-04-13 21:56:05,A,78
1974,10774,2024-06-19 17:36:14,A,897
1975,35250,2024-11-02 12:23:46,A,890
1976,10998,2025-08-21 22:56:16,A,393
1977,35150,2023-10-07 04:46:24,A,1222
1978,34028,2025-08-03 10:39:53,A,1067
1979,28439,2023-09-03 23:10:57,A,693
1980,2776,2024-09-12 01:27:12,A,358
1981,29746,2023-06-08 12:55:58,A,768
1982,33285,2026-02-21 09:01:06,A,1340
1983,21666,2023-10-12 10:31:07,A,93
1984,25421,2024-08-11 11:36:02,A,458
1985,17413,2025-10-10 19:39:03,A,399
1986,28094,2023-10-13 04:24:25,A,986
1987,31569,2024-06-21 22:21:20,A,1235
1988,21646,2024-08-04 19:39:38,A,671
1989,11438,2025-07-26 02:02:18,A,724
1990,29456,2025-08-01 21:36:06,A,1153
1991,35040,2025-06-13 03:46:14,A,880
1992,35452,2024-04-14 06:16:16,A,217
1993,30565,2025-01-11 19:23:54,A,1071
1994,33062,2025-02-21 14:07:15,A,723
1995,7180,2025-04-04 17:34:09,A,443
1996,18186,2025-07-14 06:41:14,A,1330
1997,13733,2025-11-04 04:53:10,A,1236
1998,9761,2024-08-07 12:16:39,A,1336
1999,38888,2024-11-02 08:52:37,A,1215
2000,33701,2025-01-02 05:22:28,A,329
2001,14070,2025-07-14 23:48:45,A,1265
2002,12715,2023-04-08 22:48:09,A,1349
2003,7024,2024-10-12 22:24:54,A,1053
2004,20434,2024-09-11 16:56:56,A,1439
2005,5998,2025-03-13 13:20:48,A,1041
2006,35883,2025-05-09 21:08:04,A,653
2007,8087,2023-10-16 01:55:09,A,315
2008,28182,2025-01-10 22:54:20,A,632
2009,17451,2025-07-05 00:21:16,A,954
2010,28468,2023-07-19 08:18:29,A,132
2011,36471,2024-02-04 12:24:38,A,744
2012,13198,2023-09-09 04:12:14,A,255
2013,34880,2023-11-11 19:12:46,A,516
2014,17096,2025-03-15 20:05:09,A,1056
2015,2970,2025-06-05 00:52:21,A,1349
2016,17614,2023-07-19 22:51:37,A,1475
2017,37529,2024-05-10 12:40:29,A,1186
2018,10018,2025-11-18 21:47:25,A,1216
2019,25999,2024-08-05 00:45:52,A,985
2020,17777,2025-03-15 00:43:04,A,89
2021,27039,2025-05-23 06:48:46,A,336
2022,38944,2023-06-18 14:19:17,A,1004
2023,38830,2024-09-26 00:10:18,A,255
2024,25698,2024-08-25 16:18:04,A,279
2025,28449,2023-05-31 14:56:00,A,527
2026,39031,2024-10-12 18:34:18,A,1351
2027,23144,2025-10-14 13:10:57,A,1487
2028,21389,2026-02-23 17:30:26,A,1368
2029,7408,2023-05-18 09:10:41,A,1352
2030,6798,2023-09-19 14:07:01,A,606
2031,18942,2024-02-28 20:20:08,A,1449
2032,33871,2024-05-16 19:39:29,A,761
2033,34857,2024-08-28 08:59:13,A,89
2034,8738,2025-02-06 21:12:33,A,940
2035,31082,2025-03-14 01:04:15,A,937
2036,27248,2023-07-25 19:36:10,A,240
2037,26085,2023-09-02 12:28:37,A,1190
2038,36435,2023-10-01 04:12:54,A,685
2039,12429,2024-04-26 02:09:03,A,1253
2040,18574,2025-12-12 16:58:49,A,1133
2041,35619,2024-05-21 17:12:56,A,495
2042,37669,2024-08-17 20:38:30,A,1243
2043,38335,2024-04-05 15:20:58,A,498
2044,39719,2024-10-06 00:23:29,A,678
2045,5427,2024-12-25 03:43:48,A,230
2046,27057,2025-09-10 05:04:35,A,792
2047,8340,2025-08-05 23:35:39,A,27
2048,18911,2025-09-24 16:15:23,A,1146
2049,15218,2023-06-25 06:52:43,A,1092
2050,8402,2024-08-21 06:30:03,A,565
2051,15958,2024-08-17 05:46:41,A,717
2052,28110,2024-08-21 07:20:20,A,110
2053,12308,2025-06-26 19:23:25,A,376
2054,36874,2023-05-21 23:36:30,A,943
2055,12185,2023-07-12 11:14:31,A,142
2056,27721,2024-09-09 07:36:47,A,732
2057,11665,2024-11-18 12:39:57,A,105
2058,20437,2025-04-15 13:40:50,A,992
2059,8290,2025-09-26 19:36:25,A,1470
2060,21410,2023-10-04 01:27:02,A,1194
2061,13358,2024-10-01 20:22:12,A,1368
2062,7195,2025-04-08 04:26:33,A,64
2063,7950,2023-06-05 00:09:33,A,1274
2064,36363,2023-09-12 03:30:35,A,67
2065,11016,2024-04-16 23:28:55,A,861
2066,11534,2024-03-25 04:01:43,A,107
2067,18074,2024-11-30 17:36:09,A,936
2068,16725,2025-09-24 22:19:23,A,1062
2069,28540,2026-01-06 11:50:21,A,337
2070,20389,2024-05-24 05:41:55,A,404
2071,7851,2024-09-20 06:29:08,A,1378
2072,7509,2025-03-25 05:32:48,A,378
2073,80,2023-05-12 04:39:30,A,868
2074,19731,2024-07-04 06:19:26,A,911
2075,13135,2024-09-09 00:25:31,A,822
2076,3295,2025-11-22 14:57:15,A,528
2077,37362,2023-06-06 15:06:36,A,146
2078,15782,2023-07-05 15:38:28,A,688
2079,17292,2025-01-16 07:12:21,A,1423
2080,3486,2025-03-16 05:26:00,A,908
2081,34986,2024-10-19 00:43:26,A,593
2082,13962,2024-11-20 12:58:29,A,767
2083,30102,2024-02-20 13:06:43,A,165
2084,39943,2025-08-27 19:54:33,A,680
2085,30356,2023-12-16 22:45:18,A,608
2086,23155,2024-12-25 14:31:29,A,58
2087,6310,2025-12-18 22:09:57,A,505
2088,16720,2026-01-09 07:50:27,A,505
2089,3374,2025-05-22 02:13:45,A,901
2090,34478,2023-03-27 09:57:30,A,1125
2091,36626,2023-12-21 01:13:17,A,307
2092,36469,2024-04-21 03:52:20,A,1318
2093,9138,2024-11-25 04:50:14,A,775
2094,30543,2025-09-13 10:25:06,A,639
2095,36649,2023-07-02 16:58:47,A,762
2096,30642,2024-05-18 03:30:04,A,1227
2097,14616,2024-08-07 02:20:45,A,10
2098,30223,2026-02-12 07:23:04,A,209
2099,39138,2026-01-19 23:52:26,A,823
2100,20911,2023-03-19 21:17:29,A,417
2101,1328,2025-07-10 05:50:06,A,405
2102,7723,2023-08-07 20:43:21,A,786
2103,22531,2023-05-05 13:20:15,A,133
2104,34818,2023-09-10 02:06:37,A,859
2105,24659,2024-11-19 20:48:49,A,387
2106,36820,2024-06-03 14:30:50,A,1153
2107,174,2023-05-30 07:48:34,A,208
2108,32570,2023-09-28 09:55:46,A,6
2109,10537,2023-11-06 14:11:25,A,96
2110,14232,2024-05-02 09:53:31,A,1120
2111,20858,2024-10-01 19:46:08,A,677
2112,30727,2025-08-27 13:20:31,A,1203
2113,35683,2025-08-03 18:11:17,A,1027
2114,37918,2023-08-16 15:29:34,A,1455
2115,24915,2023-12-30 16:52:23,A,1293
2116,32151,2024-10-25 11:46:45,A,293
2117,20479,2023-05-19 16:29:21,A,101
2118,18583,2023-12-17 19:14:44,A,1148
2119,18491,2023-12-09 12:04:59,A,1233
2120,17508,2024-03-16 03:16:38,A,51
2121,38706,2024-04-10 15:51:23,A,911
2122,39353,2024-12-15 00:39:58,A,599
2123,17889,2024-11-11 12:04:41,A,484
2124,7147,2025-11-03 12:40:41,A,25
2125,32118,2024-11-24 04:59:32,A,764
2126,5311,2026-01-12 09:18:53,A,657
2127,9287,2025-01-28 09:29:21,A,816
2128,7882,2025-12-18 10:30:38,A,526
2129,12232,2023-05-02 16:04:03,A,405
2130,28840,2025-07-14 21:11:13,A,985
2131,7852,2023-09-29 01:38:51,A,97
2132,20485,2025-12-01 23:24:20,A,1298
2133,24221,2023-04-07 11:11:04,A,1048
2134,20547,2024-12-31 11:56:03,A,149
2135,16481,2025-05-21 22:48:13,A,556
2136,30198,2023-08-07 01:46:31,A,829
2137,19863,2024-01-25 23:44:49,A,515
2138,1593,2024-03-28 04:18:54,A,482
2139,30851,2024-05-17 00:06:03,A,1174
2140,10491,2025-07-25 06:14:55,A,934
2141,26795,2023-10-25 02:41:33,A,162
2142,18431,2026-01-30 11:23:45,A,985
2143,33671,2025-01-12 08:30:55,A,1029
2144,1599,2025-06-15 13:10:54,A,227
2145,25086,2024-03-05 19:59:33,A,56
2146,7675,2024-08-23 06:32:36,A,928
2147,16573,2024-11-12 16:21:32,A,1390
2148,26091,2023-06-02 21:13:09,A,808
2149,1591,2024-11-08 02:26:06,A,141
2150,30671,2025-01-20 18:19:39,A,503
2151,28529,2023-09-14 02:43:03,A,601
2152,2967,2024-06-23 08:15:06,A,1488
2153,10375,2024-02-27 06:28:39,A,926
2154,34374,2024-06-23 15:37:17,A,793
2155,31922,2024-05-21 10:41:31,A,1434
2156,13573,2023-08-05 10:53:47,A,1035
2157,27779,2024-04-02 08:55:06,A,1258
2158,26635,2026-01-09 10:13:41,A,1445
2159,25274,2024-11-02 07:00:46,A,553
2160,14965,2024-12-11 07:24:05,A,264
2161,10287,2026-01-16 09:31:46,A,1449
2162,8966,2023-10-04 05:29:52,A,534
2163,31372,2025-11-16 09:53:47,A,1065
2164,37794,2023-09-05 17:47:19,A,1157
2165,29434,2023-09-13 01:35:12,A,1444
2166,18352,2024-03-18 17:08:17,A,733
2167,12053,2023-08-28 01:13:07,A,296
2168,12800,2024-04-23 11:49:11,A,1174
2169,32280,2025-11-14 21:29:18,A,659
2170,1679,2023-05-31 20:04:10,A,821
2171,8481,2024-09-08 17:34:20,A,116
2172,25258,2025-04-07 00:24:19,A,512
2173,1596,2025-07-05 16:45:59,A,830
2174,19720,2026-01-04 10:30:53,A,28
2175,21565,2026-02-19 09:02:02,A,384
2176,6486,2024-05-19 04:26:38,A,965
2177,39784,2025-12-16 21:22:33,A,1068
2178,32911,2024-10-08 20:55:53,A,1440
2179,1321,2024-11-14 11:36:43,A,388
2180,7674,2025-12-02 21:56:56,A,1014
2181,10417,2023-08-11 17:18:06,A,998
2182,36622,2024-02-25 03:29:13,A,564
2183,34144,2024-06-02 21:27:32,A,729
2184,19684,2025-05-10 17:14:06,A,494
2185,21051,2023-12-14 00:34:42,A,837
2186,7159,2024-10-04 05:40:09,A,72
2187,1234,2023-08-29 09:36:57,A,392
2188,32854,2024-08-20 09:52:52,A,473
2189,32749,2026-01-07 19:31:44,A,677
2190,31301,2024-05-12 08:29:26,A,1469
2191,17988,2025-03-29 22:47:32,A,123
2192,35767,2025-08-06 00:19:47,A,436
2193,10216,2024-04-01 02:02:28,A,760
2194,26177,2024-07-02 02:07:47,A,1275
2195,4394,2024-08-22 16:32:12,A,1092
2196,15545,2024-12-26 03:24:28,A,286
2197,31957,2025-04-26 17:18:20,A,1316
2198,22325,2023-03-26 19:13:36,A,115
2199,27190,2025-03-15 11:40:46,A,1459
2200,27555,2025-06-18 22:18:55,A,37
2201,37038,2023-02-19 09:52:48,A,20
2202,33154,2023-05-11 14:28:44,A,877
2203,32489,2023-03-10 22:13:58,A,101
2204,3870,2023-11-15 06:18:46,A,1005
2205,12301,2023-11-07 00:52:40,A,31
2206,4274,2024-11-12 06:24:33,A,147
2207,14146,2023-03-21 14:48:54,A,866
2208,28144,2023-07-15 23:25:46,A,464
2209,3781,2025-04-03 07:07:52,A,781
2210,22432,2023-12-11 02:59:25,A,233
2211,29725,2025-04-15 22:05:42,A,66
2212,10851,2023-12-08 04:50:31,A,1316
2213,35469,2024-01-31 14:01:13,A,472
2214,15434,2024-04-28 02:39:19,A,1492
2215,3721,2023-07-29 18:30:59,A,455
2216,15297,2024-04-24 17:51:48,A,1086
2217,12327,2025-01-31 14:42:26,A,414
2218,38146,2025-08-10 04:55:45,A,5
2219,33426,2025-12-29 05:28:03,A,592
2220,33860,2024-04-25 10:36:33,A,1095
2221,35419,2025-02-12 14:05:15,A,1196
2222,28351,2023-07-09 13:14:34,A,1372
2223,17215,2024-05-09 15:52:36,A,608
2224,11901,2024-07-12 13:36:47,A,1252
2225,38373,2024-09-22 20:13:28,A,1322
2226,8166,2023-11-13 03:11:37,A,1204
2227,1252,2024-02-24 06:52:41,A,1193
2228,31282,2024-10-05 06:54:54,A,64
2229,34711,2025-06-08 15:25:47,A,714
2230,21987,2023-05-07 19:42:32,A,936
2231,10549,2023-04-30 12:34:14,A,326
2232,21343,2023-07-22 07:30:57,A,758
2233,11317,2024-06-04 04:29:25,A,101
2234,9622,2025-07-29 18:00:11,A,716
2235,21840,2025-09-26 17:07:04,A,27
2236,36922,2023-06-03 20:58:28,A,186
2237,28801,2023-11-14 03:55:20,A,1128
2238,39007,2024-10-07 18:35:31,A,386
2239,36303,2024-12-09 01:28:20,A,1289
2240,18931,2025-06-27 13:18:11,A,1218
2241,16702,2024-09-18 07:36:35,A,717
2242,11796,2025-03-04 10:34:19,A,228
2243,411,2025-12-21 19:44:36,A,438
2244,21657,2026-02-04 16:36:13,A,430
2245,9446,2023-06-15 08:28:30,A,1181
2246,33541,2025-08-13 05:52:29,A,153
2247,38218,2024-02-03 06:13:40,A,1442
2248,13305,2023-07-21 19:28:20,A,1144
2249,31259,2023-08-01 14:40:42,A,359
2250,19398,2023-10-24 06:09:39,A,1281
2251,20393,2023-10-03 17:48:09,A,23
2252,20471,2023-06-19 17:27:03,A,301
2253,19221,2023-07-08 18:24:54,A,684
2254,22884,2024-01-30 14:31:50,A,1495
2255,39238,2024-01-25 07:10:17,A,1257
2256,15017,2024-10-30 14:54:40,A,433
2257,12524,2025-11-02 20:09:22,A,963
2258,23534,2023-05-13 12:12:04,A,308
2259,19288,2023-07-07 10:01:47,A,1484
2260,2703,2024-01-01 14:11:31,A,798
2261,38384,2024-01-14 02:20:34,A,1401
2262,35502,2024-02-23 08:42:00,A,737
2263,32922,2025-03-05 02:21:43,A,854
2264,163,2025-03-20 05:08:51,A,1232
2265,15729,2023-05-22 03:57:09,A,1452
2266,32808,2023-10-13 21:33:50,A,1372
2267,19613,2023-12-30 12:53:37,A,602
2268,23337,2025-02-04 19:44:07,A,295
2269,20673,2025-03-17 02:01:11,A,416
2270,4393,2025-06-21 00:13:59,A,249
2271,28407,2024-04-16 05:46:37,A,99
2272,18749,2025-07-19 18:13:45,A,1028
2273,3992,2024-05-11 22:06:45,A,537
2274,32138,2025-05-03 21:04:45,A,556
2275,27047,2025-08-20 00:18:01,A,647
2276,38730,2023-03-19 18:17:32,A,1226
2277,7354,2023-10-06 10:48:50,A,192
2278,35463,2025-10-29 09:36:46,A,1170
2279,39726,2025-11-14 03:26:11,A,480
2280,32684,2023-09-16 20:45:59,A,1162
2281,35466,2025-10-08 09:28:03,A,351
2282,10681,2024-01-07 12:59:03,A,546
2283,38297,2025-07-03 22:43:01,A,1226
2284,3154,2023-08-31 00:04:24,A,651
2285,26501,2024-05-13 04:35:53,A,1360
2286,27746,2024-05-26 09:14:03,A,647
2287,28310,2025-06-18 10:04:29,A,915
2288,191,2024-09-15 03:57:00,A,134
2289,7207,2026-01-19 10:48:53,A,585
2290,16737,2023-05-04 15:45:39,A,867
2291,19569,2025-05-26 14:04:36,A,1269
2292,27389,2024-09-07 06:03:02,A,1384
2293,39366,2025-12-08 03:31:28,A,1481
2294,26992,2026-03-15 21:11:12,A,1051
2295,22836,2023-06-26 17:14:43,A,933
2296,3153,2024-02-21 23:53:01,A,1228
2297,32705,2025-07-21 10:52:49,A,654
2298,12111,2026-01-17 05:05:07,A,1173
2299,19295,2025-12-06 17:59:57,A,1293
2300,14024,2023-08-28 15:20:57,A,1118
2301,8425,2023-10-09 21:47:42,A,1421
2302,35557,2023-10-08 13:29:29,A,802
2303,32133,2024-08-10 16:55:10,A,401
2304,21468,2024-07-25 00:22:54,A,1224
2305,16096,2024-12-14 19:48:54,A,239
2306,32085,2025-09-06 15:30:38,A,1194
2307,37613,2025-09-30 02:06:37,A,72
2308,22112,2024-01-20 03:39:30,A,86
2309,16732,2025-08-11 07:04:45,A,25
2310,28461,2023-07-17 08:25:51,A,876
2311,11028,2025-07-01 06:06:56,A,1028
2312,38270,2023-06-26 22:17:37,A,1127
2313,26191,2024-06-11 09:12:14,A,263
2314,2706,2024-07-04 06:47:21,A,1385
2315,33463,2024-08-18 01:43:44,A,1428
2316,34271,2025-02-12 18:54:10,A,748
2317,27700,2025-03-06 06:38:06,A,77
2318,11427,2023-12-11 18:49:02,A,174
2319,18307,2024-04-05 01:28:00,A,962
2320,37485,2025-01-26 02:53:29,A,1181
2321,13795,2025-05-31 03:42:47,A,292
2322,2951,2026-03-22 21:54:31,A,574
2323,33773,2023-07-07 08:46:39,A,482
2324,16596,2023-07-01 16:48:33,A,584
2325,18842,2023-08-25 12:10:43,A,1222
2326,192,2024-04-22 03:08:58,A,1118
2327,30881,2024-07-20 20:17:45,A,1084
2328,39002,2024-03-11 11:51:27,A,936
2329,25191,2024-05-07 00:12:22,A,707
2330,1235,2023-12-05 00:57:28,A,690
2331,19391,2024-07-17 16:42:59,A,387
2332,18108,2025-02-24 11:24:43,A,989
2333,24446,2025-06-22 04:51:19,A,968
2334,34972,2024-03-26 09:12:23,A,941
2335,17928,2025-04-30 19:14:18,A,1119
2336,22509,2025-08-02 20:54:38,A,1188
2337,18890,2023-06-20 22:35:08,A,1480
2338,912,2023-11-04 17:40:20,A,930
2339,1251,2025-10-09 11:39:29,A,375
2340,162,2025-07-02 16:18:31,A,1043
2341,1194,2025-05-04 10:03:18,A,399
2342,27318,2023-06-07 07:34:57,A,716
2343,39429,2024-05-23 18:09:29,A,602
2344,25331,2024-12-23 10:26:06,A,1343
2345,23594,2025-03-18 05:12:35,A,798
2346,14958,2025-03-02 22:19:22,A,975
2347,652,2025-07-19 11:46:52,A,1370
2348,27405,2025-07-15 16:04:38,A,715
2349,27543,2024-01-03 11:24:40,A,282
2350,38348,2024-04-26 19:31:11,A,1145
2351,25462,2023-03-14 22:59:11,A,562
2352,23084,2023-09-02 16:55:27,A,62
2353,33260,2024-01-10 02:17:53,A,1106
2354,5802,2023-12-12 10:19:39,A,536
2355,28270,2024-02-23 20:23:39,A,269
2356,16991,2025-11-13 06:38:33,A,1488
2357,7878,2023-05-25 00:55:08,A,1031
2358,24395,2024-11-11 14:33:50,A,741
2359,11962,2025-11-05 06:15:46,A,1222
2360,4061,2024-04-13 12:28:39,A,981
2361,23844,2025-01-24 20:00:22,A,127
2362,30245,2026-01-09 12:54:17,A,564
2363,4064,2026-03-19 14:12:42,A,781
2364,21842,2023-12-15 06:39:29,A,617
2365,19194,2025-11-30 10:42:32,A,1317
2366,14326,2023-06-29 05:27:31,A,37
2367,6042,2025-10-31 11:48:58,A,1444
2368,31422,2023-08-05 23:12:08,A,277
2369,38065,2024-08-31 04:37:43,A,288
2370,17655,2025-01-07 03:07:19,A,360
2371,3745,2026-02-21 22:37:36,A,1012
2372,18508,2026-04-04 14:30:32,A,800
2373,33850,2023-10-23 00:28:45,A,1354
2374,29306,2023-10-12 05:46:37,A,1148
2375,1117,2024-01-03 08:36:32,A,1163
2376,1237,2024-04-12 03:50:53,A,1415
2377,14991,2023-03-25 06:39:12,A,1467
2378,8868,2024-05-10 09:17:46,A,1153
2379,20839,2025-12-26 00:30:02,A,867
2380,33517,2025-04-09 05:05:37,A,1383
2381,11380,2024-07-30 03:07:39,A,1396
2382,27873,2023-05-18 23:17:59,A,319
2383,9681,2025-11-08 09:17:58,A,1162
2384,4065,2023-11-25 03:13:14,A,231
2385,5262,2025-05-21 05:28:59,A,1202
2386,30986,2025-05-02 21:58:00,A,592
2387,18625,2025-08-18 14:55:18,A,1300
2388,3151,2025-09-26 06:45:19,A,1227
2389,13630,2026-03-23 01:49:20,A,28
2390,24383,2023-10-17 16:09:09,A,623
2391,15053,2025-02-18 01:04:12,A,1290
2392,5261,2023-04-09 01:33:08,A,1466
2393,10684,2023-07-02 09:10:35,A,1140
2394,26129,2024-04-26 00:11:17,A,149
2395,9938,2025-04-05 20:30:56,A,1385
2396,32603,2024-09-01 05:48:51,A,656
2397,14618,2024-02-03 16:09:33,A,1190
2398,2712,2024-01-06 23:19:21,A,522
2399,14800,2024-02-18 18:33:03,A,971
2400,18118,2024-12-15 05:55:52,A,1107
2401,22114,2025-07-02 20:24:01,A,618
2402,23417,2024-01-19 07:09:34,A,370
2403,24634,2023-03-03 23:02:56,A,1171
2404,11113,2023-06-19 13:57:24,A,895
2405,35003,2024-02-28 13:36:59,A,754
2406,12440,2024-10-17 17:03:23,A,663
2407,24043,2025-05-08 05:44:30,A,342
2408,3262,2023-11-19 02:55:22,A,477
2409,23776,2025-10-08 10:59:47,A,1327
2410,33248,2026-02-26 16:05:06,A,71
2411,1232,2026-02-16 21:31:00,A,1009
2412,31951,2024-04-02 04:25:27,A,130
2413,36387,2024-06-12 00:36:19,A,1100
2414,34097,2023-04-29 01:37:31,A,151
2415,89,2024-04-03 04:34:53,A,616
2416,31682,2024-06-23 12:40:31,A,1110
2417,27379,2024-10-26 01:33:35,A,292
2418,9110,2025-02-12 05:32:25,A,841
2419,35005,2023-10-25 05:40:53,A,1028
2420,1516,2024-06-23 13:36:34,A,343
2421,36340,2026-01-05 07:05:30,A,1174
2422,22877,2023-08-22 16:22:36,A,567
2423,28123,2025-05-02 01:35:40,A,1277
2424,3261,2025-02-22 07:07:45,A,915
2425,21011,2025-10-19 01:31:36,A,1302
2426,23772,2023-04-19 17:49:18,A,263
2427,17826,2023-07-05 05:09:05,A,333
2428,5803,2024-01-05 12:32:55,A,553
2429,37819,2026-02-03 22:34:01,A,1119
2430,10821,2024-03-04 02:17:43,A,827
2431,5255,2024-05-24 23:07:33,A,1437
2432,7781,2025-04-18 05:19:10,A,333
2433,6036,2026-01-28 19:36:12,A,1148
2434,78,2023-07-24 15:48:24,A,1183
2435,15368,2023-07-11 22:15:34,A,1366
2436,23000,2023-10-13 04:42:49,A,322
2437,3066,2024-07-07 12:58:09,A,433
2438,38654,2025-11-25 18:46:19,A,302
2439,10842,2024-01-05 13:57:26,A,3
2440,17622,2024-01-31 19:35:04,A,1443
2441,3259,2024-06-15 16:09:47,A,1012
2442,20591,2025-07-09 08:14:46,A,163
2443,36465,2025-09-16 01:21:42,A,266
2444,32466,2024-06-26 07:12:24,A,316
2445,31534,2025-04-16 06:34:06,A,1316
2446,18832,2025-07-10 08:58:31,A,182
2447,29864,2025-08-23 00:17:48,A,187
2448,32766,2025-09-16 18:01:02,A,1149
2449,14572,2025-10-01 00:46:05,A,1242
2450,21430,2023-08-10 10:55:15,A,732
2451,23738,2024-02-18 01:53:58,A,1232
2452,26000,2023-11-23 01:23:55,A,1199
2453,35346,2024-06-13 09:27:45,A,458
2454,6415,2023-02-17 21:29:37,A,1098
2455,7316,2024-04-24 15:07:02,A,536
2456,86,2024-07-08 03:21:14,A,496
2457,36851,2024-05-16 13:33:27,A,521
2458,21290,2025-01-27 12:59:07,A,822
2459,4593,2025-04-21 19:19:07,A,771
2460,10874,2025-10-17 10:18:23,A,845
2461,37682,2023-06-12 17:43:29,A,236
2462,30609,2024-05-09 19:22:29,A,434
2463,7482,2024-12-04 04:36:53,A,1392
2464,24922,2025-07-22 16:06:44,A,682
2465,36907,2026-02-05 04:18:39,A,1221
2466,36291,2025-08-18 14:36:12,A,773
2467,10737,2025-12-31 00:36:01,A,1335
2468,35775,2024-01-18 08:51:22,A,31
2469,35727,2025-05-07 16:02:26,A,43
2470,10117,2024-09-17 07:58:11,A,924
2471,29171,2026-03-08 03:21:45,A,282
2472,4594,2023-06-16 03:58:10,A,783
2473,24136,2023-07-19 18:01:26,A,981
2474,11512,2023-12-19 02:57:43,A,775
2475,32940,2025-03-07 07:19:52,A,102
2476,33703,2025-03-03 19:09:12,A,88
2477,18367,2025-11-06 15:53:16,A,822
2478,16163,2025-09-09 10:00:25,A,1027
2479,38130,2025-12-12 13:48:45,A,904
2480,1869,2024-12-26 03:32:06,A,839
2481,19317,2025-06-22 17:32:15,A,1485
2482,4917,2023-12-04 08:42:29,A,1312
2483,4999,2023-10-08 15:06:22,A,567
2484,17737,2024-12-15 18:34:44,A,397
2485,6226,2023-06-01 08:56:58,A,1006
2486,23675,2023-11-17 09:50:20,A,1410
2487,34713,2023-11-16 07:10:21,A,672
2488,30927,2025-12-07 20:09:30,A,1048
2489,1011,2026-04-13 09:46:35,A,1152
2490,25125,2025-07-14 18:39:25,A,1095
2491,33257,2025-09-06 04:34:43,A,1478
2492,8208,2025-12-09 09:52:19,A,1280
2493,5905,2023-06-30 16:35:07,A,787
2494,16710,2023-10-10 06:41:42,A,980
2495,29601,2023-08-26 07:51:23,A,539
2496,19363,2024-06-10 15:43:22,A,392
2497,32493,2024-06-30 09:09:37,A,1132
2498,4426,2025-07-04 10:30:30,A,925
2499,35544,2024-08-15 22:33:19,A,561
2500,19038,2025-04-18 22:11:05,A,639
2501,1695,2025-05-06 08:49:11,A,1383
2502,30038,2025-07-14 07:46:02,A,599
2503,26846,2023-05-27 18:31:54,A,654
2504,13986,2024-07-31 06:26:32,A,288
2505,31198,2024-09-16 11:42:09,A,294
2506,27583,2024-08-04 05:46:29,A,1255
2507,33504,2025-04-13 21:35:37,A,818
2508,30729,2023-04-01 06:03:56,A,1064
2509,30059,2024-03-07 05:18:57,A,962
2510,29991,2023-08-29 18:34:00,A,981
2511,13544,2025-06-21 00:43:53,A,1447
2512,37416,2024-08-21 09:36:56,A,232
2513,14006,2024-12-23 16:23:56,A,1257
2514,29449,2025-05-20 03:13:29,A,812
2515,14441,2025-08-23 15:27:01,A,458
2516,14906,2025-11-04 20:02:26,A,1352
2517,23082,2023-06-25 11:44:32,A,1311
2518,16621,2025-03-22 03:27:28,A,20
2519,4217,2025-10-07 00:15:13,A,627
2520,3454,2026-01-12 18:01:52,A,300
2521,11997,2023-05-15 11:07:29,A,713
2522,3575,2023-07-31 01:57:02,A,813
2523,25302,2025-03-15 03:05:38,A,209
2524,38187,2024-02-01 04:11:14,A,1111
2525,18830,2025-06-30 01:13:56,A,196
2526,4223,2025-10-16 00:08:11,A,1352
2527,35879,2023-12-13 14:01:38,A,18
2528,19152,2024-06-18 02:20:37,A,395
2529,16829,2023-08-05 08:47:25,A,669
2530,35780,2023-05-03 03:54:44,A,1103
2531,37745,2024-02-24 18:41:54,A,118
2532,24010,2025-09-24 02:30:40,A,89
2533,10499,2024-12-01 21:02:39,A,581
2534,38333,2023-05-14 13:17:33,A,722
2535,16671,2023-05-17 12:09:58,A,130
2536,3456,2025-07-28 08:35:57,A,1317
2537,30373,2025-11-26 22:37:13,A,807
2538,28752,2024-03-20 10:38:04,A,1322
2539,28443,2025-10-05 23:40:45,A,661
2540,33950,2025-12-17 17:00:33,A,1096
2541,10472,2023-11-29 15:42:14,A,413
2542,31853,2023-12-01 00:29:29,A,1088
2543,123,2024-03-26 00:52:44,A,738
2544,15878,2023-09-06 13:09:40,A,946
2545,16293,2025-08-13 11:30:42,A,888
2546,3606,2025-03-26 21:51:13,A,1085
2547,17121,2025-12-25 14:26:19,A,76
2548,5358,2026-01-26 00:58:27,A,366
2549,35167,2023-07-16 02:23:20,A,867
2550,15382,2024-08-20 00:40:48,A,829
2551,3056,2025-02-28 14:59:25,A,551
2552,38728,2025-06-04 13:05:46,A,60
2553,37486,2025-05-06 04:21:15,A,429
2554,34314,2025-05-11 15:03:34,A,521
2555,4427,2025-08-11 10:34:48,A,623
2556,2001,2024-08-08 17:10:15,A,1286
2557,19139,2025-07-24 19:56:48,A,1430
2558,9988,2026-01-29 04:11:16,A,598
2559,1837,2023-05-24 22:54:40,A,912
2560,4116,2025-03-02 09:14:15,A,883
2561,22633,2023-05-27 08:07:17,A,1023
2562,32314,2023-06-25 05:37:20,A,1247
2563,8676,2023-11-08 18:15:45,A,78
2564,27407,2025-02-05 03:56:53,A,1496
2565,7103,2025-12-28 20:09:24,A,159
2566,16336,2023-05-16 04:27:32,A,88
2567,29469,2023-08-29 06:58:23,A,778
2568,3057,2023-11-25 07:53:07,A,501
2569,4998,2024-02-17 18:13:20,A,683
2570,6812,2023-11-30 05:43:26,A,715
2571,37873,2024-10-26 17:33:14,A,707
2572,6402,2024-10-28 06:54:25,A,574
2573,8814,2025-07-04 17:03:00,A,1360
2574,31403,2024-07-04 15:46:29,A,1003
2575,5741,2024-11-27 10:20:02,A,1363
2576,19999,2024-11-12 13:41:35,A,803
2577,46,2023-12-02 11:08:58,A,273
2578,16713,2023-04-24 03:53:23,A,1227
2579,24803,2024-03-14 23:26:37,A,414
2580,4336,2024-10-06 22:07:14,A,450
2581,27261,2024-01-25 17:36:01,A,855
2582,4334,2025-10-18 18:56:53,A,993
2583,12190,2023-10-17 04:34:01,A,314
2584,19644,2023-10-18 19:17:23,A,877
2585,30777,2024-11-30 13:17:26,A,1474
2586,1698,2025-11-12 10:02:26,A,713
2587,11689,2026-01-17 14:34:17,A,995
2588,11808,2024-02-14 10:36:16,A,1038
2589,1001,2026-02-07 08:35:26,A,161
2590,17904,2025-05-28 03:09:44,A,942
2591,21922,2025-10-31 10:14:33,A,1357
2592,3451,2024-08-06 17:16:16,A,815
2593,17817,2024-04-10 13:17:14,A,907
2594,32590,2023-07-12 18:32:23,A,1159
2595,17163,2023-05-19 03:33:06,A,1191
2596,23072,2023-12-15 14:04:36,A,1076
2597,17290,2026-01-11 11:21:50,A,709
2598,28434,2025-06-18 23:38:42,A,1493
2599,37390,2025-10-31 11:44:35,A,537
2600,33,2023-10-29 19:32:56,A,820
2601,10391,2023-10-20 03:50:42,A,40
2602,18883,2024-03-05 11:55:34,A,1206
2603,3579,2025-07-17 17:37:24,A,1352
2604,26956,2023-11-16 00:11:15,A,548
2605,13490,2025-01-29 07:47:01,A,442
2606,10580,2025-10-27 16:43:11,A,672
2607,27287,2024-02-05 17:22:28,A,799
2608,3576,2024-05-18 22:31:14,A,537
2609,19198,2024-09-12 07:25:57,A,925
2610,3453,2025-08-20 17:26:15,A,439
2611,4920,2023-07-12 09:19:27,A,1087
2612,13044,2024-05-30 11:32:03,A,192
2613,4916,2024-09-29 01:18:07,A,1263
2614,20473,2025-10-01 00:59:52,A,693
2615,9658,2023-05-06 01:00:56,A,1204
2616,35924,2025-01-05 23:09:15,A,918
2617,6364,2025-01-29 17:31:42,A,588
2618,20614,2026-03-07 10:52:24,A,270
2619,39243,2023-05-01 11:26:14,A,361
2620,14262,2024-04-01 20:48:41,A,275
2621,3457,2025-02-04 00:53:41,A,1126
2622,17306,2025-05-14 16:13:34,A,1466
2623,1284,2023-10-09 14:35:08,A,537
2624,18141,2023-07-25 15:51:02,A,855
2625,5254,2024-06-01 09:39:25,A,195
2626,37153,2025-11-04 21:53:34,A,885
2627,3893,2023-11-22 05:31:55,A,687
2628,5910,2023-03-27 10:10:33,A,411
2629,31964,2023-12-01 04:14:29,A,1312
2630,39050,2025-07-04 11:04:30,A,248
2631,3650,2025-11-10 06:12:06,A,43
2632,26342,2025-07-27 09:37:29,A,1161
2633,17447,2025-10-13 15:14:47,A,584
2634,19438,2023-02-13 15:54:02,A,406
2635,21556,2023-03-27 09:06:16,A,575
2636,17929,2023-12-04 10:10:14,A,286
2637,16264,2024-06-19 08:18:15,A,784
2638,7353,2026-02-10 15:31:33,A,225
2639,35796,2023-09-05 16:55:51,A,1039
2640,29819,2024-08-01 00:04:49,A,686
2641,16271,2024-08-26 20:22:08,A,41
2642,5584,2024-11-16 01:48:29,A,15
2643,29,2026-04-10 19:34:41,A,1039
2644,3925,2024-09-01 16:16:57,A,405
2645,147,2026-02-19 14:49:24,A,140
2646,7064,2023-05-24 15:46:53,A,321
2647,25729,2023-08-23 06:33:37,A,1005
2648,21959,2023-10-30 06:34:15,A,174
2649,2685,2024-07-14 00:27:31,A,1413
2650,5376,2024-12-09 07:44:17,A,761
2651,1010,2025-07-19 16:37:43,A,509
2652,36193,2026-02-20 11:19:21,A,491
2653,7145,2025-09-01 02:31:13,A,42
2654,23281,2026-01-12 09:06:06,A,632
2655,3334,2025-04-20 03:24:25,A,243
2656,14246,2023-08-17 10:47:29,A,1243
2657,19110,2023-12-13 11:05:48,A,557
2658,5744,2024-02-08 05:14:45,A,1373
2659,3436,2024-04-08 22:45:19,A,262
2660,4219,2025-12-02 04:48:52,A,1101
2661,24566,2023-03-14 14:44:17,A,967
2662,3437,2024-06-30 01:47:50,A,71
2663,15085,2024-07-24 07:06:09,A,1015
2664,31707,2024-09-30 12:51:57,A,102
2665,30187,2025-04-27 13:57:39,A,362
2666,39268,2025-01-26 19:18:15,A,1263
2667,29121,2024-02-28 16:06:24,A,1383
2668,34883,2024-07-07 08:31:20,A,596
2669,19335,2025-03-20 15:49:22,A,639
2670,3458,2025-05-05 23:17:50,A,87
2671,31402,2026-02-05 22:37:59,A,528
2672,7389,2023-10-09 18:18:47,A,147
2673,1697,2023-10-05 19:21:14,A,166
2674,39316,2025-05-01 09:46:23,A,1090
2675,31164,2025-11-14 07:53:16,A,1304
2676,8265,2023-07-24 09:59:31,A,466
2677,31850,2025-05-04 23:41:35,A,231
2678,4764,2023-12-04 00:18:54,A,1457
2679,36660,2024-10-03 16:36:06,A,762
2680,2465,2025-07-10 06:07:00,A,271
2681,30551,2025-09-03 18:30:27,A,598
2682,37899,2026-03-28 12:53:31,A,556
2683,22595,2023-04-15 16:25:26,A,1441
2684,33501,2026-01-08 06:17:08,A,634
2685,24610,2025-12-14 19:32:27,A,617
2686,36242,2023-10-08 06:17:17,A,748
2687,32989,2024-07-07 05:07:22,A,99
2688,3581,2025-11-05 17:44:34,A,678
2689,20702,2024-12-23 19:57:45,A,7
2690,32628,2025-02-05 02:23:15,A,845
2691,21020,2025-01-22 09:03:13,A,1490
2692,34619,2025-07-24 01:46:09,A,712
2693,4324,2025-03-23 03:13:32,A,1289
2694,13739,2023-11-15 13:42:05,A,813
2695,19838,2025-07-15 12:27:39,A,581
2696,1331,2025-12-24 11:18:33,A,1487
2697,5737,2025-12-04 01:22:06,A,276
2698,13552,2024-04-28 01:05:49,A,236
2699,8038,2024-05-06 09:22:23,A,736
2700,525,2024-07-19 11:13:54,A,992
2701,12088,2024-07-11 07:11:13,A,268
2702,13403,2025-01-10 01:28:09,A,37
2703,23785,2025-05-13 20:14:01,A,617
2704,19585,2024-04-26 19:27:49,A,182
2705,4792,2025-01-17 08:26:57,A,490
2706,27784,2025-01-06 06:48:11,A,1413
2707,25340,2025-08-29 17:05:31,A,225
2708,20740,2023-10-27 15:37:04,A,1128
2709,4109,2023-12-08 06:20:36,A,766
2710,1955,2024-04-01 01:29:53,A,565
2711,6723,2025-09-03 23:49:34,A,557
2712,1731,2026-02-08 21:03:08,A,30
2713,12479,2023-09-13 15:38:54,A,692
2714,4793,2023-11-27 04:45:09,A,322
2715,14634,2025-04-22 00:29:46,A,1317
2716,29916,2025-10-09 06:58:52,A,686
2717,28745,2026-01-09 06:33:04,A,608
2718,15077,2023-12-11 07:17:17,A,1149
2719,12799,2024-02-08 00:42:08,A,1364
2720,16998,2023-06-21 00:23:52,A,324
2721,17187,2024-12-09 01:21:49,A,468
2722,24690,2024-12-28 19:50:26,A,870
2723,17872,2025-12-17 02:37:12,A,476
2724,263,2023-12-01 22:43:31,A,1206
2725,29793,2024-02-07 07:57:29,A,367
2726,27521,2023-06-07 07:52:16,A,1381
2727,22148,2025-03-24 01:44:44,A,700
2728,18706,2025-06-08 07:47:56,A,924
2729,14216,2024-08-16 01:01:43,A,472
2730,37557,2025-01-10 18:16:16,A,548
2731,30254,2023-09-19 04:10:55,A,693
2732,12119,2024-09-17 04:35:09,A,750
2733,22142,2024-02-17 04:29:48,A,156
2734,9697,2025-10-10 03:24:27,A,587
2735,25081,2025-10-15 17:46:03,A,1307
2736,36817,2024-04-11 17:46:16,A,800
2737,20152,2024-11-09 07:29:24,A,390
2738,38998,2025-01-23 10:52:03,A,86
2739,4083,2023-09-24 06:43:13,A,1335
2740,514,2023-11-03 15:24:38,A,13
2741,11406,2024-03-22 10:28:48,A,1060
2742,4112,2024-08-01 07:14:41,A,54
2743,17053,2024-09-30 15:07:12,A,376
2744,39251,2025-08-06 06:02:53,A,215
2745,11654,2024-11-01 20:02:57,A,561
2746,23808,2025-11-30 03:43:47,A,1012
2747,29868,2023-07-28 03:58:17,A,1173
2748,27219,2024-02-06 19:19:59,A,658
2749,13960,2024-12-18 18:47:56,A,1434
2750,7549,2025-07-19 00:04:29,A,744
2751,29133,2023-09-18 07:33:55,A,1220
2752,32433,2025-01-16 04:38:24,A,519
2753,28697,2025-09-14 01:15:48,A,248
2754,3585,2023-03-25 04:46:01,A,26
2755,20725,2023-04-20 18:38:07,A,1461
2756,1953,2024-08-17 19:27:56,A,987
2757,21083,2023-07-04 03:14:45,A,82
2758,25476,2024-02-05 20:36:30,A,315
2759,37100,2025-05-30 14:10:18,A,1483
2760,13233,2025-07-05 07:56:29,A,702
2761,27087,2023-07-10 17:59:42,A,66
2762,26765,2023-11-03 16:29:05,A,472
2763,2696,2024-07-05 12:28:18,A,1188
2764,7804,2025-08-02 11:00:31,A,1415
2765,10749,2025-12-14 11:10:50,A,700
2766,27812,2023-10-31 02:16:41,A,1239
2767,22547,2024-10-14 21:48:53,A,887
2768,10820,2025-04-10 22:35:16,A,1378
2769,13895,2023-03-19 00:06:27,A,639
2770,17916,2025-02-13 14:35:49,A,426
2771,39491,2025-07-02 14:22:03,A,446
2772,19716,2025-09-10 20:37:52,A,1226
2773,32818,2024-05-09 04:30:10,A,546
2774,37608,2024-10-11 06:50:31,A,234
2775,727,2023-09-13 12:09:46,A,340
2776,513,2023-09-25 19:58:11,A,155
2777,1245,2024-10-26 19:28:57,A,673
2778,17329,2025-06-08 10:55:21,A,871
2779,5789,2025-05-04 06:20:26,A,905
2780,35213,2024-02-26 15:34:01,A,362
2781,13827,2025-08-12 14:43:18,A,381
2782,5439,2023-11-24 17:26:50,A,1471
2783,27352,2024-03-26 02:12:50,A,140
2784,34438,2025-08-05 00:02:42,A,1085
2785,18894,2025-09-26 15:28:00,A,580
2786,522,2026-01-06 04:32:06,A,998
2787,11751,2026-01-08 14:55:01,A,1016
2788,14822,2024-01-08 10:11:08,A,952
2789,13156,2023-06-04 22:44:25,A,1427
2790,18572,2024-07-06 01:29:03,A,933
2791,1956,2024-08-15 22:31:54,A,1100
2792,1952,2023-08-29 00:39:29,A,1233
2793,28127,2024-03-26 18:03:00,A,633
2794,32011,2024-12-21 01:19:48,A,63
2795,17186,2024-01-03 00:47:18,A,1144
2796,1489,2023-09-11 01:32:51,A,475
2797,36566,2024-02-17 16:51:59,A,490
2798,30838,2024-11-18 19:07:47,A,1406
2799,13314,2025-09-25 05:14:48,A,1124
2800,1948,2023-05-11 22:01:29,A,1269
2801,27542,2024-04-28 03:45:30,A,860
2802,12744,2024-10-10 13:02:10,A,341
2803,11974,2024-09-05 07:16:01,A,689
2804,20344,2025-01-29 17:16:42,A,1314
2805,26083,2025-01-29 08:00:38,A,131
2806,1077,2025-06-24 13:14:32,A,1283
2807,32177,2023-06-19 03:56:22,A,561
2808,892,2024-01-19 02:06:34,A,1359
2809,15079,2023-09-17 02:42:19,A,443
2810,11053,2023-10-31 14:42:50,A,1415
2811,12488,2023-05-26 22:15:53,A,925
2812,34480,2023-06-16 04:07:43,A,374
2813,15693,2023-09-27 15:24:48,A,868
2814,21610,2024-02-06 00:32:18,A,1129
2815,2002,2024-06-16 12:59:03,A,998
2816,4113,2024-06-10 18:19:52,A,636
2817,27731,2024-08-19 10:39:05,A,1079
2818,3586,2026-02-01 08:53:06,A,114
2819,35004,2023-04-14 05:13:50,A,1103
2820,9068,2023-12-03 02:25:41,A,703
2821,1748,2024-07-09 11:41:26,A,13
2822,28870,2025-12-18 09:07:32,A,1066
2823,36829,2023-04-17 17:16:02,A,293
2824,30861,2023-09-01 21:28:29,A,1253
2825,6931,2023-06-27 21:21:03,A,1268
2826,14093,2024-02-17 08:19:41,A,864
2827,10273,2023-10-15 05:30:31,A,624
2828,15971,2024-01-07 10:45:58,A,1058
2829,28761,2024-04-23 22:11:12,A,738
2830,13607,2024-07-25 12:44:29,A,208
2831,1072,2025-08-22 02:07:30,A,517
2832,7666,2025-05-03 02:43:36,A,1414
2833,20292,2024-01-29 04:39:59,A,993
2834,33066,2024-11-23 23:48:30,A,361
2835,32597,2023-09-15 22:48:26,A,1130
2836,37213,2023-12-07 09:03:29,A,9
2837,523,2024-05-12 08:48:42,A,1116
2838,37746,2024-09-29 13:27:38,A,164
2839,2335,2023-10-15 13:10:02,A,1184
2840,29037,2024-08-05 04:55:09,A,449
2841,4111,2025-05-18 10:03:41,A,774
2842,1074,2025-10-07 10:10:39,A,1437
2843,26629,2025-10-07 17:23:56,A,343
2844,29818,2023-03-26 03:34:11,A,818
2845,6383,2024-03-12 22:08:09,A,75
2846,35860,2024-05-25 12:00:02,A,1411
2847,35358,2025-02-04 00:36:52,A,982
2848,31717,2026-01-28 05:54:08,A,450
2849,36875,2024-05-15 03:08:39,A,667
2850,30549,2025-10-28 15:52:17,A,1431
2851,36041,2023-04-26 17:23:53,A,1375
2852,25896,2024-10-17 10:03:06,A,521
2853,38173,2023-12-28 16:56:28,A,291
2854,20644,2023-07-03 03:10:25,A,727
2855,15535,2023-09-07 12:07:44,A,710
2856,7956,2024-04-16 01:55:55,A,1100
2857,10344,2025-01-03 17:01:57,A,548
2858,39516,2025-09-05 04:58:02,A,982
2859,1076,2025-01-07 10:10:49,A,818
2860,15529,2025-01-14 09:26:05,A,1176
2861,22647,2025-01-23 13:20:01,A,1291
2862,26758,2023-10-27 01:47:44,A,1374
2863,34319,2026-01-21 02:28:44,A,114
2864,27377,2025-01-07 18:08:37,A,681
2865,11932,2025-02-09 13:30:25,A,329
2866,3019,2025-09-29 21:28:06,A,918
2867,7100,2024-07-22 11:44:54,A,741
2868,9726,2025-07-05 21:09:46,A,995
2869,39263,2026-01-20 14:19:14,A,719
2870,26078,2024-05-10 23:36:59,A,514
2871,7840,2025-07-16 01:31:40,A,1107
2872,20514,2024-08-30 04:55:11,A,141
2873,33400,2026-02-23 03:45:01,A,1233
2874,7757,2023-09-06 17:50:39,A,36
2875,35607,2023-08-11 10:40:19,A,1188
2876,24384,2024-11-29 04:10:35,A,351
2877,28145,2025-12-07 05:07:56,A,1408
2878,23365,2023-10-08 08:45:35,A,1175
2879,5927,2024-02-24 10:19:35,A,1474
2880,5111,2025-07-23 08:48:41,A,1194
2881,1946,2026-02-16 03:53:20,A,1351
2882,23521,2023-06-16 12:29:19,A,1396
2883,6071,2024-01-08 01:49:36,A,784
2884,12189,2024-04-07 08:57:37,A,1386
2885,39923,2024-05-05 03:32:34,A,733
2886,23327,2023-06-29 05:36:31,A,620
2887,17482,2025-03-15 02:44:32,A,1424
2888,18386,2026-04-02 07:33:34,A,153
2889,37446,2024-03-24 20:53:28,A,112
2890,33004,2024-04-27 11:59:16,A,601
2891,36550,2025-11-02 14:09:39,A,945
2892,12377,2023-02-11 10:47:03,A,574
2893,15562,2026-01-16 23:59:31,A,1076
2894,26215,2025-07-30 03:04:12,A,909
2895,16895,2025-10-24 04:30:48,A,951
2896,893,2023-08-28 04:29:04,A,97
2897,37132,2023-05-09 21:31:45,A,637
2898,21904,2025-05-31 02:08:31,A,285
2899,12054,2025-09-07 13:32:45,A,654
2900,20546,2023-06-08 23:05:17,A,306
2901,39657,2023-08-06 15:23:41,A,16
2902,36310,2023-06-22 04:35:13,A,868
2903,19401,2026-01-13 21:51:30,A,1197
2904,39472,2025-02-11 01:46:03,A,785
2905,39638,2025-03-05 23:04:34,A,15
2906,18072,2025-11-19 04:15:25,A,655
2907,34659,2025-10-03 12:55:52,A,1198
2908,18927,2023-03-19 05:15:16,A,280
2909,22622,2023-07-06 08:42:49,A,97
2910,3986,2024-02-22 18:15:07,A,71
2911,23705,2024-03-04 19:11:49,A,829
2912,8914,2024-05-29 14:27:24,A,462
2913,35820,2024-12-05 08:03:32,A,948
2914,262,2025-09-16 02:55:17,A,443
2915,32732,2024-06-22 08:47:47,A,883
2916,15687,2024-09-05 23:51:03,A,942
2917,35082,2024-06-20 08:16:31,A,278
2918,32979,2025-03-17 06:39:25,A,497
2919,23247,2024-05-13 00:48:49,A,1500
2920,12823,2024-10-20 11:34:41,A,850
2921,38204,2024-12-04 20:57:22,A,581
2922,1219,2024-08-30 21:19:11,A,643
2923,19765,2025-08-02 02:24:02,A,435
2924,29569,2024-06-30 11:42:28,A,903
2925,14154,2026-01-02 07:51:03,A,422
2926,15150,2025-03-08 23:33:14,A,1328
2927,23850,2025-07-29 06:34:21,A,761
2928,24590,2023-05-01 06:30:35,A,866
2929,9875,2025-04-23 00:37:51,A,507
2930,12871,2026-01-07 04:45:01,A,284
2931,35972,2024-05-31 03:27:32,A,330
2932,9962,2024-10-24 21:34:16,A,1145
2933,12281,2023-03-20 19:00:09,A,540
2934,15478,2025-06-11 05:23:12,A,763
2935,39217,2026-03-04 20:22:12,A,1187
2936,1057,2025-02-20 10:41:29,A,1472
2937,8609,2025-04-17 08:49:47,A,69
2938,28149,2025-06-02 06:20:10,A,611
2939,23410,2023-12-19 19:49:42,A,980
2940,3384,2024-01-20 02:39:52,A,959
2941,18174,2024-07-03 20:35:29,A,753
2942,29782,2025-10-10 12:42:12,A,893
2943,19103,2023-08-21 16:58:00,A,688
2944,29631,2024-07-17 21:56:25,A,702
2945,2916,2025-02-02 17:59:24,A,1126
2946,15683,2024-12-20 11:49:12,A,767
2947,176,2024-05-25 18:01:56,A,697
2948,17297,2023-03-25 10:42:44,A,521
2949,19628,2024-08-29 20:05:56,A,306
2950,39046,2024-06-23 00:29:21,A,817
2951,2020,2025-02-18 15:28:06,A,825
2952,17087,2023-04-19 09:47:19,A,1498
2953,17945,2023-09-26 23:47:25,A,583
2954,18281,2023-11-22 06:57:11,A,489
2955,14574,2024-10-22 21:08:26,A,700
2956,11451,2025-09-20 17:19:14,A,850
2957,7135,2023-09-21 02:08:08,A,455
2958,24068,2025-03-20 05:15:36,A,778
2959,29633,2024-05-03 05:56:33,A,991
2960,5161,2025-03-17 01:36:43,A,619
2961,5641,2023-09-23 16:50:10,A,402
2962,11818,2023-10-02 18:59:55,A,906
2963,25484,2024-02-12 13:54:07,A,455
2964,3385,2024-09-13 05:07:36,A,136
2965,34831,2024-03-07 16:56:46,A,407
2966,39354,2024-04-16 11:22:15,A,147
2967,32192,2024-05-26 12:48:09,A,647
2968,35410,2025-03-27 00:39:37,A,969
2969,7050,2024-07-20 23:18:51,A,652
2970,31002,2026-03-25 08:18:36,A,670
2971,38301,2024-12-29 09:42:30,A,83
2972,10990,2025-09-05 21:58:32,A,1440
2973,1262,2025-10-27 10:20:39,A,654
2974,38285,2024-08-18 18:50:21,A,25
2975,26755,2025-03-30 01:01:40,A,539
2976,31016,2023-05-21 18:26:36,A,1221
2977,3734,2025-12-31 06:50:18,A,1468
2978,679,2023-04-22 15:38:15,A,417
2979,19364,2023-07-12 23:47:03,A,1040
2980,3053,2024-06-20 23:21:54,A,382
2981,33768,2024-11-29 03:57:31,A,283
2982,23361,2025-04-14 08:00:57,A,1417
2983,17528,2024-08-18 06:43:43,A,681
2984,21651,2024-10-29 11:53:22,A,1068
2985,27763,2025-02-13 20:39:39,A,1011
2986,2553,2024-02-25 02:13:40,A,1103
2987,8840,2024-10-08 12:26:48,A,1067
2988,5685,2025-04-23 19:42:34,A,1416
2989,2545,2025-07-30 07:26:24,A,235
2990,1969,2025-08-30 13:33:26,A,1330
2991,13604,2023-05-10 01:57:36,A,1205
2992,3735,2024-04-07 10:55:09,A,1079
2993,2018,2024-12-27 08:14:38,A,979
2994,23083,2025-08-13 05:44:18,A,109
2995,5604,2025-10-08 04:00:48,A,1058
2996,34668,2023-05-27 08:41:22,A,304
2997,26464,2026-02-07 12:37:36,A,127
2998,954,2023-04-14 00:14:13,A,450
2999,17580,2025-01-31 03:30:15,A,502
3000,21966,2024-10-11 17:41:51,A,664
3001,26658,2024-12-19 19:16:31,A,893
3002,25770,2025-01-13 14:46:41,A,1015
3003,28003,2023-06-06 14:44:08,A,435
3004,687,2024-02-02 04:07:39,A,363
3005,14562,2024-08-02 00:03:11,A,1436
3006,7027,2025-01-28 21:42:22,A,1276
3007,9605,2024-04-15 00:44:59,A,1222
3008,16387,2024-12-10 17:19:25,A,1305
3009,25574,2024-04-25 06:58:06,A,601
3010,18153,2024-12-12 03:57:50,A,811
3011,27100,2025-12-01 23:50:23,A,1464
3012,27333,2025-12-23 20:05:57,A,1360
3013,11441,2024-12-03 00:46:52,A,618
3014,18084,2025-05-26 23:10:13,A,549
3015,1490,2023-05-28 21:50:54,A,1108
3016,35341,2023-12-10 13:46:21,A,520
3017,2017,2025-05-24 11:53:43,A,1048
3018,28912,2025-09-01 17:25:36,A,3
3019,25186,2024-03-25 03:05:13,A,763
3020,26533,2024-06-25 22:26:50,A,942
3021,7449,2025-12-20 17:53:16,A,1227
3022,3386,2026-01-04 07:53:11,A,363
3023,2549,2023-12-04 05:03:38,A,653
3024,7815,2025-07-24 21:11:52,A,652
3025,3044,2023-12-14 00:41:42,A,1308
3026,39300,2024-06-05 17:07:20,A,766
3027,442,2024-12-29 20:07:13,A,1361
3028,23166,2025-11-23 19:10:21,A,1058
3029,38513,2025-12-10 19:47:12,A,524
3030,5481,2023-05-08 10:42:37,A,716
3031,11319,2023-09-16 10:27:22,A,308
3032,1058,2025-02-23 07:21:55,A,25
3033,688,2023-10-19 18:13:16,A,580
3034,22880,2023-11-20 13:11:16,A,889
3035,14682,2025-05-22 11:36:40,A,158
3036,6385,2026-01-21 06:20:21,A,86
3037,2544,2023-06-29 14:05:52,A,618
3038,11865,2024-03-30 17:40:04,A,880
3039,15537,2024-12-18 02:18:03,A,86
3040,21160,2024-03-01 06:53:38,A,554
3041,39262,2024-07-24 06:22:37,A,1455
3042,16182,2024-10-31 00:09:49,A,604
3043,11617,2025-02-02 01:18:05,A,92
3044,34027,2023-12-26 23:26:15,A,51
3045,39795,2023-06-23 14:32:58,A,31
3046,27069,2025-08-24 15:52:45,A,30
3047,10911,2023-09-20 18:30:18,A,702
3048,38303,2023-06-02 06:41:22,A,1071
3049,14407,2023-11-01 11:27:39,A,843
3050,2554,2024-03-09 21:02:23,A,946
3051,18632,2024-12-31 07:02:06,A,1436
3052,2539,2025-11-28 04:22:40,A,486
3053,16294,2023-11-20 09:28:06,A,575
3054,18719,2025-02-21 09:49:31,A,925
3055,2552,2025-08-21 01:04:58,A,1056
3056,30859,2023-08-17 17:43:53,A,325
3057,34014,2024-11-04 03:40:56,A,1282
3058,23532,2025-11-23 18:21:25,A,426
3059,957,2025-12-16 07:21:24,A,766
3060,5023,2023-10-11 02:46:10,A,310
3061,31694,2024-11-03 14:15:50,A,1470
3062,1408,2025-07-18 14:11:49,A,1297
3063,12277,2023-04-14 15:09:50,A,1023
3064,19951,2023-09-08 17:59:18,A,924
3065,16852,2023-12-12 06:53:52,A,428
3066,16890,2024-10-27 17:30:22,A,1270
3067,2908,2024-11-11 09:55:47,A,194
3068,32219,2024-06-26 19:35:32,A,1197
3069,20895,2025-01-04 02:41:30,A,262
3070,22928,2023-10-06 07:45:42,A,505
3071,30281,2023-12-25 08:01:57,A,516
3072,29156,2023-11-11 15:51:33,A,1306
3073,2791,2025-02-09 15:53:22,A,1462
3074,35828,2025-02-20 01:55:37,A,623
3075,22311,2025-10-30 02:48:28,A,1234
3076,14952,2026-01-25 13:34:55,A,1341
3077,3737,2025-03-03 03:43:58,A,357
3078,6020,2024-05-25 08:28:51,A,767
3079,5676,2025-10-10 07:21:53,A,454
3080,11558,2023-03-14 03:50:09,A,722
3081,10675,2024-08-14 19:50:03,A,646
3082,5683,2025-02-08 03:51:12,A,260
3083,19702,2023-07-12 10:58:42,A,1049
3084,725,2025-04-02 14:46:53,A,228
3085,38623,2023-08-28 22:36:49,A,361
3086,21081,2026-01-23 05:59:44,A,640
3087,2177,2024-02-21 04:16:10,A,982
3088,672,2024-06-30 01:28:34,A,920
3089,17526,2024-06-17 09:20:10,A,1089
3090,29104,2025-08-18 04:26:30,A,135
3091,5483,2023-12-05 23:49:34,A,1090
3092,1338,2025-07-15 17:31:11,A,300
3093,28188,2026-03-27 16:56:01,A,1229
3094,20627,2024-08-02 22:03:50,A,448
3095,29173,2024-09-19 09:10:53,A,1036
3096,36412,2025-01-27 01:07:10,A,666
3097,23583,2025-07-09 05:34:14,A,106
3098,3039,2025-07-18 12:12:20,A,1239
3099,2542,2025-09-17 18:29:55,A,264
3100,1337,2023-03-13 03:56:41,A,167
3101,6264,2023-07-25 02:24:29,A,551
3102,28055,2023-12-09 02:02:30,A,1217
3103,5067,2024-03-18 17:33:21,A,839
3104,27708,2025-05-20 06:45:33,A,1318
3105,1612,2025-11-18 21:37:52,A,1288
3106,28755,2026-04-15 21:47:15,A,901
3107,32115,2023-09-11 08:37:54,A,1268
3108,33523,2023-10-30 21:39:03,A,601
3109,2551,2025-07-27 02:49:50,A,562
3110,38054,2023-11-26 06:44:18,A,1447
3111,32860,2023-08-22 08:54:31,A,557
3112,13016,2024-08-02 19:35:12,A,277
3113,32467,2026-01-26 19:30:29,A,1398
3114,6810,2026-04-14 16:54:54,A,35
3115,21498,2023-12-29 09:59:50,A,631
3116,13451,2023-12-23 15:45:19,A,1101
3117,15808,2026-01-25 16:29:17,A,1434
3118,10108,2024-06-05 18:57:33,A,592
3119,952,2024-12-21 18:31:59,A,595
3120,30170,2024-12-14 18:14:41,A,1334
3121,21095,2025-05-05 13:18:03,A,287
3122,23310,2024-09-13 18:38:17,A,980
3123,21258,2025-04-09 04:55:24,A,758
3124,38302,2025-02-08 19:53:21,A,1496
3125,15443,2025-05-19 06:16:12,A,517
3126,9616,2024-06-26 17:44:11,A,1038
3127,20642,2024-12-31 16:08:05,A,1249
3128,27472,2023-11-11 19:03:33,A,99
3129,31386,2024-03-23 15:11:51,A,1454
3130,5677,2025-04-05 14:12:43,A,415
3131,2918,2025-06-12 06:06:13,A,522
3132,30846,2023-08-03 12:30:56,A,744
3133,28693,2023-12-29 17:10:52,A,568
3134,29498,2024-04-25 18:30:56,A,997
3135,24572,2025-03-24 12:49:13,A,884
3136,12211,2024-06-21 02:12:12,A,520
3137,7909,2025-07-17 07:20:44,A,1197
3138,25675,2025-10-28 08:02:49,A,52
3139,10460,2024-03-11 17:50:55,A,432
3140,31789,2026-01-08 23:30:21,A,210
3141,19160,2026-01-13 20:45:43,A,1266
3142,9057,2024-06-23 09:55:44,A,275
3143,3872,2023-09-06 10:46:00,A,799
3144,4673,2024-05-02 08:39:11,A,1398
3145,19212,2024-07-19 17:03:08,A,71
3146,17577,2025-08-08 23:13:23,A,948
3147,17237,2023-10-19 19:30:55,A,135
3148,1428,2023-04-24 20:48:45,A,372
3149,6686,2024-09-09 12:46:04,A,976
3150,1407,2024-12-31 00:42:41,A,432
3151,25192,2023-05-16 23:59:54,A,118
3152,18824,2024-09-24 08:13:54,A,1173
3153,10454,2025-07-01 10:35:17,A,220
3154,7276,2023-11-07 09:40:07,A,778
3155,25239,2024-05-25 13:38:48,A,537
3156,1804,2024-07-01 07:26:32,A,1164
3157,4436,2023-08-18 16:06:19,A,1221
3158,32595,2025-12-16 11:01:51,A,728
3159,25087,2023-05-13 09:02:25,A,562
3160,39903,2024-11-29 06:12:51,A,927
3161,3278,2025-01-13 07:00:39,A,404
3162,39961,2023-04-22 08:44:54,A,686
3163,37550,2023-06-08 17:44:56,A,1317
3164,1429,2023-07-10 16:47:02,A,1039
3165,21396,2024-08-18 15:08:14,A,396
3166,15661,2025-12-11 14:57:37,A,1153
3167,11723,2023-12-16 20:19:23,A,1039
3168,22367,2024-12-04 00:47:10,A,235
3169,1803,2025-02-03 14:36:35,A,93
3170,15154,2025-10-14 20:10:23,A,1043
3171,39610,2023-11-07 09:25:03,A,1068
3172,14942,2024-12-12 07:51:07,A,929
3173,16373,2025-03-06 19:16:18,A,791
3174,21182,2025-04-29 05:42:52,A,938
3175,37436,2026-04-06 22:21:52,A,379
3176,17744,2024-03-13 04:51:32,A,26
3177,559,2024-09-10 18:41:12,A,263
3178,16552,2024-11-05 22:15:05,A,1485
3179,38185,2025-02-14 07:04:36,A,9
3180,19116,2026-04-14 05:33:24,A,829
3181,6449,2023-07-23 06:27:42,A,265
3182,8452,2024-07-01 08:44:33,A,401
3183,555,2023-08-24 02:27:11,A,459
3184,18744,2024-02-26 15:46:40,A,1349
3185,9620,2025-03-19 13:14:00,A,970
3186,39161,2024-07-23 01:21:14,A,252
3187,6830,2024-09-30 03:45:52,A,1
3188,36321,2024-08-27 03:51:23,A,694
3189,5813,2025-03-12 16:37:28,A,482
3190,30341,2025-06-09 13:35:02,A,681
3191,37662,2025-11-23 05:20:28,A,799
3192,1842,2024-06-03 20:18:00,A,725
3193,15514,2024-03-03 17:37:45,A,853
3194,29493,2025-04-20 07:38:50,A,417
3195,13338,2025-07-04 01:39:58,A,314
3196,6909,2023-10-07 09:41:25,A,313
3197,28048,2025-08-14 23:27:58,A,32
3198,16818,2023-04-04 06:20:51,A,963
3199,31347,2023-04-03 22:01:26,A,444
3200,10586,2023-12-18 23:46:31,A,1402
3201,20778,2025-07-06 03:33:49,A,232
3202,25355,2025-07-02 17:37:04,A,802
3203,1971,2023-12-14 21:53:53,A,214
3204,12220,2024-07-24 10:05:51,A,1157
3205,32015,2026-01-26 20:03:32,A,66
3206,32652,2024-01-24 02:31:42,A,1081
3207,10622,2024-12-25 18:39:17,A,511
3208,25670,2025-05-10 08:53:44,A,418
3209,35962,2025-09-14 21:16:53,A,1187
3210,15734,2026-02-22 20:39:08,A,341
3211,31545,2023-06-01 16:10:23,A,1492
3212,30824,2024-10-04 19:12:00,A,804
3213,29111,2025-04-19 13:12:20,A,1007
3214,14112,2024-02-25 07:50:47,A,800
3215,13877,2023-08-07 07:49:25,A,563
3216,9194,2025-04-20 11:33:37,A,227
3217,15733,2026-01-25 01:18:50,A,1342
3218,28470,2023-07-30 04:01:42,A,469
3219,16777,2025-12-30 22:42:44,A,852
3220,13297,2023-05-28 04:16:17,A,1143
3221,12222,2025-04-10 01:52:56,A,751
3222,2068,2026-02-14 18:03:56,A,1094
3223,2203,2024-07-24 10:06:43,A,1328
3224,1400,2024-08-11 23:20:37,A,519
3225,22677,2023-06-18 22:50:05,A,924
3226,23190,2024-08-09 17:20:23,A,937
3227,19477,2023-04-29 22:19:43,A,631
3228,19122,2025-02-25 21:23:23,A,1102
3229,10052,2023-04-24 08:49:34,A,1411
3230,17700,2023-09-25 03:15:36,A,863
3231,1405,2024-04-21 00:07:39,A,512
3232,32345,2023-11-02 03:59:18,A,1327
3233,3337,2023-09-12 17:18:04,A,665
3234,1483,2023-12-08 19:40:04,A,672
3235,26471,2024-02-11 17:42:21,A,1209
3236,5810,2024-05-15 22:48:44,A,234
3237,37821,2023-10-24 04:34:46,A,658
3238,1403,2024-12-16 03:33:20,A,1107
3239,20409,2025-01-02 09:35:08,A,908
3240,19496,2025-06-15 16:51:15,A,1229
3241,18168,2026-02-03 06:11:00,A,1123
3242,339,2023-03-13 10:51:22,A,767
3243,11717,2024-02-20 17:33:46,A,206
3244,16997,2024-09-03 00:39:23,A,340
3245,35597,2024-09-22 22:16:03,A,950
3246,5575,2023-11-16 09:17:50,A,137
3247,16418,2024-11-08 13:14:44,A,387
3248,30076,2025-01-20 07:22:31,A,1075
3249,10195,2025-12-28 20:07:14,A,661
3250,25991,2023-05-29 10:12:22,A,1459
3251,22159,2023-08-15 09:06:40,A,1295
3252,21745,2023-11-25 01:21:56,A,1465
3253,557,2025-02-24 06:30:51,A,1300
3254,36995,2023-05-07 05:37:17,A,425
3255,39875,2023-11-24 03:50:09,A,680
3256,36418,2024-06-05 01:15:25,A,460
3257,37130,2024-10-31 08:03:24,A,591
3258,38718,2025-03-31 07:49:54,A,203
3259,18774,2025-12-31 16:15:35,A,642
3260,6498,2023-06-16 09:55:01,A,783
3261,17966,2024-10-27 04:51:50,A,408
3262,14202,2025-06-20 10:36:06,A,1025
3263,8204,2025-10-05 12:51:32,A,197
3264,13484,2023-08-18 05:59:29,A,1309
3265,7755,2023-10-30 21:02:29,A,797
3266,8345,2023-07-05 01:08:32,A,1009
3267,35977,2023-07-02 22:20:29,A,1448
3268,661,2024-05-16 07:41:04,A,710
3269,20417,2025-10-07 18:13:05,A,1465
3270,36015,2023-04-13 11:25:42,A,411
3271,32544,2026-02-03 02:12:52,A,882
3272,6355,2023-06-25 21:15:43,A,457
3273,2038,2023-11-12 21:33:58,A,585
3274,2882,2024-02-01 12:05:32,A,293
3275,7263,2023-11-27 00:24:28,A,913
3276,2,2026-04-21 14:16:42,A,95
3277,27875,2023-06-10 11:57:38,A,1295
3278,11106,2023-04-30 05:51:19,A,652
3279,1402,2024-01-20 07:05:57,A,789
3280,31235,2025-06-19 04:24:58,A,911
3281,12722,2025-06-06 04:57:09,A,1020
3282,15631,2026-01-10 00:27:06,A,955
3283,1427,2024-05-17 13:50:25,A,514
3284,15910,2024-05-17 12:49:50,A,890
3285,32222,2024-08-09 00:34:27,A,1057
3286,18113,2025-06-11 16:35:06,A,405
3287,39569,2025-07-07 23:25:24,A,1029
3288,23104,2025-05-10 08:30:50,A,579
3289,1947,2026-01-31 01:01:04,A,337
3290,12863,2025-02-04 21:29:46,A,186
3291,19322,2025-10-21 05:09:26,A,1052
3292,23640,2023-08-19 06:42:59,A,620
3293,1854,2024-04-18 14:27:49,A,562
3294,5573,2024-08-24 07:49:18,A,1205
3295,15025,2026-03-09 09:03:14,A,1433
3296,2883,2023-04-09 17:03:46,A,250
3297,20326,2024-06-03 20:46:54,A,226
3298,23518,2023-11-06 05:47:01,A,501
3299,23782,2025-03-03 14:11:46,A,1175
3300,11878,2025-11-08 03:43:06,A,168
3301,2450,2025-05-07 20:55:11,A,1081
3302,12696,2025-08-11 18:24:58,A,584
3303,39651,2023-05-17 06:44:15,A,122
3304,24258,2024-07-27 15:09:47,A,1295
3305,12452,2024-10-09 02:10:18,A,325
3306,28415,2025-11-30 14:47:02,A,1291
3307,2310,2026-02-19 09:23:40,A,1090
3308,12374,2025-06-11 04:29:35,A,267
3309,33361,2023-11-20 02:28:18,A,535
3310,33530,2024-09-18 21:11:47,A,422
3311,37888,2025-02-21 22:14:50,A,1380
3312,33986,2025-08-14 08:36:42,A,1383
3313,2035,2025-08-31 21:13:13,A,511
3314,28039,2024-06-01 18:03:57,A,906
3315,32140,2024-08-13 03:07:31,A,1091
3316,35259,2024-08-10 16:58:47,A,212
3317,21134,2025-10-20 14:58:53,A,262
3318,24108,2023-04-07 20:25:13,A,1114
3319,6207,2025-03-31 17:28:28,A,1117
3320,15568,2026-01-15 21:44:15,A,30
3321,15445,2023-05-21 14:47:52,A,1296
3322,14084,2023-06-15 15:32:10,A,1289
3323,28308,2023-07-11 08:38:15,A,1434
3324,4437,2025-08-27 01:53:45,A,1290
3325,2037,2025-04-12 18:55:44,A,890
3326,20630,2023-12-01 13:36:42,A,660
3327,25604,2024-01-11 11:05:09,A,727
3328,25701,2025-09-28 23:26:52,A,366
3329,32121,2025-11-23 07:24:37,A,208
3330,34216,2024-06-02 05:36:35,A,1161
3331,17865,2025-09-01 19:24:57,A,1240
3332,34568,2025-12-22 16:12:12,A,1337
3333,14700,2026-01-05 19:10:10,A,344
3334,28800,2023-07-07 09:24:39,A,1206
3335,23921,2024-03-22 15:56:00,A,419
3336,31435,2024-04-10 19:33:46,A,973
3337,1399,2024-07-17 20:08:07,A,275
3338,31479,2023-02-23 09:59:20,A,429
3339,19219,2025-01-31 12:55:39,A,686
3340,16763,2023-12-21 09:38:34,A,152
3341,38092,2024-04-11 12:14:11,A,81
3342,27207,2025-10-06 04:11:32,A,410
3343,23484,2023-12-05 02:24:54,A,997
3344,30243,2024-08-20 01:53:12,A,117
3345,12732,2024-08-19 15:43:14,A,653
3346,38019,2026-01-08 12:51:29,A,912
3347,12890,2024-06-04 18:56:14,A,258
3348,28861,2024-11-27 17:51:01,A,25
3349,32644,2025-03-15 07:04:20,A,474
3350,24739,2023-05-28 10:21:41,A,330
3351,18907,2024-12-04 00:12:32,A,318
3352,28477,2023-07-03 06:25:59,A,237
3353,6765,2024-07-03 11:00:37,A,1044
3354,9990,2025-07-29 10:57:47,A,267
3355,3406,2023-11-03 14:36:42,A,1210
3356,11704,2024-03-18 09:17:56,A,534
3357,38052,2024-11-21 19:19:54,A,1261
3358,38342,2025-01-21 23:52:55,A,1498
3359,39869,2025-04-22 07:06:21,A,1397
3360,19097,2023-08-27 14:22:21,A,445
3361,33772,2023-11-19 16:32:15,A,709
3362,19081,2025-09-10 21:43:57,A,1360
3363,36567,2023-09-24 09:42:44,A,946
3364,30190,2024-11-07 10:52:31,A,958
3365,28873,2026-02-05 17:47:16,A,1384
3366,11083,2024-09-19 12:26:47,A,245
3367,5410,2023-06-04 03:13:57,A,1439
3368,27076,2023-12-31 21:08:54,A,291
3369,34579,2025-12-14 03:14:16,A,728
3370,24515,2023-04-01 19:37:48,A,983
3371,5194,2025-09-13 11:34:41,A,258
3372,15886,2023-03-17 01:45:42,A,977
3373,25068,2025-08-01 12:13:14,A,584
3374,9277,2024-10-12 05:11:17,A,969
3375,23009,2024-11-19 09:28:29,A,190
3376,34325,2025-03-04 04:42:02,A,795
3377,31963,2024-09-16 19:23:09,A,898
3378,21278,2023-04-29 23:22:32,A,46
3379,27937,2024-04-13 21:13:14,A,1470
3380,16572,2024-09-30 14:38:34,A,484
3381,4574,2023-08-18 04:12:59,A,992
3382,32483,2024-02-13 16:37:01,A,148
3383,33682,2025-06-09 08:33:49,A,246
3384,15166,2023-10-01 08:31:40,A,1109
3385,6162,2023-12-08 13:18:04,A,1498
3386,31762,2024-04-15 17:20:02,A,656
3387,16884,2025-11-29 01:03:14,A,516
3388,18553,2023-04-19 09:35:50,A,143
3389,27993,2025-04-25 04:07:28,A,339
3390,37708,2023-09-12 10:36:50,A,945
3391,4864,2025-10-11 17:52:36,A,496
3392,30464,2026-02-10 00:56:15,A,592
3393,25736,2023-04-26 00:12:33,A,904
3394,24288,2024-06-23 18:10:05,A,369
3395,24091,2025-07-28 15:42:19,A,228
3396,22912,2024-01-14 11:18:09,A,281
3397,32884,2024-05-20 22:55:58,A,1415
3398,25864,2025-05-23 02:15:34,A,1029
3399,19536,2025-09-12 22:37:40,A,770
3400,283,2025-10-20 10:29:17,A,237
3401,23545,2023-06-13 21:47:29,A,1334
3402,32170,2023-10-31 20:04:54,A,322
3403,3038,2024-03-19 01:58:28,A,1194
3404,9261,2023-08-08 22:52:29,A,1450
3405,6400,2023-11-24 18:30:03,A,1398
3406,5283,2023-09-08 13:31:22,A,1146
3407,22349,2024-07-30 04:07:23,A,1130
3408,39291,2023-07-14 01:52:25,A,536
3409,4863,2024-12-02 14:41:53,A,320
3410,4862,2025-09-02 10:12:06,A,1150
3411,11524,2023-05-09 23:21:45,A,718
3412,4565,2023-10-25 12:00:40,A,3
3413,26590,2023-09-03 20:10:21,A,402
3414,4567,2024-02-16 04:50:53,A,1051
3415,34389,2026-02-03 04:24:07,A,1374
3416,22952,2024-07-17 05:43:53,A,1053
3417,195,2023-07-16 14:07:44,A,561
3418,11557,2023-12-31 07:10:30,A,107
3419,28666,2024-07-27 20:07:29,A,833
3420,8005,2025-01-12 05:12:43,A,1131
3421,26932,2025-04-15 19:44:07,A,441
3422,2330,2025-04-26 00:41:12,A,91
3423,11706,2025-07-09 03:53:12,A,13
3424,5814,2023-09-22 18:58:16,A,219
3425,9343,2024-01-05 11:59:27,A,784
3426,24673,2025-01-29 07:20:39,A,1208
3427,15968,2023-10-29 14:17:50,A,24
3428,29304,2024-07-23 16:20:10,A,101
3429,3413,2025-04-23 08:49:40,A,1352
3430,10138,2025-12-18 06:47:49,A,924
3431,21203,2024-05-18 15:30:16,A,446
3432,33102,2025-12-29 10:50:22,A,326
3433,29351,2024-02-17 09:40:21,A,621
3434,1478,2025-08-07 01:25:01,A,655
3435,18347,2025-10-12 09:52:24,A,1417
3436,10927,2025-11-27 02:56:39,A,77
3437,28222,2026-02-20 14:16:01,A,841
3438,14328,2025-05-31 04:54:42,A,1391
3439,13746,2025-12-24 08:49:50,A,1065
3440,5266,2025-04-01 04:38:31,A,1248
3441,27286,2025-08-11 11:37:02,A,691
3442,6791,2025-03-26 23:14:52,A,995
3443,26185,2025-10-18 16:45:46,A,1162
3444,862,2023-05-15 06:47:36,A,342
3445,15340,2023-10-06 01:23:09,A,365
3446,19781,2023-12-08 15:05:40,A,994
3447,29463,2024-02-15 20:36:05,A,1426
3448,13876,2025-06-01 08:09:41,A,962
3449,8567,2025-06-29 05:56:03,A,60
3450,39321,2025-10-04 04:41:57,A,1311
3451,17523,2023-06-14 17:20:55,A,468
3452,39974,2025-02-26 06:12:46,A,67
3453,17439,2025-09-08 02:23:27,A,836
3454,3300,2023-04-17 15:02:48,A,264
3455,24847,2023-11-22 04:41:39,A,1032
3456,35555,2023-07-11 14:25:33,A,1481
3457,25634,2024-03-27 17:35:40,A,50
3458,34269,2024-04-24 20:42:34,A,91
3459,4859,2025-08-09 20:00:53,A,1104
3460,39402,2023-10-26 05:04:20,A,426
3461,33427,2025-12-31 23:12:55,A,1477
3462,6586,2023-06-15 19:14:13,A,1317
3463,197,2025-07-27 05:11:51,A,559
3464,24159,2025-09-09 19:03:47,A,634
3465,8856,2024-03-22 20:10:30,A,949
3466,10553,2024-03-10 15:37:14,A,569
3467,30903,2024-06-07 18:07:44,A,1253
3468,38649,2024-06-24 00:54:45,A,359
3469,5265,2025-12-11 17:14:18,A,263
3470,18983,2024-02-28 15:36:33,A,3
3471,24045,2024-02-12 20:01:58,A,283
3472,39864,2024-04-29 15:12:39,A,728
3473,18811,2024-10-13 06:56:27,A,1131
3474,33602,2025-03-22 07:58:51,A,649
3475,16121,2025-06-18 00:54:45,A,1138
3476,4858,2024-02-13 19:49:02,A,6
3477,4422,2024-06-14 03:11:20,A,466
3478,13265,2025-04-03 01:51:02,A,1264
3479,15112,2025-06-16 22:20:08,A,1471
3480,907,2025-04-25 22:06:56,A,84
3481,38758,2025-11-14 13:57:33,A,1058
3482,2497,2026-02-12 13:10:49,A,990
3483,37663,2025-02-03 10:10:31,A,11
3484,4572,2024-02-07 12:22:26,A,75
3485,28602,2024-01-31 18:11:21,A,1346
3486,24168,2025-06-24 15:10:23,A,326
3487,16517,2025-12-08 10:58:39,A,632
3488,13789,2023-10-18 11:59:02,A,754
3489,19355,2025-02-25 20:00:07,A,101
3490,15672,2025-09-03 21:35:41,A,194
3491,26579,2024-05-02 10:09:38,A,43
3492,8806,2025-04-07 19:24:19,A,1102
3493,3187,2024-10-19 04:17:01,A,69
3494,5816,2024-02-26 02:56:40,A,1026
3495,22047,2024-05-12 05:58:52,A,947
3496,36998,2024-05-26 00:07:30,A,155
3497,36426,2025-02-13 09:19:01,A,1219
3498,1479,2024-05-26 21:25:07,A,170
3499,34197,2024-12-19 06:05:45,A,267
3500,24507,2025-01-09 13:02:59,A,857
3501,15044,2023-09-29 20:58:34,A,732
3502,201,2024-04-16 23:27:08,A,76
3503,14196,2025-08-29 06:58:42,A,966
3504,14399,2023-11-06 13:53:27,A,823
3505,26400,2024-01-25 03:38:34,A,1076
3506,13324,2025-09-21 23:06:54,A,1067
3507,19057,2025-07-30 12:36:51,A,804
3508,9099,2026-01-08 05:12:04,A,207
3509,19942,2023-12-04 00:47:35,A,1092
3510,770,2024-03-27 06:49:19,A,196
3511,28115,2024-10-05 16:31:12,A,1250
3512,20917,2025-12-02 21:59:10,A,1224
3513,31172,2023-09-23 22:02:15,A,703
3514,12014,2025-04-01 04:36:49,A,1445
3515,28974,2026-01-17 17:03:19,A,771
3516,4018,2025-01-19 14:36:37,A,890
3517,11439,2025-05-25 12:15:45,A,1227
3518,21665,2024-04-24 18:54:27,A,156
3519,26119,2024-10-06 13:37:29,A,496
3520,16978,2025-01-15 05:14:37,A,1302
3521,19655,2025-09-12 08:18:40,A,240
3522,23424,2025-09-30 00:20:04,A,689
3523,35423,2024-01-22 02:04:08,A,1421
3524,36707,2024-02-09 11:29:26,A,828
3525,24997,2025-05-30 15:27:29,A,608
3526,27861,2024-07-20 04:46:10,A,882
3527,17955,2025-05-14 17:13:40,A,1405
3528,11192,2025-12-20 12:56:05,A,985
3529,6957,2024-11-24 01:05:27,A,191
3530,8408,2025-11-07 11:40:59,A,925
3531,34329,2026-04-15 19:27:33,A,721
3532,18171,2023-08-04 06:26:23,A,831
3533,12263,2023-06-11 01:06:17,A,1109
3534,36147,2023-07-20 01:01:44,A,347
3535,38520,2023-04-20 11:42:06,A,880
3536,3407,2024-06-25 09:31:35,A,127
3537,26796,2025-02-12 20:14:17,A,1162
3538,284,2023-07-18 16:06:41,A,276
3539,4561,2023-10-25 10:46:00,A,694
3540,3390,2025-12-11 03:56:39,A,1155
3541,4244,2023-05-21 08:14:33,A,51
3542,16716,2024-07-10 22:39:40,A,993
3543,3298,2024-09-19 13:23:03,A,1423
3544,19370,2023-07-04 03:44:29,A,543
3545,35836,2023-11-02 04:18:16,A,469
3546,4262,2024-08-28 23:34:13,A,1149
3547,26218,2025-07-15 10:40:28,A,131
3548,13860,2026-03-16 00:59:24,A,1484
3549,17354,2023-02-27 14:44:33,A,1410
3550,37934,2025-12-21 23:02:34,A,865
3551,3193,2025-01-03 04:35:47,A,712
3552,4265,2023-04-01 06:08:46,A,108
3553,12738,2024-03-11 14:47:21,A,1441
3554,3389,2025-08-28 04:22:49,A,1037
3555,5264,2025-09-11 07:54:08,A,356
3556,15190,2023-06-21 09:52:06,A,667
3557,13020,2025-12-25 19:26:49,A,842
3558,22109,2025-12-11 00:39:31,A,383
3559,25888,2024-06-09 13:30:25,A,930
3560,13236,2026-01-29 17:50:54,A,894
3561,6929,2023-07-16 02:03:42,A,1347
3562,19282,2023-06-26 06:24:59,A,777
3563,18343,2025-08-02 02:03:50,A,1411
3564,26323,2024-02-24 12:33:56,A,717
3565,24626,2026-02-14 22:13:20,A,733
3566,8298,2024-05-03 17:41:28,A,766
3567,6659,2024-01-10 19:54:29,A,866
3568,12647,2024-08-28 20:00:15,A,1170
3569,39684,2024-11-03 17:19:17,A,35
3570,37866,2025-03-08 11:27:30,A,549
3571,19389,2023-12-11 06:56:36,A,520
3572,4573,2024-03-26 21:41:34,A,1273
3573,25697,2026-02-15 13:57:44,A,606
3574,36915,2024-06-19 18:41:36,A,46
3575,26197,2024-12-04 14:29:00,A,389
3576,18400,2025-06-06 01:24:02,A,1405
3577,4867,2024-11-29 12:52:07,A,1279
3578,4566,2025-03-09 13:33:41,A,819
3579,38153,2025-08-27 01:51:41,A,1082
3580,22702,2026-02-01 08:24:47,A,92
3581,12855,2025-04-28 02:28:47,A,1070
3582,33776,2025-12-30 23:19:43,A,1213
3583,3410,2024-04-16 13:02:24,A,482
3584,4564,2025-08-15 03:35:38,A,518
3585,23366,2024-03-07 23:03:00,A,448
3586,25155,2025-02-24 14:00:57,A,544
3587,164,2025-03-17 02:08:03,A,1223
3588,20732,2025-10-19 15:52:03,A,1347
3589,27696,2025-10-06 01:37:00,A,805
3590,36987,2025-09-29 13:57:45,A,829
3591,24146,2023-05-24 16:20:26,A,352
3592,6648,2024-03-26 17:20:45,A,1092
3593,22869,2024-12-11 21:11:43,A,608
3594,8952,2026-03-05 12:57:06,A,423
3595,6697,2023-05-31 16:09:15,A,1087
3596,5126,2023-11-12 21:07:35,A,755
3597,2580,2023-12-21 17:19:44,A,569
3598,35735,2024-11-11 10:39:24,A,753
3599,33659,2025-06-19 09:50:15,A,997
3600,2314,2023-05-10 10:58:28,A,781
3601,14685,2025-02-19 15:18:54,A,71
3602,5920,2025-09-13 08:53:37,A,896
3603,25016,2026-01-22 22:30:11,A,1087
3604,14310,2023-10-13 10:23:31,A,966
3605,37494,2024-01-27 13:17:03,A,370
3606,21339,2025-05-30 06:09:55,A,1081
3607,10909,2025-11-16 18:02:54,A,684
3608,29796,2024-05-15 10:34:04,A,364
3609,4364,2024-10-20 08:08:01,A,15
3610,6804,2025-03-30 03:10:06,A,649
3611,6048,2024-09-13 04:53:27,A,791
3612,5887,2025-03-27 17:38:19,A,357
3613,8807,2025-09-21 14:01:31,A,783
3614,7907,2024-07-09 20:22:17,A,422
3615,10452,2026-01-01 16:42:40,A,712
3616,7557,2026-04-09 22:00:08,A,956
3617,21765,2023-04-23 08:54:08,A,544
3618,19327,2025-08-30 04:11:25,A,391
3619,5035,2025-07-08 17:35:17,A,851
3620,5783,2023-10-04 20:22:47,A,39
3621,14162,2024-02-26 09:14:43,A,464
3622,26098,2023-10-16 07:03:53,A,80
3623,16855,2024-04-03 16:10:45,A,723
3624,1273,2024-10-17 19:27:53,A,711
3625,33928,2023-08-20 08:06:30,A,34
3626,28446,2025-04-28 23:57:39,A,264
3627,6537,2026-01-15 16:48:02,A,799
3628,2559,2024-07-04 16:52:51,A,877
3629,26108,2024-11-29 23:17:44,A,856
3630,1310,2025-07-23 23:34:44,A,1090
3631,19010,2026-03-12 10:25:43,A,946
3632,15341,2023-09-20 05:44:24,A,1330
3633,35381,2025-03-04 15:38:31,A,1040
3634,19297,2023-02-23 21:47:52,A,911
3635,6637,2025-05-01 15:24:29,A,468
3636,8234,2025-11-05 04:55:39,A,781
3637,36815,2025-12-06 07:36:36,A,1226
3638,6591,2024-08-30 23:03:52,A,542
3639,23231,2024-11-09 02:12:47,A,822
3640,24166,2023-12-28 06:45:59,A,903
3641,379,2025-10-18 01:58:46,A,930
3642,7010,2023-09-28 06:50:51,A,116
3643,22568,2024-05-23 06:01:48,A,299
3644,11598,2024-07-29 19:48:08,A,1497
3645,20910,2024-09-14 02:25:06,A,460
3646,11366,2025-01-07 11:13:43,A,208
3647,180,2025-07-28 01:37:46,A,823
3648,3489,2024-04-06 01:31:25,A,412
3649,28696,2023-06-25 22:38:50,A,218
3650,28203,2025-01-23 10:32:26,A,896
3651,39108,2023-11-25 17:59:46,A,1237
3652,20059,2025-11-08 20:12:54,A,1020
3653,35456,2026-02-26 06:13:47,A,1172
3654,30884,2024-05-13 09:24:32,A,1381
3655,24557,2024-07-06 17:23:33,A,361
3656,32581,2024-09-20 15:18:59,A,89
3657,36863,2025-05-06 07:47:17,A,119
3658,16490,2023-03-26 20:54:27,A,1429
3659,35550,2023-08-04 19:45:15,A,718
3660,7952,2025-01-28 04:36:26,A,399
3661,9469,2025-08-07 21:17:40,A,1201
3662,33613,2026-03-19 20:03:30,A,428
3663,25496,2023-02-20 19:49:11,A,556
3664,7466,2023-09-19 16:47:53,A,668
3665,5613,2024-01-16 01:58:16,A,317
3666,31283,2023-06-17 02:49:15,A,926
3667,75,2025-03-18 11:32:14,A,988
3668,700,2025-11-17 14:06:00,A,1221
3669,2313,2024-11-16 18:19:40,A,141
3670,31773,2023-04-24 19:25:21,A,792
3671,9645,2023-11-17 02:36:12,A,745
3672,16587,2023-11-22 05:25:11,A,926
3673,10817,2024-05-26 12:29:34,A,115
3674,5878,2024-07-01 22:22:53,A,102
3675,36516,2024-10-03 05:18:57,A,418
3676,23913,2025-03-31 13:34:35,A,1034
3677,21561,2025-04-16 16:19:43,A,1034
3678,18106,2024-05-24 04:14:13,A,939
3679,7399,2025-04-20 12:33:52,A,792
3680,26345,2025-08-26 18:03:58,A,1134
3681,26021,2026-03-26 13:30:50,A,167
3682,34910,2023-11-22 07:38:10,A,501
3683,10184,2023-11-12 03:01:59,A,355
3684,17044,2024-12-01 11:23:01,A,173
3685,3857,2025-03-29 23:13:04,A,710
3686,5127,2023-03-17 11:00:31,A,516
3687,11666,2023-03-28 22:08:24,A,838
3688,5174,2023-11-30 06:54:23,A,1309
3689,7337,2024-04-17 08:34:23,A,1134
3690,26195,2024-03-20 09:45:40,A,1473
3691,25420,2024-08-11 11:08:27,A,1003
3692,19847,2025-01-13 23:13:15,A,58
3693,158,2026-01-03 06:37:07,A,934
3694,19478,2023-10-26 22:51:37,A,1328
3695,3949,2025-01-08 20:55:45,A,1323
3696,6593,2025-05-21 22:19:36,A,1080
3697,28866,2026-01-29 20:32:01,A,408
3698,38315,2026-02-10 20:01:53,A,488
3699,20942,2023-05-16 03:21:59,A,242
3700,25180,2025-10-17 01:14:28,A,894
3701,12588,2024-08-17 10:35:59,A,653
3702,2056,2025-01-14 18:22:17,A,51
3703,31862,2024-02-08 10:32:26,A,1480
3704,6051,2024-10-01 14:36:47,A,528
3705,35672,2025-01-15 01:44:54,A,344
3706,2824,2026-04-03 23:41:56,A,906
3707,29986,2023-07-30 09:20:56,A,264
3708,32888,2024-12-31 09:30:51,A,194
3709,9965,2023-11-09 04:30:36,A,345
3710,3836,2024-08-04 00:07:53,A,1134
3711,20693,2024-10-30 15:39:26,A,1042
3712,31125,2025-12-23 20:10:09,A,237
3713,10651,2025-03-25 04:54:17,A,1470
3714,4363,2023-08-22 01:00:04,A,709
3715,3973,2024-04-05 07:09:20,A,819
3716,17525,2024-07-09 00:36:47,A,1056
3717,13516,2025-03-30 13:04:36,A,1379
3718,23001,2026-02-11 20:42:42,A,600
3719,37137,2023-12-20 20:30:34,A,504
3720,4362,2024-09-21 09:03:21,A,973
3721,6050,2025-02-20 01:40:27,A,470
3722,21404,2025-04-11 16:29:17,A,1394
3723,25970,2024-03-07 13:29:39,A,199
3724,29797,2025-03-13 11:36:59,A,585
3725,9016,2025-07-31 17:39:22,A,902
3726,32666,2025-11-09 10:03:07,A,441
3727,24226,2026-01-04 22:58:08,A,749
3728,8994,2023-11-24 07:57:45,A,829
3729,10547,2024-06-04 09:10:01,A,959
3730,5892,2024-08-25 21:14:44,A,1019
3731,1983,2025-02-07 13:33:26,A,379
3732,37235,2025-09-15 06:21:01,A,1367
3733,8236,2025-07-21 17:43:51,A,1376
3734,2825,2023-10-02 11:59:54,A,836
3735,2312,2024-06-06 21:02:24,A,818
3736,22936,2025-01-15 14:29:35,A,99
3737,2061,2026-02-02 04:34:29,A,1311
3738,33032,2024-07-10 19:18:01,A,1280
3739,2369,2025-05-08 23:42:40,A,1144
3740,5921,2025-04-20 15:24:22,A,502
3741,8253,2024-02-17 04:08:01,A,1398
3742,34472,2024-05-20 03:49:41,A,1245
3743,14029,2025-10-14 03:56:42,A,1084
3744,12857,2024-03-03 12:29:03,A,849
3745,13140,2025-07-24 10:01:31,A,316
3746,37600,2023-07-04 14:11:51,A,1440
3747,30163,2024-12-14 07:25:00,A,488
3748,33367,2025-05-27 07:26:06,A,805
3749,17011,2025-03-15 09:03:50,A,971
3750,22288,2025-05-04 05:43:04,A,326
3751,1306,2025-06-06 01:37:11,A,1191
3752,2372,2025-04-08 04:09:04,A,1104
3753,13460,2024-05-26 16:34:23,A,172
3754,19104,2024-12-29 12:04:54,A,237
3755,18904,2026-01-26 11:46:57,A,1031
3756,36101,2023-07-16 07:09:30,A,1021
3757,5865,2023-08-12 00:26:11,A,709
3758,36757,2024-07-01 07:05:50,A,460
3759,4356,2025-02-04 10:46:09,A,126
3760,29781,2023-05-03 05:13:53,A,593
3761,32386,2025-01-07 02:54:08,A,1176
3762,18722,2023-05-20 06:57:33,A,535
3763,15320,2024-04-19 09:11:39,A,379
3764,37863,2025-10-19 03:06:09,A,328
3765,4357,2026-01-11 01:19:41,A,1050
3766,30463,2024-11-06 05:29:14,A,683
3767,12161,2025-03-16 22:49:51,A,948
3768,36806,2024-03-23 02:43:27,A,874
3769,16846,2024-10-13 21:10:15,A,924
3770,13941,2023-09-27 08:55:11,A,825
3771,34346,2025-12-27 22:26:54,A,874
3772,37179,2023-06-27 09:16:41,A,492
3773,431,2025-06-18 13:01:00,A,1007
3774,20157,2023-10-16 15:12:59,A,591
3775,14790,2024-11-13 13:53:34,A,471
3776,12564,2025-03-03 15:03:01,A,1352
3777,19685,2025-03-03 17:04:22,A,1251
3778,12924,2026-02-06 03:11:00,A,179
3779,33991,2023-06-15 11:46:41,A,952
3780,17625,2025-11-12 19:38:27,A,821
3781,1897,2023-03-28 02:04:32,A,727
3782,6977,2025-01-08 01:41:52,A,1453
3783,10294,2025-05-01 16:11:42,A,1471
3784,4102,2025-10-18 01:55:57,A,786
3785,5868,2023-07-11 17:11:52,A,1236
3786,18930,2024-02-08 18:35:08,A,504
3787,15414,2025-05-19 11:58:43,A,89
3788,2210,2024-05-28 18:41:24,A,656
3789,26214,2025-07-06 03:01:17,A,974
3790,9844,2023-04-06 17:41:21,A,361
3791,38634,2024-11-07 19:06:56,A,1382
3792,14597,2025-06-03 21:12:57,A,745
3793,36300,2023-05-04 09:32:56,A,1447
3794,2207,2023-07-30 03:28:36,A,454
3795,2208,2024-08-02 23:26:45,A,1252
3796,39706,2026-02-23 16:19:51,A,128
3797,1004,2024-04-15 08:09:08,A,104
3798,34860,2024-10-17 17:44:01,A,715
3799,26867,2026-01-20 01:20:19,A,1492
3800,26053,2025-09-12 05:43:51,A,477
3801,33424,2025-11-12 16:06:17,A,700
3802,433,2024-12-19 15:36:07,A,294
3803,4348,2024-07-17 17:06:07,A,719
3804,36906,2024-02-29 20:46:01,A,419
3805,4104,2025-04-24 19:50:11,A,55
3806,15768,2025-12-06 05:07:12,A,672
3807,2048,2026-02-02 18:18:20,A,1071
3808,18947,2024-05-14 15:27:18,A,1382
3809,18455,2024-08-17 15:31:00,A,889
3810,26047,2025-12-01 17:34:52,A,1415
3811,31999,2023-09-17 11:31:46,A,183
3812,10799,2024-05-08 03:56:20,A,857
3813,9321,2024-07-08 13:32:58,A,289
3814,5743,2025-03-16 09:07:34,A,819
3815,30602,2025-08-20 10:28:43,A,815
3816,14253,2026-01-12 15:32:54,A,1189
3817,36867,2024-06-08 17:09:00,A,575
3818,25117,2024-04-09 16:28:13,A,491
3819,30265,2024-06-08 05:44:32,A,741
3820,37336,2023-06-15 16:53:52,A,744
3821,13468,2023-09-03 06:07:28,A,716
3822,26208,2024-12-06 23:09:44,A,1356
3823,20831,2025-11-11 01:28:46,A,313
3824,4386,2024-02-07 09:08:27,A,1398
3825,33619,2025-03-24 04:05:18,A,794
3826,15366,2023-06-23 17:51:22,A,369
3827,636,2024-01-24 23:25:40,A,1480
3828,28804,2024-05-07 23:04:03,A,1406
3829,9654,2024-09-23 05:36:47,A,827
3830,35458,2024-11-24 15:39:22,A,355
3831,16667,2025-04-06 16:09:04,A,239
3832,13716,2025-10-28 22:18:28,A,1443
3833,32637,2025-05-07 05:39:06,A,833
3834,20335,2024-04-08 21:26:41,A,569
3835,32720,2025-10-19 22:39:03,A,693
3836,6033,2026-01-03 16:54:50,A,244
3837,31286,2023-03-06 06:44:13,A,877
3838,17708,2025-08-06 07:47:59,A,1362
3839,36030,2023-10-27 15:28:34,A,219
3840,8081,2024-01-18 12:21:39,A,700
3841,29738,2024-05-01 22:28:39,A,1323
3842,33758,2025-01-24 05:48:25,A,266
3843,2902,2025-02-15 20:30:10,A,383
3844,640,2025-12-17 11:09:20,A,843
3845,16626,2025-02-22 22:54:26,A,813
3846,38197,2025-12-19 19:49:39,A,1043
3847,14280,2024-05-06 20:41:11,A,450
3848,14120,2024-09-10 13:21:30,A,126
3849,8791,2025-07-02 11:07:18,A,54
3850,29323,2025-10-03 08:10:03,A,410
3851,9168,2023-09-26 11:20:29,A,389
3852,38606,2024-11-20 01:58:04,A,31
3853,33911,2025-02-22 02:03:14,A,231
3854,6379,2024-04-18 03:55:45,A,429
3855,13155,2024-07-20 05:07:22,A,20
3856,33243,2025-06-01 10:17:48,A,373
3857,1911,2023-09-22 18:24:37,A,904
3858,18191,2025-06-12 05:52:44,A,860
3859,2375,2023-03-31 07:32:55,A,1334
3860,38080,2024-10-27 06:03:54,A,894
3861,22709,2025-03-15 09:27:16,A,119
3862,23301,2025-01-02 09:42:19,A,1108
3863,33354,2024-02-01 19:13:49,A,237
3864,33301,2024-03-14 11:08:11,A,280
3865,39732,2024-09-13 12:21:41,A,286
3866,27146,2025-06-28 14:08:55,A,112
3867,23167,2025-12-07 20:10:26,A,1323
3868,31060,2023-12-13 22:58:07,A,919
3869,12739,2025-03-02 07:56:00,A,237
3870,10262,2025-10-31 11:38:52,A,1353
3871,2650,2025-08-05 15:35:12,A,183
3872,22875,2025-02-10 09:40:20,A,830
3873,6635,2025-07-27 21:59:59,A,570
3874,1892,2025-12-23 20:41:35,A,183
3875,633,2023-10-07 09:43:59,A,1499
3876,4351,2023-11-03 21:33:01,A,754
3877,1883,2024-06-27 11:25:14,A,8
3878,13759,2025-09-05 14:43:47,A,749
3879,28459,2024-07-28 11:12:56,A,236
3880,27149,2023-09-08 17:27:28,A,109
3881,14366,2024-07-28 05:09:26,A,686
3882,39387,2025-03-23 22:01:13,A,1431
3883,38616,2025-08-24 15:47:26,A,1494
3884,18782,2025-09-21 12:15:26,A,1094
3885,34005,2023-04-30 06:37:42,A,1060
3886,28097,2024-05-12 01:14:44,A,1118
3887,17917,2024-08-20 13:57:21,A,1331
3888,37065,2025-05-23 08:26:39,A,1268
3889,14885,2024-04-09 04:51:18,A,249
3890,12235,2024-08-03 00:56:47,A,736
3891,37499,2025-08-07 12:12:19,A,299
3892,12128,2023-09-16 17:50:04,A,891
3893,27125,2024-10-01 09:08:38,A,921
3894,10600,2025-12-06 14:43:07,A,1328
3895,28143,2023-05-15 11:05:31,A,340
3896,4100,2025-12-07 23:29:24,A,1381
3897,28685,2024-04-25 18:26:56,A,141
3898,5383,2024-08-18 16:06:54,A,672
3899,1670,2025-10-29 08:57:40,A,617
3900,14655,2024-07-30 02:09:37,A,511
3901,39991,2024-12-19 16:28:01,A,1332
3902,7825,2025-10-11 04:14:59,A,1356
3903,14737,2023-05-04 18:10:21,A,529
3904,26871,2023-11-08 10:07:07,A,1285
3905,30359,2025-11-03 09:01:07,A,354
3906,23769,2026-01-06 22:14:00,A,985
3907,25679,2023-11-05 09:01:05,A,1161
3908,15903,2024-01-22 19:40:18,A,1309
3909,30807,2024-10-17 05:00:30,A,882
3910,634,2026-02-03 02:36:35,A,998
3911,27940,2023-05-12 06:49:02,A,861
3912,2052,2024-02-11 03:50:10,A,628
3913,35480,2024-09-09 14:09:22,A,588
3914,19289,2024-12-03 05:25:36,A,519
3915,39553,2025-04-21 21:41:49,A,1286
3916,9329,2025-06-26 06:40:08,A,978
3917,36527,2025-01-14 11:50:32,A,985
3918,32598,2025-03-14 20:27:35,A,1352
3919,15146,2025-05-23 02:06:54,A,1274
3920,33698,2024-06-02 16:18:36,A,1430
3921,7299,2025-12-20 02:18:37,A,880
3922,11025,2023-09-05 07:26:58,A,160
3923,26630,2024-06-25 16:40:15,A,986
3924,36849,2025-03-07 05:09:47,A,833
3925,5839,2024-02-26 07:52:54,A,1260
3926,19727,2024-08-28 00:09:47,A,872
3927,10939,2025-10-09 18:10:23,A,744
3928,33402,2026-01-03 07:41:38,A,150
3929,36351,2025-02-22 07:54:17,A,7
3930,24344,2025-09-13 01:57:36,A,1242
3931,33997,2023-08-05 11:40:32,A,128
3932,24564,2026-01-01 01:07:39,A,865
3933,2160,2025-02-15 21:16:31,A,918
3934,1907,2025-07-14 05:58:17,A,365
3935,1893,2023-09-17 03:16:42,A,508
3936,34151,2024-01-30 22:29:33,A,773
3937,11169,2024-03-20 05:06:44,A,389
3938,11487,2025-04-08 19:30:35,A,86
3939,26308,2025-11-15 22:19:37,A,1326
3940,18180,2023-05-29 19:25:38,A,941
3941,28795,2023-08-30 06:37:52,A,13
3942,8907,2024-03-17 04:52:17,A,462
3943,1671,2025-05-22 22:24:17,A,45
3944,3253,2025-10-13 21:05:38,A,1047
3945,39698,2023-09-20 19:51:53,A,86
3946,20218,2025-09-27 02:44:00,A,956
3947,16747,2026-02-26 15:32:35,A,376
3948,39174,2023-11-14 16:30:15,A,144
3949,14993,2024-01-06 02:27:54,A,418
3950,18324,2024-08-14 11:11:26,A,508
3951,17724,2024-01-06 04:58:34,A,1040
3952,5636,2024-11-10 17:32:55,A,633
3953,10915,2023-09-28 17:03:52,A,991
3954,9341,2024-03-29 23:03:37,A,709
3955,13205,2025-08-24 06:14:48,A,991
3956,10048,2025-06-23 08:18:45,A,1108
3957,33485,2025-12-30 01:25:28,A,1121
3958,29587,2023-08-18 23:53:43,A,321
3959,33122,2024-08-06 01:11:59,A,121
3960,11063,2023-07-21 15:15:16,A,256
3961,16497,2024-09-12 16:02:39,A,343
3962,11785,2024-12-27 07:47:10,A,619
3963,19649,2025-10-09 01:27:10,A,1241
3964,31306,2024-06-09 14:16:41,A,1421
3965,27484,2026-03-13 16:40:08,A,1351
3966,39841,2023-10-24 20:52:12,A,173
3967,16136,2024-09-24 19:34:34,A,1037
3968,25105,2025-05-22 11:58:06,A,1377
3969,32304,2026-01-05 02:00:58,A,1244
3970,19050,2024-05-02 07:07:01,A,659
3971,23737,2025-05-13 16:59:27,A,491
3972,30535,2023-09-29 03:12:52,A,1413
3973,5423,2023-12-31 05:49:21,A,1305
3974,29814,2024-08-06 09:58:55,A,1293
3975,22579,2025-05-23 06:11:27,A,857
3976,28979,2025-10-03 23:16:35,A,318
3977,13373,2024-03-27 11:36:29,A,206
3978,33041,2025-12-27 11:43:54,A,1005
3979,5581,2026-03-04 12:39:20,A,311
3980,24772,2024-06-09 15:23:10,A,47
3981,28277,2024-05-22 19:14:58,A,409
3982,34563,2023-09-15 06:36:12,A,1047
3983,29638,2024-08-21 16:41:21,A,9
3984,31814,2025-02-01 05:58:22,A,1453
3985,14085,2025-08-14 05:51:01,A,870
3986,15075,2023-05-02 05:20:59,A,528
3987,6470,2024-12-13 22:09:38,A,658
3988,32473,2023-11-25 19:22:37,A,1081
3989,27776,2024-09-03 15:17:48,A,1499
3990,6442,2024-11-06 20:58:42,A,249
3991,6527,2023-05-02 23:14:06,A,1342
3992,35999,2023-08-05 10:38:18,A,1175
3993,39040,2025-08-05 14:47:13,A,1334
3994,34891,2023-11-02 20:26:45,A,783
3995,13474,2023-06-22 00:06:12,A,1361
3996,27770,2023-09-25 00:40:04,A,769
3997,16691,2023-12-27 18:38:51,A,233
3998,27258,2024-09-21 16:12:00,A,630
3999,32690,2024-10-14 22:42:37,A,156
4000,14279,2025-03-20 21:33:23,A,1339
4001,20992,2026-03-10 18:11:33,A,43
4002,451,2023-07-14 07:14:59,A,994
4003,39205,2025-01-04 15:06:44,A,613
4004,6150,2025-02-27 14:05:34,A,1231
4005,9818,2026-01-20 22:54:48,A,462
4006,28331,2023-06-05 23:36:07,A,940
4007,38026,2023-06-18 17:31:09,A,1463
4008,5183,2024-06-03 07:33:22,A,975
4009,25782,2025-04-18 19:00:33,A,977
4010,791,2023-05-11 03:33:00,A,1203
4011,26179,2023-10-25 21:14:53,A,785
4012,5185,2024-01-04 01:31:56,A,570
4013,23204,2024-03-12 06:59:43,A,702
4014,793,2024-07-24 01:38:45,A,1411
4015,31900,2025-11-17 19:22:18,A,6
4016,34601,2024-07-18 04:37:20,A,1469
4017,15838,2025-03-16 03:42:37,A,945
4018,5627,2025-05-10 09:39:02,A,274
4019,34866,2023-08-25 07:11:49,A,911
4020,33033,2024-07-02 17:42:02,A,1407
4021,39897,2025-08-06 20:26:52,A,14
4022,23056,2024-05-10 01:51:10,A,689
4023,15403,2024-08-10 21:20:22,A,763
4024,29310,2025-08-21 21:47:33,A,645
4025,31833,2023-11-27 14:36:57,A,721
4026,29871,2024-02-09 03:04:24,A,56
4027,32609,2024-04-21 19:19:07,A,1456
4028,794,2024-06-03 07:11:45,A,1191
4029,22330,2025-12-26 05:01:06,A,298
4030,13307,2024-07-22 10:00:26,A,1264
4031,30301,2024-10-16 07:38:07,A,1255
4032,9069,2025-12-08 22:09:50,A,897
4033,2284,2025-03-06 19:18:02,A,512
4034,39538,2025-03-30 14:29:06,A,930
4035,19647,2024-05-07 23:34:44,A,751
4036,18337,2024-10-16 22:28:09,A,390
4037,5424,2025-05-09 03:27:12,A,527
4038,35161,2024-11-04 06:19:57,A,1153
4039,19970,2025-12-22 12:53:42,A,762
4040,18155,2024-05-25 09:23:59,A,967
4041,28008,2023-10-05 17:48:22,A,622
4042,13119,2024-10-07 07:18:34,A,44
4043,14736,2025-11-21 19:24:26,A,677
4044,10432,2023-08-13 10:34:57,A,866
4045,4778,2024-10-08 11:59:33,A,317
4046,25047,2025-08-28 08:15:14,A,1197
4047,24326,2026-02-24 11:11:52,A,106
4048,1514,2023-10-19 08:03:36,A,984
4049,15400,2025-01-06 20:37:40,A,519
4050,19767,2025-07-13 05:03:06,A,689
4051,34916,2023-08-27 19:09:30,A,172
4052,34192,2023-08-13 18:36:54,A,379
4053,3124,2024-01-11 01:24:26,A,623
4054,29245,2023-10-14 09:52:19,A,149
4055,16579,2023-09-18 19:46:53,A,809
4056,12695,2024-09-11 04:32:57,A,939
4057,28887,2024-09-12 04:11:18,A,463
4058,12331,2026-01-02 17:20:58,A,269
4059,18061,2025-10-27 02:13:10,A,935
4060,17576,2023-03-23 06:58:25,A,413
4061,37992,2023-11-19 22:09:08,A,771
4062,18957,2024-06-26 05:47:56,A,546
4063,7765,2024-08-22 20:04:28,A,257
4064,39650,2025-03-01 18:49:00,A,1014
4065,17789,2026-03-17 11:01:57,A,891
4066,11519,2023-05-03 12:17:18,A,584
4067,18645,2024-03-28 21:48:33,A,17
4068,22969,2024-09-19 05:07:30,A,525
4069,31646,2024-10-03 07:01:23,A,1109
4070,29737,2025-06-02 20:33:29,A,338
4071,36923,2023-05-12 12:13:58,A,367
4072,33543,2025-06-15 04:17:18,A,957
4073,19766,2025-10-10 06:55:46,A,991
4074,5637,2025-01-03 07:02:43,A,890
4075,8451,2025-03-05 07:13:13,A,1290
4076,28884,2025-09-08 01:56:20,A,274
4077,20890,2025-08-23 18:48:29,A,1167
4078,19703,2024-03-14 14:02:25,A,645
4079,6634,2023-08-17 20:59:12,A,1038
4080,5334,2025-05-10 20:51:07,A,302
4081,31787,2023-10-12 23:28:57,A,609
4082,18623,2023-10-04 17:13:57,A,413
4083,20063,2025-10-13 19:19:41,A,1498
4084,29066,2023-12-29 21:37:40,A,1483
4085,3102,2024-05-18 06:57:48,A,1021
4086,32640,2024-08-27 23:51:09,A,1049
4087,34120,2024-12-31 22:25:12,A,242
4088,15448,2024-08-26 00:21:37,A,969
4089,33315,2025-08-26 04:14:06,A,1213
4090,39201,2024-04-10 06:05:13,A,875
4091,37143,2024-04-16 10:55:10,A,1198
4092,2853,2026-03-28 04:50:05,A,1350
4093,35255,2026-02-23 13:35:56,A,229
4094,34341,2024-02-26 16:44:34,A,537
4095,8635,2025-01-14 20:43:14,A,643
4096,9326,2025-08-06 09:30:06,A,519
4097,33922,2025-09-16 03:07:58,A,70
4098,34230,2023-06-15 15:50:40,A,356
4099,22310,2024-02-03 10:55:29,A,256
4100,19172,2024-06-27 22:41:19,A,1125
4101,7298,2025-04-01 18:20:41,A,711
4102,29139,2025-03-05 11:14:43,A,963
4103,39057,2025-11-21 21:41:54,A,1190
4104,21771,2023-08-21 08:29:30,A,682
4105,6144,2024-04-27 23:40:18,A,1172
4106,12631,2024-06-20 16:59:47,A,605
4107,25273,2025-02-08 14:03:50,A,306
4108,4695,2025-11-09 01:55:28,A,411
4109,10372,2024-05-30 09:40:18,A,978
4110,2852,2025-02-01 18:58:11,A,765
4111,28263,2026-02-02 07:07:13,A,1478
4112,18462,2023-04-28 00:27:49,A,639
4113,8650,2025-04-05 16:59:45,A,132
4114,27172,2025-06-15 11:24:02,A,1105
4115,8226,2025-12-14 16:03:19,A,1138
4116,32472,2025-03-06 15:46:49,A,54
4117,7884,2023-12-18 22:14:11,A,957
4118,2848,2026-01-07 14:30:44,A,1336
4119,19910,2024-04-03 17:55:14,A,147
4120,32702,2025-01-07 07:11:17,A,1310
4121,9573,2025-06-07 23:42:51,A,1497
4122,33634,2026-02-21 17:13:10,A,424
4123,24247,2024-12-13 07:01:33,A,910
4124,7698,2024-10-23 19:52:02,A,1237
4125,27850,2025-11-01 02:02:51,A,430
4126,29020,2026-02-06 06:55:08,A,891
4127,14290,2023-03-02 10:02:14,A,47
4128,23334,2025-10-24 08:40:25,A,111
4129,768,2023-03-28 05:25:42,A,1188
4130,26466,2023-05-31 01:02:06,A,723
4131,29040,2023-11-15 08:47:27,A,106
4132,24112,2024-03-15 20:28:09,A,887
4133,16961,2024-06-14 13:04:00,A,1498
4134,39078,2024-10-09 22:09:56,A,1306
4135,15587,2025-09-04 01:28:05,A,944
4136,30675,2024-12-28 13:41:23,A,480
4137,7920,2025-03-31 08:42:50,A,856
4138,28102,2025-12-28 01:55:01,A,1022
4139,35787,2023-07-04 14:12:04,A,430
4140,7650,2023-07-05 14:17:17,A,68
4141,38367,2026-01-16 11:28:36,A,1171
4142,1437,2023-09-06 16:21:27,A,1444
4143,24190,2023-05-19 05:06:54,A,300
4144,18590,2025-02-03 08:09:26,A,242
4145,23955,2025-06-24 05:37:45,A,1351
4146,22603,2024-03-11 23:11:23,A,662
4147,38926,2024-08-17 11:19:19,A,201
4148,33008,2025-06-25 04:51:14,A,627
4149,2086,2024-12-09 14:54:46,A,230
4150,24209,2023-09-16 17:44:13,A,1098
4151,9720,2024-10-24 13:47:15,A,934
4152,18506,2024-12-27 02:59:34,A,1005
4153,1511,2023-12-25 00:06:33,A,427
4154,23528,2024-03-17 15:16:13,A,748
4155,7469,2024-11-17 19:28:01,A,250
4156,8519,2026-01-23 22:10:31,A,1275
4157,19149,2025-02-21 10:19:00,A,1389
4158,13088,2025-09-13 20:57:28,A,923
4159,4895,2023-08-04 04:08:42,A,148
4160,37806,2023-10-14 21:16:57,A,194
4161,20620,2024-10-10 09:13:15,A,1082
4162,33521,2025-05-19 07:37:57,A,1073
4163,31894,2025-08-22 22:56:24,A,125
4164,23345,2025-11-09 18:29:32,A,549
4165,8380,2023-04-28 21:38:44,A,332
4166,10119,2025-12-10 01:57:41,A,961
4167,21037,2023-05-12 03:35:22,A,15
4168,17077,2024-01-17 19:27:09,A,1392
4169,13299,2024-05-24 23:01:34,A,1291
4170,39337,2024-07-27 17:28:05,A,1475
4171,25266,2024-10-22 15:18:55,A,416
4172,38826,2025-08-03 17:59:06,A,1235
4173,5583,2023-11-13 08:34:18,A,1261
4174,20857,2023-12-06 00:43:50,A,684
4175,22202,2024-10-04 09:20:33,A,1406
4176,8281,2025-06-16 11:08:16,A,821
4177,13417,2025-01-03 05:37:22,A,1255
4178,14133,2025-03-13 02:00:07,A,1415
4179,24456,2025-08-30 22:01:03,A,228
4180,29657,2023-12-06 07:31:55,A,983
4181,15622,2024-03-07 20:17:49,A,400
4182,29767,2024-06-20 06:20:00,A,528
4183,1118,2025-03-22 08:54:09,A,799
4184,33874,2025-09-12 18:08:37,A,970
4185,21935,2023-11-10 18:31:50,A,387
4186,18237,2024-05-03 15:24:42,A,25
4187,17384,2024-11-10 23:41:03,A,1137
4188,27270,2025-07-19 22:01:34,A,177
4189,18365,2025-11-19 08:35:26,A,277
4190,22192,2025-12-25 14:41:19,A,1053
4191,17539,2025-06-12 11:28:37,A,11
4192,7049,2025-08-27 10:50:12,A,289
4193,2847,2026-01-05 14:47:41,A,1310
4194,36079,2023-07-21 23:16:00,A,12
4195,3116,2025-06-29 17:33:00,A,1451
4196,37460,2024-10-17 10:55:39,A,1133
4197,4897,2025-02-24 17:13:15,A,552
4198,9624,2025-02-11 23:53:52,A,374
4199,37334,2025-05-02 20:09:13,A,316
4200,1560,2025-11-24 06:05:51,A,1194
4201,17461,2024-10-26 15:28:01,A,1258
4202,25342,2025-05-12 01:11:37,A,1157
4203,20709,2025-08-18 18:34:17,A,827
4204,28223,2024-02-08 22:46:26,A,972
4205,8267,2024-11-20 19:20:37,A,1154
4206,35982,2025-03-30 15:45:54,A,403
4207,8252,2025-09-24 14:30:23,A,1283
4208,32907,2025-04-22 16:46:53,A,368
4209,12284,2024-03-13 00:10:28,A,494
4210,15962,2024-03-27 05:04:24,A,1010
4211,10575,2024-10-21 22:38:35,A,396
4212,25056,2025-03-29 02:57:14,A,305
4213,19806,2026-02-13 05:02:14,A,713
4214,11108,2023-10-11 10:35:40,A,1416
4215,17882,2024-08-30 22:55:58,A,724
4216,10540,2024-12-07 03:16:06,A,441
4217,37210,2023-04-16 15:17:42,A,281
4218,5519,2023-05-28 10:41:36,A,380
4219,1246,2023-12-13 16:25:51,A,365
4220,17616,2024-03-13 00:37:36,A,219
4221,2849,2025-04-17 17:58:08,A,757
4222,1961,2025-07-20 03:42:26,A,950
4223,31032,2024-12-12 21:18:46,A,704
4224,26623,2025-06-29 23:57:52,A,575
4225,12193,2023-12-21 06:30:02,A,689
4226,12139,2024-05-27 12:30:05,A,145
4227,35711,2024-08-11 03:44:54,A,463
4228,8889,2025-12-28 23:06:28,A,1103
4229,20044,2024-07-24 11:48:22,A,541
4230,20517,2025-11-11 04:34:49,A,110
4231,31557,2023-09-16 12:52:48,A,201
4232,27064,2024-05-17 22:05:41,A,228
4233,16193,2026-02-23 19:47:15,A,768
4234,20118,2024-12-19 19:49:40,A,319
4235,35846,2024-11-23 12:53:52,A,391
4236,32733,2025-03-01 02:28:37,A,869
4237,37271,2024-05-31 20:26:04,A,1007
4238,30494,2025-09-08 12:56:44,A,83
4239,22768,2025-08-30 00:12:32,A,130
4240,21232,2025-12-28 02:03:11,A,1200
4241,5031,2026-01-23 16:41:35,A,325
4242,10740,2025-01-26 00:30:37,A,160
4243,9554,2025-02-20 16:17:25,A,216
4244,39639,2025-10-01 19:40:55,A,1105
4245,37244,2025-11-25 19:56:37,A,1324
4246,37270,2023-08-15 10:22:47,A,767
4247,34915,2025-02-01 13:00:56,A,545
4248,5181,2025-04-20 00:37:43,A,799
4249,9150,2025-05-29 23:24:39,A,362
4250,18667,2025-02-11 01:12:21,A,428
4251,15136,2025-08-01 00:00:19,A,254
4252,14898,2025-10-22 08:33:45,A,180
4253,13083,2023-12-27 04:42:39,A,257
4254,31874,2025-09-28 10:30:37,A,600
4255,39363,2023-09-02 18:18:00,A,302
4256,17831,2025-01-24 13:34:27,A,111
4257,27955,2026-02-07 17:14:18,A,60
4258,8761,2024-02-19 06:48:56,A,887
4259,18604,2024-12-28 08:55:44,A,749
4260,239,2025-03-17 07:23:28,A,472
4261,9291,2025-08-04 13:07:49,A,851
4262,17683,2023-05-08 14:30:59,A,1414
4263,26859,2023-11-17 14:14:40,A,403
4264,1515,2024-03-27 19:51:32,A,1270
4265,2933,2024-07-13 08:09:07,A,292
4266,22673,2025-10-31 22:30:37,A,304
4267,17567,2024-02-21 21:34:38,A,195
4268,24717,2025-09-17 22:51:15,A,855
4269,18458,2023-05-26 05:30:40,A,593
4270,37496,2023-10-17 04:24:56,A,1496
4271,36248,2024-03-16 20:26:27,A,1061
4272,23457,2023-06-04 12:00:45,A,1174
4273,969,2023-10-04 17:54:59,A,892
4274,15180,2025-02-28 13:07:37,A,472
4275,1904,2025-04-02 20:08:22,A,1129
4276,15625,2025-09-26 18:50:50,A,412
4277,19246,2026-02-08 02:26:22,A,96
4278,37051,2023-08-17 12:13:00,A,72
4279,22742,2024-09-28 17:11:19,A,642
4280,17428,2025-12-22 08:24:58,A,423
4281,1584,2025-02-10 21:39:30,A,748
4282,38395,2023-10-27 14:46:40,A,263
4283,4705,2025-06-26 13:45:45,A,278
4284,25540,2025-09-19 04:23:41,A,1255
4285,5708,2025-09-05 23:28:33,A,198
4286,15204,2025-11-13 06:00:05,A,979
4287,34731,2023-08-09 10:49:40,A,762
4288,6610,2023-06-14 08:16:29,A,453
4289,30430,2023-09-11 05:09:40,A,1256
4290,1913,2024-08-06 15:48:12,A,1339
4291,15815,2025-07-23 01:40:09,A,1171
4292,38941,2023-07-28 02:58:12,A,55
4293,38310,2025-04-02 11:42:30,A,1195
4294,23835,2025-11-22 07:59:40,A,288
4295,1914,2023-04-15 02:42:29,A,904
4296,18336,2023-03-13 00:53:37,A,368
4297,16729,2024-11-02 13:01:17,A,1275
4298,877,2023-07-31 22:04:49,A,271
4299,30975,2024-01-05 06:48:06,A,849
4300,16939,2025-10-16 17:11:00,A,83
4301,8428,2025-12-04 15:45:22,A,429
4302,21600,2023-09-20 07:27:48,A,1492
4303,26371,2023-09-01 17:40:51,A,1326
4304,24170,2024-03-12 18:15:31,A,1254
4305,34812,2025-03-12 12:00:27,A,21
4306,36139,2025-03-27 06:48:44,A,141
4307,25,2025-11-09 13:49:50,A,1468
4308,26404,2024-08-04 01:18:07,A,908
4309,29711,2024-07-01 04:03:31,A,1088
4310,2239,2024-01-23 11:34:21,A,192
4311,39302,2024-11-03 14:48:31,A,635
4312,37340,2025-02-28 04:01:25,A,1100
4313,31203,2025-03-22 13:52:49,A,1055
4314,19721,2023-04-16 08:03:45,A,685
4315,35024,2025-09-22 20:50:00,A,1333
4316,35366,2026-02-17 09:02:17,A,677
4317,37770,2023-10-29 11:43:46,A,286
4318,5129,2023-12-29 15:02:58,A,756
4319,3229,2024-07-25 23:55:35,A,401
4320,15989,2024-08-23 09:11:09,A,994
4321,27943,2025-06-06 19:45:05,A,541
4322,7808,2024-12-31 02:50:04,A,1162
4323,29372,2023-10-17 18:09:32,A,135
4324,29467,2024-03-12 02:32:09,A,475
4325,20451,2024-12-26 11:09:25,A,581
4326,20657,2026-03-21 03:25:20,A,1209
4327,38849,2023-06-12 12:51:38,A,848
4328,25627,2025-04-03 07:24:33,A,29
4329,4873,2025-01-28 05:50:30,A,165
4330,5935,2025-10-08 09:51:35,A,1207
4331,14561,2023-05-31 12:30:11,A,131
4332,25010,2024-08-14 14:47:19,A,944
4333,36857,2025-09-03 15:23:40,A,1080
4334,1648,2024-12-16 05:41:42,A,1403
4335,8463,2025-09-22 11:28:44,A,1382
4336,8627,2023-09-19 03:45:13,A,84
4337,38120,2024-04-04 11:25:29,A,233
4338,37077,2024-07-14 06:14:46,A,543
4339,35047,2023-07-18 08:56:30,A,1417
4340,18326,2023-08-15 14:54:10,A,501
4341,3222,2023-09-03 16:32:35,A,277
4342,6439,2024-08-08 01:13:10,A,1194
4343,18473,2026-02-03 06:26:07,A,1253
4344,960,2023-07-22 10:40:08,A,1257
4345,29672,2024-09-07 06:38:11,A,1075
4346,5342,2023-10-25 17:40:38,A,181
4347,3223,2023-10-23 12:03:04,A,1474
4348,28169,2023-12-31 22:28:39,A,196
4349,4054,2024-05-10 15:44:11,A,300
4350,8271,2025-07-12 05:51:19,A,1400
4351,38291,2025-09-09 07:11:05,A,129
4352,22150,2025-10-31 15:39:47,A,1249
4353,8488,2025-09-15 14:12:00,A,1121
4354,35288,2026-02-21 06:09:38,A,1476
4355,37549,2023-09-27 00:29:20,A,273
4356,4747,2026-01-05 14:35:29,A,1174
4357,1850,2023-04-21 09:51:55,A,1286
4358,35882,2025-06-26 00:21:40,A,662
4359,25190,2023-11-17 09:49:04,A,506
4360,24385,2023-03-26 03:48:17,A,956
4361,22724,2023-11-15 09:24:05,A,487
4362,10441,2023-10-15 11:23:40,A,316
4363,18558,2024-01-10 08:59:48,A,223
4364,15502,2023-12-22 22:46:47,A,1231
4365,10958,2024-04-16 05:06:32,A,574
4366,5324,2024-07-23 03:26:26,A,1064
4367,19914,2024-08-11 01:53:54,A,741
4368,6508,2025-03-26 04:49:13,A,678
4369,7059,2026-02-28 09:59:05,A,971
4370,17868,2025-03-25 14:44:48,A,894
4371,35588,2024-10-05 11:26:24,A,89
4372,39850,2025-11-07 20:18:30,A,1445
4373,1846,2024-04-10 07:06:38,A,1156
4374,10760,2025-02-07 17:09:35,A,1081
4375,21506,2023-03-29 13:33:45,A,110
4376,30961,2024-05-18 13:07:20,A,304
4377,1852,2026-01-24 12:43:11,A,1292
4378,11035,2023-06-18 07:40:41,A,501
4379,30990,2023-11-12 08:54:48,A,76
4380,32816,2024-11-25 22:47:47,A,1061
4381,3861,2025-01-29 13:08:37,A,165
4382,968,2023-12-10 21:42:39,A,538
4383,25554,2023-10-24 00:34:15,A,564
4384,27934,2026-01-01 13:35:48,A,1052
4385,616,2025-02-23 10:53:21,A,1489
4386,11485,2023-09-13 02:49:13,A,702
4387,17118,2023-11-29 22:22:31,A,1327
4388,15422,2024-01-06 20:35:42,A,532
4389,18550,2024-10-10 15:10:50,A,470
4390,4053,2024-11-02 06:00:22,A,1105
4391,26309,2025-09-10 23:33:08,A,209
4392,10330,2023-06-23 03:43:22,A,383
4393,35613,2025-08-13 20:02:30,A,277
4394,17647,2023-12-04 17:55:21,A,1323
4395,39810,2024-10-24 19:27:22,A,1237
4396,4779,2024-11-17 02:31:19,A,1397
4397,33112,2025-06-02 06:07:33,A,1060
4398,39180,2024-06-13 20:14:07,A,731
4399,11454,2023-10-28 03:20:05,A,603
4400,21014,2024-05-23 08:43:47,A,712
4401,26209,2024-08-08 08:07:26,A,1454
4402,13897,2023-07-26 08:31:28,A,170
4403,23581,2025-11-04 21:45:08,A,218
4404,5557,2023-07-30 04:25:56,A,351
4405,35283,2023-09-08 00:27:20,A,726
4406,2286,2025-09-30 19:01:36,A,538
4407,19559,2023-08-09 02:55:08,A,336
4408,1915,2024-02-03 07:19:21,A,396
4409,15046,2025-10-07 21:03:57,A,797
4410,16532,2025-10-18 15:35:06,A,824
4411,615,2025-03-06 15:01:26,A,1481
4412,5850,2023-09-24 18:32:52,A,188
4413,23822,2024-12-14 05:53:47,A,1044
4414,27879,2025-01-31 10:41:11,A,662
4415,27540,2024-10-02 00:19:04,A,1085
4416,28053,2024-04-08 09:44:15,A,161
4417,9078,2025-07-03 04:43:27,A,1362
4418,26143,2025-09-13 03:56:04,A,1443
4419,32575,2023-12-09 15:39:05,A,784
4420,22624,2024-02-14 16:59:36,A,709
4421,508,2024-10-05 18:36:33,A,587
4422,17251,2023-03-27 15:29:45,A,80
4423,5131,2025-04-22 22:56:28,A,790
4424,876,2025-11-11 19:09:31,A,617
4425,36631,2025-11-19 22:49:47,A,708
4426,25529,2023-12-10 15:41:43,A,242
4427,19179,2025-07-29 18:02:30,A,1111
4428,6987,2025-11-08 20:09:21,A,608
4429,2519,2023-05-26 01:11:00,A,689
4430,19852,2024-04-18 18:56:08,A,105
4431,35532,2025-10-01 03:51:53,A,770
4432,9652,2026-02-02 03:17:24,A,201
4433,1664,2024-11-14 08:15:15,A,428
4434,8762,2025-08-19 04:32:52,A,709
4435,30219,2023-08-28 06:29:25,A,723
4436,23032,2025-06-29 19:58:05,A,1011
4437,25211,2025-12-19 06:00:26,A,1298
4438,39292,2025-12-16 10:55:09,A,114
4439,29831,2024-04-04 10:08:20,A,497
4440,2482,2026-03-17 05:13:37,A,275
4441,620,2025-01-05 13:29:06,A,1380
4442,12854,2025-08-12 07:09:20,A,1133
4443,26097,2025-12-19 22:28:08,A,282
4444,12,2023-05-23 14:47:40,A,1468
4445,7519,2025-04-26 13:00:22,A,1282
4446,21717,2025-06-04 07:52:41,A,242
4447,23873,2025-04-04 04:20:54,A,237
4448,26429,2025-08-23 11:36:01,A,746
4449,21197,2023-05-30 05:27:30,A,683
4450,31664,2023-08-20 23:37:16,A,598
4451,10769,2023-09-17 15:25:00,A,461
4452,30031,2025-08-31 16:07:45,A,767
4453,16318,2024-09-29 04:23:13,A,1179
4454,34304,2024-01-13 02:10:56,A,129
4455,36232,2024-09-05 18:42:54,A,42
4456,1459,2025-04-15 08:16:47,A,812
4457,279,2023-05-01 15:45:50,A,22
4458,29444,2024-06-17 07:12:14,A,368
4459,1462,2025-09-02 21:36:50,A,777
4460,4234,2025-12-29 19:51:28,A,590
4461,15542,2025-04-24 20:33:18,A,1388
4462,10079,2025-09-03 00:19:31,A,1323
4463,2787,2026-03-27 05:26:15,A,974
4464,21795,2023-05-23 16:49:47,A,361
4465,1098,2023-06-16 13:43:54,A,1058
4466,14550,2023-08-04 20:38:51,A,269
4467,2591,2025-06-29 19:39:17,A,821
4468,527,2023-08-07 14:52:27,A,237
4469,19842,2024-04-30 09:22:41,A,218
4470,12728,2025-02-23 18:00:49,A,350
4471,22409,2025-10-16 17:51:49,A,668
4472,28408,2023-08-01 13:54:46,A,318
4473,23379,2023-12-08 07:39:13,A,265
4474,29553,2024-03-14 08:05:06,A,612
4475,36119,2024-09-01 16:23:52,A,1376
4476,37395,2023-10-07 22:23:23,A,626
4477,26058,2024-05-12 05:01:55,A,1396
4478,17609,2024-08-11 13:50:00,A,732
4479,30446,2026-01-28 14:12:43,A,141
4480,36131,2026-02-16 20:18:00,A,391
4481,34982,2023-10-11 18:30:25,A,1433
4482,6321,2024-12-28 01:23:09,A,254
4483,6706,2023-05-22 12:42:50,A,526
4484,24612,2024-12-10 23:50:25,A,1486
4485,14034,2025-10-05 17:46:24,A,883
4486,23604,2024-03-24 22:07:59,A,1391
4487,39199,2024-05-09 10:46:56,A,643
4488,30637,2024-02-28 14:11:40,A,488
4489,2778,2025-05-15 16:45:17,A,932
4490,94,2025-05-09 11:44:34,A,838
4491,4229,2023-05-28 16:59:24,A,1143
4492,24546,2023-06-02 20:49:10,A,1211
4493,33538,2024-04-26 13:53:01,A,635
4494,4233,2025-06-26 04:44:36,A,1137
4495,278,2023-08-21 06:45:23,A,1300
4496,26328,2024-02-04 00:31:53,A,1206
4497,25216,2025-08-28 03:31:29,A,1286
4498,10703,2026-01-13 21:56:01,A,171
4499,13981,2026-02-23 12:30:37,A,328
4500,21342,2023-08-20 03:16:23,A,621
4501,26117,2023-10-21 11:56:07,A,730
4502,28607,2024-02-22 15:50:35,A,88
4503,8933,2025-02-22 02:59:00,A,575
4504,24919,2023-03-26 00:06:58,A,1340
4505,28601,2026-02-19 02:05:45,A,1228
4506,16812,2024-02-03 20:10:52,A,26
4507,37289,2024-10-31 03:27:11,A,1128
4508,5719,2025-05-01 21:32:12,A,539
4509,29763,2025-09-06 14:44:17,A,1250
4510,21535,2023-12-27 18:42:05,A,1324
4511,13882,2025-07-24 07:53:55,A,1131
4512,35292,2026-02-14 12:12:09,A,492
4513,16508,2023-05-24 23:39:39,A,924
4514,21629,2024-07-06 16:44:30,A,485
4515,2488,2025-10-29 06:18:56,A,845
4516,24962,2026-02-26 20:19:49,A,1454
4517,20539,2023-07-06 01:40:30,A,927
4518,6113,2023-08-02 03:35:40,A,914
4519,2785,2024-02-15 18:47:47,A,61
4520,280,2024-05-21 01:49:13,A,541
4521,26669,2025-08-21 20:00:16,A,607
4522,9095,2025-12-22 16:21:44,A,814
4523,7720,2024-04-27 17:29:30,A,1186
4524,7596,2024-10-07 16:58:49,A,556
4525,32650,2023-05-30 17:13:08,A,726
4526,14997,2023-07-29 10:12:52,A,502
4527,9832,2025-09-27 06:01:40,A,1276
4528,17055,2026-02-03 12:22:03,A,139
4529,25775,2023-08-30 07:53:26,A,376
4530,20033,2024-02-05 03:51:35,A,562
4531,8331,2024-12-01 19:16:41,A,536
4532,35360,2023-07-03 03:07:40,A,1435
4533,33524,2023-10-10 18:07:42,A,110
4534,21867,2024-06-20 02:44:39,A,775
4535,16332,2024-12-06 10:20:15,A,333
4536,14568,2025-03-19 21:29:12,A,1197
4537,20428,2024-01-07 11:22:14,A,469
4538,26898,2025-07-12 17:03:17,A,1032
4539,26593,2025-11-24 07:26:24,A,759
4540,14431,2024-07-15 02:50:10,A,1270
4541,28343,2024-10-25 09:24:11,A,119
4542,30952,2025-07-26 10:01:41,A,415
4543,3433,2026-04-12 01:37:59,A,650
4544,28196,2023-10-02 04:55:00,A,844
4545,7800,2024-02-17 13:58:46,A,1031
4546,10471,2024-05-08 03:58:40,A,483
4547,13934,2025-08-17 08:43:30,A,916
4548,8825,2023-11-18 15:14:06,A,335
4549,15859,2025-11-20 05:51:41,A,1264
4550,36155,2025-12-03 08:04:47,A,323
4551,20613,2023-10-22 18:50:58,A,879
4552,21686,2025-07-22 02:18:39,A,603
4553,6265,2023-06-25 14:18:15,A,425
4554,22476,2025-02-06 19:14:00,A,808
4555,34089,2025-08-22 04:20:43,A,1272
4556,21146,2026-03-13 23:25:55,A,1491
4557,23565,2023-03-06 20:37:43,A,1492
4558,30505,2023-05-20 14:11:03,A,847
4559,18217,2023-10-26 13:40:01,A,1329
4560,35778,2024-09-28 22:11:24,A,1438
4561,5720,2025-09-08 23:26:04,A,3
4562,35322,2023-07-10 14:53:23,A,271
4563,1069,2024-01-20 08:33:23,A,1281
4564,34725,2025-01-04 02:45:32,A,1178
4565,19764,2026-03-05 06:50:20,A,485
4566,28782,2023-10-27 14:21:49,A,978
4567,26337,2024-05-29 19:40:37,A,631
4568,9103,2024-12-06 00:51:31,A,1023
4569,24114,2023-09-22 16:53:55,A,492
4570,8696,2023-11-05 21:57:50,A,196
4571,17288,2024-11-28 08:23:42,A,114
4572,24232,2025-11-23 17:34:57,A,368
4573,33798,2023-08-28 11:55:35,A,1370
4574,2484,2023-09-29 15:13:06,A,996
4575,7273,2024-02-17 20:30:19,A,1492
4576,13372,2023-05-12 03:44:28,A,1150
4577,20664,2023-06-06 20:27:46,A,879
4578,6154,2024-11-03 05:00:07,A,133
4579,32880,2025-06-23 00:18:54,A,454
4580,28171,2023-06-23 18:29:23,A,610
4581,32221,2024-04-26 01:31:25,A,1199
4582,5276,2025-11-09 15:50:35,A,79
4583,619,2024-02-06 15:04:53,A,1272
4584,1256,2025-12-31 05:28:38,A,239
4585,37580,2023-05-29 08:20:11,A,374
4586,6094,2024-03-05 02:53:18,A,332
4587,14037,2024-10-28 03:48:30,A,1010
4588,29623,2024-08-30 05:18:31,A,100
4589,35873,2024-08-24 02:52:47,A,1059
4590,12324,2024-10-18 06:43:35,A,924
4591,30329,2024-10-05 23:34:19,A,467
4592,15170,2025-01-26 04:39:50,A,185
4593,36136,2025-03-27 02:44:47,A,91
4594,2489,2023-08-27 16:11:26,A,1500
4595,1080,2025-01-07 00:55:28,A,491
4596,31836,2025-03-09 19:42:48,A,1237
4597,3798,2025-07-30 06:18:03,A,454
4598,19856,2025-10-08 04:08:23,A,348
4599,8648,2023-07-12 12:43:25,A,833
4600,12486,2025-02-22 23:19:39,A,962
4601,9419,2025-04-23 14:05:20,A,425
4602,19033,2025-12-07 14:52:25,A,5
4603,17331,2024-06-14 20:21:40,A,1417
4604,36238,2025-06-16 17:40:28,A,1150
4605,17004,2025-05-08 15:39:56,A,1359
4606,20528,2025-11-23 11:21:54,A,1365
4607,11031,2023-05-19 04:44:06,A,1495
4608,35849,2025-10-11 08:08:26,A,436
4609,36091,2024-08-19 17:46:48,A,1331
4610,7268,2025-06-10 21:34:16,A,1294
4611,6153,2025-06-25 06:07:15,A,394
4612,35710,2026-02-24 08:35:03,A,1053
4613,9760,2024-09-15 11:06:20,A,845
4614,14738,2026-02-26 19:25:09,A,480
4615,36967,2023-11-17 11:03:56,A,583
4616,16474,2024-12-20 10:49:10,A,1107
4617,14913,2023-05-25 05:28:42,A,238
4618,29862,2024-01-04 23:10:02,A,1121
4619,11571,2025-03-26 23:28:10,A,1018
4620,469,2023-04-17 04:06:18,A,501
4621,35289,2024-06-14 13:06:14,A,1362
4622,20305,2026-01-10 00:50:39,A,873
4623,25003,2023-07-13 18:46:38,A,720
4624,9955,2024-12-21 03:58:20,A,812
4625,2777,2023-12-02 11:43:46,A,116
4626,17229,2025-12-06 23:00:10,A,961
4627,1101,2025-11-23 12:33:40,A,1455
4628,28727,2024-11-05 12:46:01,A,1056
4629,12827,2024-10-25 11:13:52,A,913
4630,37938,2025-10-12 05:09:48,A,572
4631,14821,2023-12-08 04:49:40,A,614
4632,16054,2024-07-13 06:49:51,A,1305
4633,100,2024-10-09 04:35:54,A,471
4634,13890,2023-09-27 21:51:07,A,130
4635,13240,2025-03-18 01:45:59,A,361
4636,12675,2025-07-06 09:41:11,A,805
4637,23103,2024-07-11 19:53:24,A,1212
4638,15798,2025-10-01 11:15:27,A,529
4639,24769,2026-01-16 17:18:41,A,479
4640,38821,2024-02-02 22:44:01,A,876
4641,1468,2024-09-30 10:09:32,A,63
4642,24038,2026-01-15 07:45:15,A,44
4643,24213,2024-01-01 11:08:43,A,1157
4644,7499,2025-01-18 22:50:10,A,1493
4645,33766,2025-03-17 02:33:27,A,1018
4646,12206,2025-11-25 05:31:15,A,868
4647,8482,2024-06-05 00:53:33,A,147
4648,37492,2025-02-14 01:58:44,A,980
4649,33436,2024-09-30 22:44:16,A,30
4650,8262,2024-10-07 05:08:15,A,1207
4651,13195,2024-06-04 13:12:13,A,729
4652,38060,2024-10-26 19:12:05,A,1248
4653,21777,2023-04-30 12:39:54,A,646
4654,1466,2024-02-01 20:39:41,A,651
4655,22083,2024-03-01 06:36:21,A,728
4656,20208,2025-09-13 09:27:57,A,627
4657,35117,2025-05-10 19:22:23,A,165
4658,9766,2026-02-08 23:55:45,A,141
4659,31639,2025-07-16 16:01:26,A,566
4660,29690,2023-03-28 06:33:42,A,1176
4661,11603,2024-09-17 21:08:32,A,254
4662,29213,2024-10-07 22:25:30,A,79
4663,3423,2025-03-21 00:38:09,A,431
4664,6756,2023-08-23 05:30:30,A,332
4665,14021,2024-02-03 17:41:45,A,303
4666,16601,2025-07-13 18:44:03,A,176
4667,38778,2025-11-10 22:48:44,A,931
4668,18490,2025-10-25 22:01:16,A,916
4669,1464,2023-10-09 18:21:23,A,373
4670,7350,2024-12-14 11:57:28,A,527
4671,31622,2023-07-29 12:18:53,A,946
4672,39371,2023-07-27 10:29:19,A,1366
4673,7705,2023-11-13 10:18:29,A,1121
4674,2790,2025-03-04 04:37:04,A,1383
4675,22762,2025-05-06 12:45:49,A,390
4676,14661,2026-02-10 20:16:10,A,328
4677,37265,2024-08-08 16:12:41,A,172
4678,33050,2024-10-05 09:50:51,A,916
4679,18600,2025-08-19 19:34:00,A,46
4680,27438,2025-07-27 04:51:09,A,263
4681,33732,2026-01-26 10:55:01,A,1044
4682,11825,2025-06-06 01:23:00,A,767
4683,32798,2025-10-09 19:38:48,A,1342
4684,20789,2024-05-20 12:46:32,A,1008
4685,9690,2024-09-05 01:16:56,A,1188
4686,33657,2025-01-27 10:15:18,A,1401
4687,35291,2025-05-27 12:03:21,A,674
4688,35701,2025-04-16 16:48:09,A,1327
4689,12604,2026-01-13 15:46:37,A,1392
4690,11735,2024-05-26 03:09:58,A,241
4691,3975,2024-07-14 13:38:36,A,467
4692,3429,2024-06-01 00:28:06,A,541
4693,32142,2025-05-03 05:36:51,A,370
4694,36331,2026-02-04 04:35:46,A,85
4695,38523,2024-11-04 12:37:33,A,1348
4696,24843,2025-07-18 13:17:15,A,836
4697,1492,2025-12-18 14:07:22,A,562
4698,37630,2025-05-31 06:08:40,A,49
4699,36724,2025-10-12 03:32:09,A,457
4700,29817,2023-03-15 08:27:14,A,1121
4701,7722,2023-08-09 08:32:22,A,1466
4702,8766,2026-02-06 00:09:25,A,1499
4703,6087,2023-06-13 15:31:01,A,618
4704,33347,2024-07-26 11:20:14,A,707
4705,39087,2025-09-28 21:07:18,A,957
4706,6114,2024-11-12 13:29:33,A,1198
4707,2495,2024-10-27 04:14:04,A,6
4708,13504,2025-02-05 12:55:12,A,693
4709,17890,2025-02-17 15:36:21,A,631
4710,27902,2024-10-16 09:36:26,A,1340
4711,15480,2023-04-16 07:30:21,A,62
4712,15003,2023-10-17 09:16:33,A,21
4713,33946,2025-03-01 19:55:09,A,277
4714,2779,2024-05-12 09:24:14,A,695
4715,6152,2025-09-11 21:56:44,A,588
4716,13839,2024-07-17 00:08:20,A,871
4717,15169,2023-09-02 06:52:18,A,496
4718,30079,2024-01-20 21:04:23,A,488
4719,28464,2024-09-27 14:52:52,A,918
4720,25009,2023-02-24 11:24:56,A,608
4721,4813,2023-04-14 11:57:15,A,977
4722,29764,2024-03-24 04:18:28,A,990
4723,6705,2024-01-31 15:55:28,A,1316
4724,23266,2024-01-27 12:13:34,A,1098
4725,34876,2024-03-25 00:51:36,A,1467
4726,12460,2024-11-06 17:37:57,A,899
4727,17314,2025-01-26 18:09:40,A,42
4728,21748,2026-03-12 13:07:17,A,93
4729,9236,2023-05-04 01:01:22,A,1066
4730,6491,2024-05-12 04:56:48,A,582
4731,10666,2023-10-20 12:27:43,A,799
4732,1499,2024-11-11 20:36:12,A,760
4733,11457,2025-01-29 03:35:47,A,906
4734,7805,2026-01-27 01:00:42,A,1324
4735,3302,2025-02-21 03:59:59,A,412
4736,13722,2026-03-12 09:24:48,A,967
4737,29275,2024-12-12 06:09:09,A,246
4738,37385,2023-07-15 19:05:56,A,1425
4739,30616,2023-10-27 00:33:55,A,631
4740,1497,2024-09-16 03:01:39,A,1426
4741,37032,2025-11-28 14:16:17,A,626
4742,15493,2023-10-16 01:39:07,A,267
4743,7760,2025-07-15 00:39:25,A,623
4744,4688,2025-07-18 00:42:29,A,250
4745,2752,2023-08-24 16:03:51,A,1081
4746,9228,2025-07-19 20:17:57,A,866
4747,37906,2024-09-28 04:30:20,A,1387
4748,21431,2025-10-17 07:55:53,A,5
4749,16112,2023-07-27 08:02:53,A,595
4750,14463,2024-07-22 16:59:42,A,966
4751,28894,2024-11-06 03:24:21,A,64
4752,23771,2024-01-04 14:00:25,A,299
4753,26510,2024-01-25 11:39:06,A,983
4754,38247,2023-05-31 10:23:51,A,1232
4755,12503,2024-10-05 23:09:23,A,650
4756,38357,2025-03-05 09:32:53,A,695
4757,28926,2026-02-24 17:38:47,A,913
4758,31252,2023-03-20 11:54:10,A,1083
4759,12334,2023-08-23 12:52:21,A,331
4760,934,2025-07-27 22:39:15,A,240
4761,33724,2023-03-23 00:13:11,A,1401
4762,8702,2024-04-13 22:48:57,A,743
4763,38085,2024-10-09 21:40:10,A,1442
4764,33434,2023-05-31 23:37:52,A,878
4765,35245,2025-04-26 00:23:35,A,1061
4766,28553,2024-02-03 19:41:14,A,154
4767,34393,2024-04-08 03:32:00,A,132
4768,23178,2024-04-15 11:34:23,A,163
4769,27014,2025-06-02 11:18:11,A,974
4770,39211,2025-01-24 10:17:21,A,682
4771,9785,2023-05-29 06:37:40,A,832
4772,7206,2023-07-24 21:23:03,A,961
4773,13836,2024-04-28 10:05:31,A,1358
4774,9083,2025-02-18 01:05:16,A,1069
4775,19879,2023-02-10 21:11:44,A,512
4776,4235,2024-03-21 10:56:11,A,42
4777,24346,2024-03-02 19:13:47,A,1324
4778,37756,2024-10-29 08:07:22,A,309
4779,27475,2025-01-27 08:50:30,A,854
4780,11937,2023-08-20 09:41:27,A,848
4781,153,2024-04-25 09:29:04,A,1132
4782,20210,2025-06-20 18:36:38,A,1386
4783,8057,2023-11-13 16:04:01,A,188
4784,31241,2023-12-18 12:32:38,A,20
4785,26060,2023-06-15 18:57:27,A,509
4786,38145,2025-01-25 22:23:34,A,372
4787,19036,2025-08-30 08:44:35,A,53
4788,26408,2024-04-17 00:05:50,A,1433
4789,31576,2025-01-25 02:07:37,A,925
4790,34530,2025-12-13 05:07:09,A,1026
4791,17538,2026-01-08 17:55:44,A,56
4792,28337,2025-01-30 09:43:29,A,139
4793,11191,2024-08-19 05:34:41,A,1106
4794,11172,2023-03-30 16:53:46,A,55
4795,36241,2024-06-06 18:21:24,A,876
4796,16629,2025-04-15 10:37:58,A,871
4797,69,2023-04-05 19:25:16,A,319
4798,34909,2025-10-31 22:07:06,A,566
4799,39587,2023-06-07 00:21:53,A,1295
4800,14090,2023-07-01 18:43:52,A,613
4801,23203,2024-08-24 19:54:16,A,681
4802,21845,2024-06-29 14:05:39,A,602
4803,20165,2025-06-02 12:12:21,A,729
4804,24589,2024-11-16 12:00:40,A,320
4805,28073,2025-12-23 03:14:52,A,1488
4806,32191,2026-02-12 01:26:51,A,750
4807,27889,2023-06-28 18:36:01,A,1151
4808,18573,2024-06-03 22:50:50,A,759
4809,29012,2025-06-02 19:29:12,A,1489
4810,30228,2025-11-12 06:15:05,A,910
4811,23665,2023-12-30 13:34:52,A,818
4812,21995,2024-06-14 03:42:49,A,1215
4813,29683,2024-03-17 18:45:52,A,851
4814,38401,2023-02-25 11:39:54,A,1208
4815,36009,2024-05-02 01:05:15,A,457
4816,12748,2025-04-04 01:02:33,A,468
4817,11906,2024-06-17 07:43:35,A,941
4818,6573,2024-09-23 00:18:06,A,408
4819,21156,2024-11-03 07:06:55,A,1329
4820,16801,2023-12-24 09:56:54,A,1171
4821,17682,2024-09-08 10:56:48,A,1305
4822,8163,2024-07-11 05:02:10,A,392
4823,18443,2024-06-13 16:30:18,A,1264
4824,33955,2024-08-31 02:20:12,A,691
4825,9025,2025-01-01 18:36:25,A,1119
4826,7208,2025-02-18 13:40:56,A,971
4827,32368,2023-09-13 13:08:18,A,1266
4828,26304,2023-12-26 17:27:53,A,97
4829,37292,2024-01-28 07:39:41,A,289
4830,13429,2024-12-20 17:06:24,A,1111
4831,9572,2025-12-14 03:43:03,A,478
4832,13700,2023-03-26 06:34:19,A,947
4833,26928,2023-09-05 06:43:41,A,21
4834,21621,2025-08-07 21:55:14,A,1229
4835,18971,2025-11-29 15:11:41,A,1451
4836,24235,2025-03-13 19:54:44,A,863
4837,37950,2025-06-23 13:15:58,A,1484
4838,24957,2023-08-04 19:21:48,A,1321
4839,4595,2024-02-13 04:14:01,A,1059
4840,33712,2024-09-09 04:29:07,A,1197
4841,35336,2025-03-19 03:28:35,A,1211
4842,37782,2025-09-28 14:24:13,A,1436
4843,8769,2023-10-30 21:23:22,A,1024
4844,28896,2024-08-29 17:32:22,A,539
4845,25007,2025-08-22 19:04:48,A,855
4846,33625,2025-12-19 07:54:39,A,878
4847,25465,2023-12-05 00:00:20,A,345
4848,39859,2025-03-20 13:38:32,A,506
4849,30066,2025-03-21 23:59:40,A,657
4850,20565,2025-11-06 22:29:41,A,1389
4851,15572,2026-02-12 19:59:35,A,75
4852,36727,2023-06-22 23:34:02,A,904
4853,19595,2025-06-24 12:41:48,A,1404
4854,31959,2024-03-13 11:57:41,A,399
4855,27497,2024-06-27 16:49:02,A,1274
4856,21324,2025-12-02 01:45:33,A,1285
4857,15012,2023-10-15 06:30:07,A,318
4858,14924,2025-05-27 01:04:59,A,933
4859,38405,2023-02-15 14:09:39,A,910
4860,23590,2023-04-24 01:01:46,A,311
4861,38525,2023-02-21 22:25:42,A,1327
4862,8199,2026-03-15 15:56:21,A,1327
4863,15043,2023-11-03 02:40:53,A,799
4864,22046,2024-09-21 03:50:33,A,111
4865,8374,2025-12-03 02:30:17,A,993
4866,5098,2023-07-22 13:33:17,A,949
4867,26825,2023-11-09 11:44:28,A,924
4868,37753,2025-10-23 18:46:29,A,366
4869,27109,2024-02-20 02:30:08,A,1272
4870,23796,2024-09-01 23:23:19,A,86
4871,22938,2023-04-21 17:37:05,A,1349
4872,32724,2024-12-08 12:24:55,A,14
4873,23013,2023-12-08 01:43:41,A,565
4874,16372,2024-08-27 15:31:11,A,191
4875,26171,2025-03-16 14:47:04,A,943
4876,32359,2023-07-13 03:56:35,A,756
4877,35323,2023-11-26 11:33:05,A,335
4878,13757,2023-08-10 10:30:40,A,1246
4879,38177,2024-06-22 19:15:04,A,1130
4880,18833,2025-12-21 15:06:59,A,798
4881,25622,2023-06-25 14:22:14,A,1311
4882,38229,2024-04-07 22:58:45,A,1136
4883,4973,2025-05-18 18:26:35,A,366
4884,21110,2025-06-30 20:22:11,A,228
4885,20720,2025-06-14 11:50:15,A,1199
4886,15611,2024-09-11 06:59:44,A,302
4887,12917,2025-01-28 06:50:52,A,1148
4888,28451,2026-01-07 03:03:09,A,6
4889,34424,2023-12-22 03:03:09,A,271
4890,10253,2024-03-28 15:31:27,A,1391
4891,7088,2025-09-29 10:10:01,A,1187
4892,19075,2023-12-22 07:10:06,A,513
4893,4689,2025-08-06 05:39:58,A,1426
4894,36172,2025-10-28 01:16:13,A,1368
4895,28170,2024-02-28 05:10:29,A,1007
4896,26479,2024-12-16 19:32:18,A,1354
4897,3648,2023-06-29 01:35:25,A,122
4898,16648,2023-10-25 16:41:17,A,1356
4899,7658,2024-10-26 20:12:53,A,1409
4900,13175,2025-04-22 12:43:19,A,288
4901,20970,2025-10-25 05:07:54,A,1437
4902,7318,2026-02-06 13:11:13,A,13
4903,16051,2024-01-16 10:34:59,A,1481
4904,15754,2025-05-28 16:06:57,A,672
4905,28714,2024-07-01 16:29:08,A,1030
4906,33026,2025-02-04 04:12:03,A,271
4907,14350,2023-09-17 12:46:11,A,916
4908,9370,2024-01-10 22:33:08,A,485
4909,38670,2023-05-29 14:36:38,A,884
4910,17731,2025-10-09 13:33:55,A,243
4911,19140,2024-05-29 06:17:46,A,28
4912,4626,2024-05-26 11:09:44,A,378
4913,6631,2025-10-02 07:44:35,A,1146
4914,29851,2025-03-19 23:46:30,A,1141
4915,9325,2026-01-09 23:21:03,A,869
4916,14968,2023-06-25 01:03:53,A,1298
4917,15191,2026-01-01 07:57:39,A,504
4918,7665,2025-05-23 09:29:34,A,1348
4919,39753,2026-01-08 17:44:23,A,1174
4920,31035,2023-04-12 05:54:28,A,759
4921,4891,2023-08-12 00:58:47,A,1327
4922,7372,2026-01-03 05:57:12,A,1070
4923,27301,2023-06-08 20:08:18,A,565
4924,6275,2024-03-18 16:41:46,A,794
4925,18855,2024-07-07 04:24:30,A,597
4926,24113,2023-10-30 21:25:44,A,1323
4927,18980,2024-06-02 08:02:57,A,765
4928,4623,2025-08-31 18:28:23,A,936
4929,22630,2023-09-10 11:57:44,A,448
4930,23305,2023-11-30 19:48:56,A,522
4931,33676,2024-01-17 02:34:17,A,963
4932,24556,2025-07-06 22:43:48,A,1475
4933,35788,2025-05-27 07:24:40,A,730
4934,1055,2024-08-05 09:47:55,A,786
4935,30435,2024-07-02 06:22:23,A,1336
4936,22841,2024-07-25 21:16:36,A,470
4937,26426,2025-05-17 01:12:22,A,845
4938,8415,2023-05-13 02:51:22,A,400
4939,26373,2024-06-11 07:24:17,A,179
4940,14359,2026-03-03 00:05:33,A,502
4941,29270,2024-06-04 16:40:57,A,400
4942,19162,2024-10-16 11:04:55,A,371
4943,14449,2023-05-30 10:47:30,A,862
4944,30087,2025-09-14 01:16:13,A,113
4945,29591,2025-09-24 12:23:24,A,1064
4946,38992,2023-09-12 07:23:38,A,934
4947,6734,2023-12-03 14:29:26,A,63
4948,15249,2023-12-06 12:01:27,A,799
4949,21847,2024-12-13 06:11:02,A,654
4950,6295,2025-01-13 07:09:24,A,676
4951,30150,2025-11-11 17:01:36,A,1437
4952,29954,2024-07-16 12:12:44,A,418
4953,23476,2025-03-28 17:10:52,A,742
4954,13996,2024-05-30 10:33:42,A,378
4955,25206,2023-12-22 07:02:23,A,1324
4956,39672,2024-08-07 17:07:53,A,1255
4957,8874,2025-01-29 14:23:30,A,974
4958,4592,2023-04-15 20:00:23,A,932
4959,23614,2023-09-12 17:38:40,A,183
4960,7235,2023-11-26 23:30:20,A,804
4961,13755,2023-12-11 06:24:04,A,243
4962,36865,2024-09-20 06:15:39,A,266
4963,34947,2025-06-22 10:43:07,A,310
4964,15489,2025-10-15 13:43:59,A,1282
4965,22279,2026-03-17 02:27:05,A,996
4966,39340,2023-07-24 00:43:56,A,353
4967,15880,2023-12-17 20:45:37,A,1062
4968,4663,2023-11-19 15:26:26,A,451
4969,29680,2024-06-21 18:33:44,A,180
4970,14774,2025-03-24 10:32:12,A,1209
4971,36726,2025-09-03 09:13:51,A,588
4972,2923,2023-11-29 06:34:06,A,90
4973,27539,2023-11-14 16:13:33,A,87
4974,30325,2024-03-22 21:34:08,A,145
4975,14171,2024-08-24 17:54:03,A,497
4976,29537,2024-11-02 05:17:34,A,1223
4977,31288,2023-06-18 08:55:12,A,1261
4978,10748,2023-12-13 22:52:49,A,217
4979,12042,2025-07-08 21:00:03,A,1400
4980,9314,2025-11-13 20:10:29,A,371
4981,24504,2025-10-25 13:42:59,A,1448
4982,36027,2023-10-28 14:52:45,A,710
4983,11043,2024-07-31 19:10:47,A,1367
4984,35350,2025-03-29 13:16:05,A,915
4985,16101,2025-09-04 10:54:37,A,453
4986,2715,2026-01-07 14:06:28,A,999
4987,30370,2025-10-18 02:32:20,A,1345
4988,17569,2023-07-25 05:23:36,A,947
4989,1822,2023-09-29 22:39:25,A,1166
4990,21915,2024-01-03 05:39:22,A,148
4991,10947,2023-06-09 06:26:49,A,536
4992,35677,2024-03-20 14:27:31,A,1160
4993,9787,2025-06-08 16:18:31,A,1363
4994,23938,2025-06-27 17:29:04,A,917
4995,16256,2025-08-13 14:54:33,A,1390
4996,24396,2023-06-27 07:59:11,A,208
4997,7630,2023-07-03 00:56:13,A,618
4998,33832,2024-08-26 01:33:01,A,226
4999,71,2024-09-07 08:28:57,A,1145
5000,35752,2025-11-02 15:21:01,A,439
5001,32320,2024-06-08 21:39:36,A,893
5002,37511,2025-03-18 11:15:38,A,123
5003,37595,2024-10-12 14:34:04,A,669
5004,31424,2025-07-06 16:49:46,A,1031
5005,9939,2025-11-05 16:26:52,A,986
5006,11968,2023-04-06 04:40:37,A,1109
5007,35045,2024-07-11 10:53:20,A,46
5008,20265,2023-08-05 20:47:09,A,100
5009,31608,2024-01-16 08:23:07,A,464
5010,25029,2024-11-09 23:04:35,A,40
5011,10086,2024-05-29 03:33:34,A,664
5012,24810,2025-11-30 07:12:56,A,54
5013,36937,2025-01-19 17:15:14,A,479
5014,6872,2026-03-22 04:44:21,A,820
5015,39782,2023-05-20 16:27:01,A,881
5016,36320,2023-10-05 09:15:08,A,557
5017,4771,2023-09-13 17:32:27,A,1328
5018,35384,2024-12-18 12:56:45,A,646
5019,10721,2023-10-04 01:03:43,A,956
5020,2167,2025-04-30 02:08:25,A,741
5021,18414,2023-09-09 17:57:28,A,536
5022,13671,2024-05-12 14:21:12,A,372
5023,729,2024-06-01 04:36:41,A,980
5024,8639,2025-12-20 00:11:43,A,91
5025,32302,2023-07-02 08:49:23,A,87
5026,5572,2025-07-12 09:30:27,A,387
5027,22863,2023-10-26 02:01:17,A,442
5028,10387,2024-02-08 05:32:21,A,876
5029,12056,2024-11-21 17:13:21,A,1291
5030,31695,2023-05-30 06:49:30,A,1150
5031,8944,2023-11-07 18:31:59,A,184
5032,7525,2024-09-29 10:28:46,A,1320
5033,38135,2025-08-25 01:03:19,A,838
5034,26246,2025-02-18 05:44:02,A,1411
5035,10098,2023-03-18 10:03:52,A,1232
5036,2146,2023-11-24 20:44:02,A,177
5037,38842,2025-05-15 13:11:39,A,38
5038,9034,2025-02-07 10:40:53,A,1272
5039,8726,2025-05-02 12:06:57,A,360
5040,33471,2023-06-19 17:47:30,A,1107
5041,20129,2023-09-10 09:36:36,A,1414
5042,18215,2024-04-28 12:27:29,A,744
5043,21588,2024-06-09 01:15:48,A,864
5044,27503,2025-09-02 12:28:26,A,606
5045,19076,2023-08-03 09:26:02,A,1245
5046,39514,2024-08-25 09:54:38,A,483
5047,33094,2025-08-04 13:08:35,A,907
5048,15198,2024-11-09 01:36:59,A,639
5049,10914,2025-09-17 10:09:31,A,905
5050,12626,2025-09-18 05:13:10,A,857
5051,24151,2025-10-26 02:51:31,A,1239
5052,22760,2025-05-07 09:43:14,A,84
5053,38170,2024-08-31 20:24:53,A,662
5054,35551,2025-09-03 08:30:00,A,99
5055,17101,2023-10-26 20:59:28,A,944
5056,6826,2024-10-03 14:34:32,A,354
5057,5021,2024-09-04 02:39:26,A,992
5058,9147,2023-05-30 21:57:45,A,561
5059,17039,2023-07-13 06:07:35,A,957
5060,29035,2025-04-21 06:01:36,A,729
5061,15061,2024-05-27 01:36:15,A,437
5062,11769,2024-10-18 06:29:31,A,572
5063,15035,2025-01-24 13:16:13,A,1046
5064,21305,2025-08-25 05:10:55,A,183
5065,439,2023-09-17 03:01:14,A,505
5066,11574,2023-09-26 13:57:44,A,1328
5067,11114,2023-07-18 10:16:59,A,797
5068,25067,2024-11-15 11:45:10,A,584
5069,23777,2024-01-16 04:42:49,A,142
5070,18046,2024-02-01 21:53:03,A,518
5071,14781,2025-03-29 14:10:12,A,29
5072,135,2024-01-05 09:58:05,A,1177
5073,30368,2024-03-22 23:06:25,A,1281
5074,25088,2024-12-28 10:25:04,A,1192
5075,14096,2025-06-27 23:38:23,A,1240
5076,25015,2024-01-09 23:58:06,A,59
5077,3645,2024-03-19 05:16:41,A,191
5078,36632,2025-04-21 16:30:40,A,1415
5079,10085,2023-03-27 20:19:54,A,508
5080,23677,2023-08-13 15:43:16,A,270
5081,22388,2023-10-31 12:57:36,A,3
5082,34302,2023-12-31 13:34:58,A,311
5083,23280,2023-04-26 11:49:49,A,1255
5084,17158,2024-10-25 17:58:51,A,349
5085,23362,2024-11-30 20:46:09,A,945
5086,33351,2025-02-22 16:57:57,A,349
5087,35221,2024-02-13 01:43:28,A,214
5088,7122,2025-12-22 11:33:03,A,1020
5089,8153,2024-01-14 04:49:27,A,899
5090,10515,2025-01-23 11:03:32,A,1249
5091,18872,2023-10-12 08:12:53,A,139
5092,17146,2023-12-14 22:35:59,A,1143
5093,14878,2024-05-06 15:59:33,A,807
5094,14654,2023-04-28 17:34:07,A,772
5095,19658,2023-06-28 07:48:03,A,379
5096,9551,2024-02-22 14:27:00,A,483
5097,18239,2025-06-24 01:20:45,A,1402
5098,6875,2026-01-20 12:53:33,A,391
5099,12976,2023-03-16 00:09:43,A,988
5100,1827,2023-05-05 21:17:48,A,1459
5101,6419,2023-05-19 11:08:09,A,945
5102,19480,2024-08-26 12:33:20,A,808
5103,15566,2025-04-02 12:06:36,A,174
5104,15013,2025-11-01 20:00:56,A,639
5105,34822,2025-03-13 13:02:46,A,1184
5106,30127,2025-05-03 19:34:22,A,500
5107,6323,2025-06-07 16:40:26,A,465
5108,21635,2023-06-21 00:04:24,A,974
5109,12581,2025-04-30 08:07:52,A,1157
5110,32863,2023-04-17 21:24:26,A,1290
5111,15750,2023-11-02 09:43:52,A,298
5112,1823,2024-03-17 09:36:04,A,638
5113,21351,2026-01-19 10:49:43,A,1298
5114,28017,2023-06-06 05:09:04,A,527
5115,17364,2025-04-17 13:10:45,A,947
5116,31975,2025-11-16 09:04:09,A,712
5117,8935,2024-01-19 00:24:51,A,9
5118,37675,2025-06-12 01:30:44,A,1455
5119,26860,2025-01-19 12:57:42,A,88
5120,27604,2025-01-13 22:41:32,A,494
5121,22722,2025-08-26 20:47:29,A,1403
5122,17424,2024-03-17 08:54:46,A,469
5123,22659,2024-05-02 08:28:56,A,132
5124,36601,2025-04-07 14:07:30,A,245
5125,28027,2025-07-05 03:07:20,A,1294
5126,23847,2024-02-13 22:09:00,A,914
5127,7403,2024-05-27 00:26:28,A,419
5128,34100,2024-07-06 00:10:53,A,6
5129,35556,2024-06-27 13:37:48,A,1408
5130,9135,2024-08-10 17:55:07,A,1167
5131,35238,2025-04-06 22:08:10,A,392
5132,12767,2025-06-18 13:57:38,A,305
5133,26207,2025-08-29 00:49:33,A,818
5134,11789,2024-08-08 19:21:42,A,1411
5135,28239,2024-07-07 10:25:49,A,1048
5136,31430,2025-07-08 03:46:13,A,351
5137,10938,2026-01-28 06:03:27,A,847
5138,17,2023-08-01 16:41:02,A,490
5139,30025,2025-08-21 22:22:23,A,1081
5140,15119,2023-05-01 08:06:35,A,684
5141,34748,2025-05-19 19:14:48,A,644
5142,30285,2025-09-08 07:41:31,A,1282
5143,11947,2025-01-06 11:55:50,A,1192
5144,5569,2025-03-24 16:45:42,A,794
5145,27582,2024-10-19 07:33:53,A,639
5146,35609,2024-11-24 23:09:42,A,1104
5147,39027,2024-04-25 05:18:55,A,17
5148,21382,2025-05-30 02:07:45,A,108
5149,12045,2025-08-22 01:54:56,A,546
5150,23899,2025-11-21 04:59:50,A,50
5151,39633,2023-08-15 05:05:37,A,326
5152,7775,2025-10-12 20:04:09,A,535
5153,25073,2025-10-20 20:22:21,A,795
5154,11685,2025-10-10 14:22:01,A,334
5155,18082,2023-03-01 13:49:50,A,1486
5156,23320,2025-02-09 07:06:23,A,1280
5157,34600,2023-04-12 05:29:22,A,870
5158,13991,2025-02-01 22:15:57,A,1260
5159,16272,2025-08-14 02:02:51,A,854
5160,35655,2025-12-19 10:22:03,A,1034
5161,19855,2024-04-08 08:43:54,A,1201
5162,33637,2025-12-22 07:32:24,A,1126
5163,1052,2026-02-01 21:00:23,A,429
5164,22758,2024-04-13 07:08:05,A,314
5165,24514,2025-09-06 02:34:44,A,744
5166,34054,2025-10-25 18:21:56,A,1136
5167,18764,2024-04-10 07:24:18,A,736
5168,28001,2025-04-10 09:14:45,A,1446
5169,22794,2025-06-08 21:19:27,A,821
5170,13519,2025-09-17 11:56:20,A,764
5171,1821,2025-12-10 11:41:29,A,338
5172,35794,2023-05-19 21:47:13,A,1170
5173,39572,2023-10-23 08:16:57,A,1370
5174,11137,2024-06-01 06:48:19,A,901
5175,8916,2026-01-06 10:57:06,A,750
5176,35286,2025-10-20 11:05:57,A,281
5177,25262,2025-08-12 20:57:33,A,1254
5178,18,2025-09-14 12:02:20,A,487
5179,17010,2023-08-22 11:12:30,A,1096
5180,16358,2024-04-08 08:20:45,A,235
5181,16213,2026-01-21 13:43:29,A,530
5182,4811,2026-01-21 11:17:33,A,1461
5183,34911,2025-09-10 04:11:26,A,1092
5184,24164,2026-02-03 15:45:02,A,990
5185,10139,2026-02-26 05:09:07,A,505
5186,5564,2023-08-23 07:25:06,A,196
5187,6721,2023-12-30 15:35:14,A,686
5188,24700,2024-04-14 21:35:58,A,947
5189,8710,2024-06-29 18:08:15,A,907
5190,26261,2025-06-23 22:49:02,A,490
5191,440,2023-09-09 16:33:16,A,645
5192,35058,2024-03-21 09:27:55,A,648
5193,35521,2024-06-06 13:24:55,A,378
5194,19197,2025-03-16 07:59:52,A,604
5195,15670,2023-11-06 02:21:49,A,930
5196,35498,2025-11-18 03:05:21,A,796
5197,2271,2025-12-01 14:01:09,A,787
5198,30140,2025-05-07 08:50:17,A,378
5199,2925,2023-09-09 19:55:20,A,1209
5200,1353,2024-01-30 07:09:56,A,1353
5201,24904,2025-09-25 00:26:28,A,262
5202,2181,2024-02-19 00:31:46,A,283
5203,39747,2025-01-29 22:59:53,A,836
5204,37328,2025-08-13 18:43:32,A,1020
5205,29359,2023-11-08 00:51:34,A,534
5206,14060,2024-09-30 08:53:22,A,119
5207,34958,2025-04-14 00:28:10,A,1192
5208,17161,2026-02-10 09:15:35,A,432
5209,19433,2023-05-26 03:48:11,A,1129
5210,14075,2025-03-16 00:39:57,A,598
5211,8307,2026-01-15 17:00:32,A,1033
5212,30017,2023-04-17 16:46:32,A,528
5213,12412,2025-05-07 18:11:00,A,69
5214,39882,2025-07-27 07:37:01,A,688
5215,695,2025-02-05 01:05:04,A,257
5216,39416,2026-03-05 14:14:05,A,744
5217,27603,2025-12-10 11:30:47,A,1485
5218,27564,2024-05-05 22:42:52,A,1411
5219,38225,2024-04-17 06:21:46,A,346
5220,38081,2025-07-19 01:43:45,A,1211
5221,2264,2023-03-26 12:38:43,A,1011
5222,1820,2023-09-04 17:20:27,A,1232
5223,35545,2024-03-19 15:07:18,A,1484
5224,12920,2024-08-22 20:04:52,A,256
5225,14681,2025-08-14 01:24:58,A,1016
5226,38687,2026-03-01 23:23:24,A,1396
5227,9454,2024-10-27 07:06:42,A,1374
5228,31822,2025-08-02 17:26:01,A,939
5229,35579,2025-05-14 01:13:54,A,895
5230,31492,2025-04-26 02:15:13,A,777
5231,36373,2025-02-21 06:21:31,A,893
5232,4236,2025-12-12 16:22:01,A,576
5233,39676,2026-01-02 10:58:59,A,800
5234,11404,2025-06-19 18:31:48,A,676
5235,36941,2025-12-09 23:28:10,A,876
5236,15701,2023-08-03 14:29:23,A,1435
5237,29801,2024-02-05 02:17:14,A,1173
5238,34354,2024-02-28 03:14:48,A,941
5239,2165,2025-06-07 09:17:42,A,5
5240,12393,2023-03-11 01:39:13,A,87
5241,32214,2023-11-10 17:13:43,A,1346
5242,33668,2024-01-20 19:24:08,A,142
5243,39677,2024-01-01 15:03:31,A,1372
5244,34746,2024-01-30 12:46:01,A,199
5245,37931,2023-07-20 08:17:46,A,1449
5246,33287,2023-07-18 09:07:19,A,827
5247,11909,2024-05-12 14:51:32,A,1463
5248,6717,2025-08-15 05:30:24,A,351
5249,2130,2024-02-17 19:53:05,A,1011
5250,5819,2025-12-10 17:27:27,A,735
5251,28774,2023-06-20 16:06:45,A,1371
5252,18540,2024-02-21 03:36:54,A,86
5253,33739,2025-09-22 03:20:44,A,1470
5254,31768,2023-04-14 02:57:54,A,752
5255,4058,2023-06-08 16:36:45,A,27
5256,3322,2023-12-04 02:27:09,A,1128
5257,19817,2024-05-21 02:01:58,A,1446
5258,12345,2025-02-04 13:55:44,A,200
5259,24532,2025-09-18 00:29:34,A,911
5260,36255,2023-02-27 01:01:37,A,289
5261,36945,2024-12-05 21:33:58,A,1181
5262,35878,2025-01-01 08:29:03,A,730
5263,4615,2025-09-07 14:40:20,A,890
5264,32535,2025-12-14 09:40:55,A,1034
5265,32149,2024-03-10 07:35:39,A,548
5266,6841,2024-10-19 16:16:17,A,862
5267,22903,2025-08-12 22:02:44,A,1233
5268,8115,2023-04-17 14:06:44,A,923
5269,16063,2024-05-04 03:45:09,A,722
5270,36515,2024-09-03 13:22:55,A,24
5271,4508,2025-04-05 06:04:35,A,1078
5272,18950,2026-02-19 15:04:03,A,38
5273,10177,2023-09-27 04:38:24,A,791
5274,28770,2025-01-17 10:40:55,A,135
5275,19783,2025-02-25 04:49:25,A,873
5276,2854,2025-04-11 02:35:44,A,102
5277,4621,2025-11-05 22:03:45,A,706
5278,21287,2024-12-08 19:24:19,A,1460
5279,1868,2025-02-14 09:26:15,A,1013
5280,5651,2025-05-10 22:05:05,A,1308
5281,5292,2025-10-21 03:31:12,A,144
5282,2664,2026-01-06 12:43:44,A,1196
5283,1278,2023-08-22 10:55:08,A,380
5284,5240,2024-01-02 11:44:03,A,1227
5285,358,2024-06-18 16:19:45,A,489
5286,32999,2025-09-20 11:17:40,A,65
5287,22669,2024-04-16 09:14:25,A,1149
5288,7079,2025-05-16 02:23:34,A,1039
5289,25850,2023-05-15 07:39:41,A,202
5290,34057,2023-08-01 19:24:48,A,788
5291,18234,2023-10-02 08:15:29,A,991
5292,2129,2025-05-09 07:49:55,A,758
5293,15144,2023-04-16 08:23:55,A,117
5294,31265,2024-08-29 03:27:49,A,1396
5295,13194,2026-02-11 02:25:54,A,732
5296,3957,2023-12-05 22:28:04,A,1381
5297,15009,2024-06-13 21:27:11,A,46
5298,27510,2024-06-16 19:08:19,A,1091
5299,17249,2025-10-06 12:14:19,A,925
5300,28301,2025-11-22 01:34:45,A,318
5301,21601,2025-04-26 19:57:18,A,218
5302,3317,2023-07-19 20:39:28,A,1450
5303,9394,2023-08-11 00:07:42,A,490
5304,8954,2024-10-31 02:02:22,A,262
5305,27639,2025-03-30 12:30:11,A,222
5306,32560,2025-03-31 15:57:04,A,837
5307,18677,2025-09-10 17:08:38,A,794
5308,8774,2023-10-26 17:51:59,A,1300
5309,2901,2024-11-07 05:20:25,A,1236
5310,32310,2025-10-13 00:06:22,A,1386
5311,3808,2023-05-23 17:28:36,A,1067
5312,4252,2023-05-13 08:02:23,A,352
5313,1938,2025-06-24 15:24:10,A,1287
5314,19494,2023-10-18 08:40:03,A,868
5315,18658,2024-03-21 19:00:28,A,782
5316,17363,2025-01-10 13:28:11,A,885
5317,11753,2024-09-28 02:19:21,A,687
5318,4616,2025-09-12 04:55:52,A,1160
5319,5844,2025-10-02 11:32:52,A,1050
5320,1685,2023-09-02 17:56:57,A,942
5321,14360,2024-01-23 10:17:03,A,492
5322,23035,2026-01-15 14:49:21,A,1235
5323,30753,2023-12-01 14:40:17,A,824
5324,5643,2025-03-27 22:39:39,A,246
5325,26700,2024-05-03 07:05:21,A,572
5326,25870,2026-01-22 09:42:38,A,553
5327,23241,2025-01-02 18:22:34,A,145
5328,33455,2025-07-07 09:01:48,A,355
5329,3462,2025-09-15 23:25:55,A,144
5330,1112,2024-02-16 01:03:56,A,1242
5331,2045,2025-08-28 18:04:16,A,313
5332,15742,2025-11-24 16:50:27,A,699
5333,14301,2025-12-24 20:24:41,A,1092
5334,36518,2023-07-12 06:40:29,A,1313
5335,1111,2024-04-11 16:07:31,A,363
5336,9858,2025-01-31 15:14:50,A,1041
5337,6897,2025-08-15 12:46:47,A,1098
5338,13220,2025-09-19 06:35:09,A,1109
5339,22614,2025-11-29 08:18:42,A,559
5340,20954,2026-01-01 10:26:42,A,82
5341,8936,2023-03-22 15:20:13,A,1010
5342,8644,2024-03-21 09:35:45,A,884
5343,19998,2023-05-11 12:08:25,A,831
5344,13097,2023-04-30 19:57:48,A,1315
5345,2137,2023-11-24 12:08:37,A,160
5346,2860,2024-11-13 17:06:37,A,250
5347,27117,2024-06-10 11:27:00,A,231
5348,4015,2024-12-01 22:22:31,A,773
5349,5842,2025-04-08 11:11:06,A,532
5350,36084,2025-10-25 03:17:50,A,1487
5351,8446,2023-07-15 22:02:36,A,204
5352,32251,2026-02-26 16:56:44,A,1130
5353,30701,2023-09-06 10:29:12,A,689
5354,5825,2024-11-14 13:04:14,A,703
5355,30866,2025-07-22 18:23:32,A,1156
5356,2837,2025-03-25 14:35:35,A,1154
5357,38741,2026-02-13 09:53:28,A,1136
5358,5655,2024-10-21 01:34:17,A,685
5359,5642,2025-08-28 02:14:19,A,1209
5360,32423,2023-10-26 09:05:28,A,456
5361,29810,2024-10-26 13:49:37,A,201
5362,2499,2024-10-01 06:33:20,A,1055
5363,4614,2024-12-27 10:05:20,A,1096
5364,5832,2025-01-22 03:54:18,A,1421
5365,9204,2024-01-04 07:08:49,A,390
5366,30548,2025-11-02 15:15:16,A,180
5367,28330,2024-09-14 20:38:40,A,1229
5368,14638,2025-05-19 18:42:02,A,1174
5369,7284,2025-12-20 08:20:09,A,1463
5370,34714,2024-01-02 23:54:10,A,665
5371,1788,2025-10-24 10:39:31,A,259
5372,23322,2024-09-09 23:57:46,A,1395
5373,36656,2025-10-01 23:56:05,A,392
5374,22042,2023-11-12 16:43:31,A,411
5375,39678,2024-02-10 15:19:53,A,205
5376,7401,2026-02-03 18:30:45,A,1111
5377,19187,2024-05-30 13:20:52,A,643
5378,8037,2024-06-12 22:49:18,A,398
5379,26939,2025-04-03 18:35:06,A,1196
5380,18865,2024-10-07 02:36:34,A,1114
5381,31687,2025-02-05 08:53:13,A,177
5382,3809,2023-08-17 11:13:06,A,1214
5383,15826,2023-09-10 18:21:10,A,443
5384,5829,2024-11-28 03:30:17,A,193
5385,3952,2025-02-04 21:50:03,A,526
5386,38709,2023-03-10 20:57:27,A,221
5387,3530,2023-04-28 10:00:14,A,859
5388,35342,2024-07-17 10:03:53,A,104
5389,28735,2024-01-07 20:30:48,A,595
5390,11084,2024-02-15 12:34:20,A,1012
5391,4456,2025-10-15 03:22:02,A,1142
5392,15168,2025-12-24 14:08:51,A,803
5393,21958,2023-04-06 13:13:49,A,287
5394,34236,2025-03-05 02:02:30,A,161
5395,5663,2023-07-13 04:24:56,A,873
5396,29212,2024-07-14 00:45:15,A,100
5397,13322,2024-04-06 18:33:33,A,936
5398,5821,2024-05-09 12:36:56,A,981
5399,30200,2025-02-21 10:05:43,A,187
5400,23370,2023-06-18 22:00:07,A,603
5401,5833,2024-07-17 14:37:58,A,1251
5402,4817,2025-05-15 19:02:24,A,64
5403,8971,2023-07-11 14:06:31,A,623
5404,2133,2023-11-11 02:33:05,A,851
5405,6940,2024-02-14 20:08:41,A,1064
5406,35036,2025-01-13 09:12:45,A,661
5407,38282,2025-08-17 21:13:04,A,770
5408,5837,2025-12-29 18:17:21,A,1061
5409,7012,2026-01-16 00:00:31,A,1052
5410,9898,2026-02-15 16:27:12,A,998
5411,3958,2024-08-22 12:11:02,A,1059
5412,29723,2025-03-20 10:46:48,A,773
5413,14889,2025-02-21 04:05:20,A,1155
5414,3320,2023-04-08 14:23:49,A,1400
5415,8942,2024-09-30 19:43:53,A,1056
5416,38669,2026-01-10 17:07:05,A,817
5417,19463,2023-06-09 23:18:08,A,219
5418,3954,2024-11-04 03:10:01,A,754
5419,20513,2025-01-08 03:35:07,A,759
5420,11435,2023-04-26 14:19:57,A,108
5421,36703,2023-10-06 17:51:56,A,133
5422,14172,2023-12-19 04:40:49,A,149
5423,27660,2023-03-25 17:45:07,A,775
5424,24455,2023-07-30 02:12:02,A,660
5425,7042,2024-09-03 13:44:30,A,1382
5426,38504,2024-10-20 23:01:16,A,573
5427,30016,2025-04-07 07:53:06,A,330
5428,17812,2023-08-13 19:33:31,A,1307
5429,6448,2024-05-28 18:21:00,A,613
5430,2615,2024-07-09 18:51:05,A,137
5431,6650,2025-05-12 16:02:39,A,275
5432,3329,2023-10-13 07:31:51,A,808
5433,9450,2024-02-26 22:40:25,A,93
5434,31958,2025-12-26 14:47:58,A,602
5435,5469,2024-02-25 09:51:46,A,223
5436,38565,2024-07-11 08:53:47,A,1490
5437,32390,2025-03-17 22:37:33,A,465
5438,4509,2025-12-23 22:12:01,A,37
5439,3339,2026-02-27 21:00:38,A,809
5440,21780,2024-04-16 15:55:37,A,783
5441,30478,2024-03-23 00:04:42,A,827
5442,9139,2025-10-07 23:19:23,A,510
5443,7725,2026-02-28 21:00:52,A,818
5444,5664,2023-05-27 04:16:46,A,201
5445,3328,2024-02-03 19:40:12,A,1201
5446,24244,2025-12-19 02:58:07,A,668
5447,38919,2023-05-18 09:08:31,A,1279
5448,37057,2024-07-21 09:12:44,A,1015
5449,37273,2025-09-15 04:00:04,A,1054
5450,10928,2023-04-27 20:48:48,A,65
5451,11293,2023-08-12 00:10:57,A,1347
5452,29106,2024-05-17 08:49:26,A,1001
5453,16787,2025-01-10 13:56:25,A,310
5454,3316,2023-12-14 08:50:52,A,1432
5455,37483,2023-09-10 11:59:29,A,189
5456,24575,2025-06-21 18:41:07,A,108
5457,14095,2024-02-07 13:56:04,A,423
5458,25519,2026-01-23 05:57:40,A,1302
5459,23393,2024-06-16 23:03:59,A,372
5460,3914,2024-08-17 03:02:15,A,1332
5461,3184,2024-12-27 07:04:19,A,1307
5462,16993,2025-03-01 20:48:19,A,721
5463,15565,2024-08-04 03:15:39,A,985
5464,9122,2023-12-06 06:53:52,A,387
5465,15643,2024-08-18 05:11:12,A,275
5466,2603,2023-08-18 05:41:14,A,66
5467,36588,2025-01-22 07:46:11,A,878
5468,23409,2025-02-18 02:15:22,A,1430
5469,4034,2026-03-16 07:53:30,A,710
5470,39379,2026-02-10 13:14:04,A,970
5471,2992,2023-12-27 04:39:37,A,264
5472,12710,2024-06-08 20:33:04,A,351
5473,29450,2024-09-01 16:39:26,A,1177
5474,39369,2025-08-19 05:45:53,A,820
5475,18095,2026-03-17 21:29:24,A,876
5476,649,2025-02-23 05:41:56,A,11
5477,23823,2025-08-11 07:07:26,A,1248
5478,21612,2023-10-02 09:13:15,A,76
5479,16368,2023-10-13 10:31:00,A,363
5480,30143,2024-04-27 04:29:36,A,890
5481,26651,2025-10-30 09:13:08,A,1073
5482,26631,2025-11-21 01:11:24,A,1379
5483,28259,2024-04-26 18:32:52,A,540
5484,4290,2025-06-09 01:45:17,A,118
5485,2976,2025-08-07 00:06:25,A,66
5486,12021,2024-07-30 11:06:14,A,695
5487,4788,2025-04-18 14:54:45,A,48
5488,4296,2024-02-14 13:31:11,A,824
5489,39039,2023-11-05 06:26:11,A,1139
5490,7231,2024-11-05 03:42:45,A,824
5491,3852,2024-06-16 13:20:33,A,189
5492,1795,2025-11-12 15:57:09,A,365
5493,2948,2024-02-22 08:15:29,A,949
5494,16342,2025-09-27 01:08:21,A,1034
5495,24004,2023-04-26 16:41:52,A,256
5496,27825,2023-06-01 19:59:28,A,1477
5497,32648,2023-09-18 17:15:10,A,932
5498,15510,2024-03-22 03:13:50,A,741
5499,36501,2026-02-09 00:21:55,A,542
5500,3634,2024-12-14 06:20:21,A,719
5501,31208,2025-12-27 01:26:31,A,63
5502,9869,2023-08-15 08:18:19,A,274
5503,23543,2024-02-20 04:17:30,A,702
5504,13526,2024-10-02 04:12:31,A,308
5505,25265,2024-08-28 05:35:19,A,561
5506,26703,2026-02-07 10:11:36,A,1022
5507,15741,2024-10-15 16:22:32,A,313
5508,2989,2025-04-22 15:07:38,A,958
5509,12562,2023-11-23 02:17:39,A,1218
5510,4193,2025-11-20 21:01:25,A,1282
5511,28525,2026-02-08 11:20:38,A,963
5512,23562,2023-04-09 11:32:01,A,1076
5513,27024,2024-10-18 11:00:57,A,812
5514,858,2025-03-24 19:14:08,A,1223
5515,28484,2024-02-08 02:54:12,A,683
5516,23627,2024-03-19 18:22:52,A,1174
5517,7259,2025-04-17 13:55:23,A,1410
5518,7313,2025-08-08 02:33:24,A,739
5519,28273,2024-09-10 01:06:43,A,1025
5520,22850,2026-03-02 14:35:29,A,657
5521,35321,2023-09-05 10:07:41,A,1070
5522,22771,2025-05-18 21:56:31,A,145
5523,26891,2025-10-26 00:22:13,A,1057
5524,16534,2023-12-26 08:03:50,A,1337
5525,3848,2024-07-21 18:22:12,A,792
5526,13285,2025-12-04 10:47:59,A,824
5527,16148,2026-02-22 05:04:18,A,1396
5528,25312,2025-12-01 02:34:50,A,864
5529,11309,2023-10-05 00:26:11,A,795
5530,22714,2024-04-22 00:14:36,A,1370
5531,483,2024-07-12 21:48:29,A,1409
5532,25418,2025-11-25 12:29:35,A,617
5533,10819,2024-12-10 03:06:54,A,1007
5534,37889,2025-06-16 04:14:24,A,1069
5535,24046,2023-07-31 17:01:11,A,1254
5536,27173,2023-11-28 04:17:38,A,1192
5537,8228,2024-03-07 03:50:58,A,1317
5538,2448,2023-04-02 11:00:50,A,1206
5539,22599,2023-11-15 02:59:56,A,1157
5540,10068,2024-05-14 21:17:20,A,1188
5541,10104,2024-08-07 10:12:45,A,240
5542,26440,2025-12-18 21:40:59,A,1242
5543,15777,2025-08-02 10:44:50,A,1083
5544,28822,2023-03-19 17:35:34,A,880
5545,22750,2023-04-23 14:16:26,A,383
5546,39980,2025-06-29 20:01:04,A,415
5547,31828,2025-07-22 08:16:39,A,1066
5548,2988,2025-07-25 13:43:48,A,244
5549,22129,2025-08-04 02:06:14,A,530
5550,6640,2023-09-14 02:00:59,A,196
5551,18489,2024-03-26 04:47:23,A,976
5552,13643,2025-04-20 00:16:03,A,568
5553,13785,2025-10-14 02:09:04,A,1051
5554,14961,2023-09-22 06:46:00,A,796
5555,11350,2024-03-20 09:14:49,A,953
5556,24732,2025-07-19 00:09:21,A,83
5557,290,2025-08-09 09:08:12,A,77
5558,26339,2023-12-31 18:43:18,A,758
5559,8597,2025-10-12 07:07:25,A,435
5560,9390,2026-02-10 09:28:05,A,395
5561,35938,2026-02-19 14:08:39,A,755
5562,38918,2023-11-19 10:09:24,A,503
5563,288,2024-01-02 14:22:09,A,1341
5564,10261,2024-02-25 09:49:44,A,1369
5565,19304,2025-08-10 20:00:49,A,780
5566,31830,2023-10-14 14:56:48,A,1005
5567,35926,2024-04-06 02:54:44,A,1186
5568,24541,2025-03-01 08:55:11,A,1424
5569,31335,2025-08-13 08:40:51,A,627
5570,3092,2023-06-16 18:05:56,A,357
5571,19064,2023-07-23 02:07:51,A,1163
5572,14475,2024-11-04 19:05:21,A,153
5573,36769,2024-12-18 06:08:45,A,230
5574,38217,2025-01-10 22:21:58,A,1315
5575,37589,2025-04-28 21:39:35,A,617
5576,28771,2023-12-22 15:54:45,A,341
5577,26350,2023-12-20 11:00:03,A,494
5578,15821,2023-12-30 16:47:13,A,1487
5579,36544,2024-10-29 04:45:51,A,916
5580,291,2026-02-02 00:15:15,A,988
5581,14743,2023-08-20 20:43:23,A,395
5582,32022,2023-12-22 21:30:48,A,684
5583,14807,2025-07-05 19:20:14,A,937
5584,5063,2023-07-11 13:52:31,A,989
5585,16391,2024-12-27 04:26:51,A,1223
5586,11171,2024-06-08 14:52:58,A,454
5587,549,2025-10-20 05:25:33,A,1395
5588,33794,2025-04-23 06:28:07,A,1088
5589,4050,2023-10-20 07:46:41,A,1463
5590,26001,2025-02-10 06:49:57,A,652
5591,27800,2024-02-16 15:35:32,A,605
5592,6248,2025-03-31 10:33:48,A,324
5593,25244,2025-09-16 03:29:55,A,1206
5594,38370,2023-05-07 05:57:42,A,865
5595,31397,2023-07-18 18:57:50,A,1401
5596,3173,2023-08-25 17:41:22,A,1124
5597,17627,2025-05-21 04:29:30,A,1358
5598,22407,2026-01-17 03:50:14,A,867
5599,19348,2023-09-09 13:10:01,A,385
5600,36802,2025-01-29 20:21:02,A,685
5601,2814,2025-10-19 09:43:51,A,653
5602,22740,2025-10-13 10:31:03,A,726
5603,39112,2026-01-29 05:15:38,A,257
5604,14908,2023-06-21 16:44:16,A,1045
5605,13329,2023-11-17 21:52:35,A,184
5606,32784,2025-05-24 08:20:15,A,784
5607,17088,2024-04-13 20:07:22,A,1422
5608,21244,2025-11-17 06:28:01,A,595
5609,32172,2023-08-03 19:40:26,A,910
5610,21379,2025-01-27 19:34:31,A,951
5611,33568,2023-06-23 16:51:16,A,480
5612,8127,2024-03-21 09:46:47,A,918
5613,20722,2025-04-09 16:51:57,A,118
5614,17603,2026-01-06 21:39:54,A,315
5615,22463,2024-04-19 15:04:52,A,996
5616,20201,2023-09-23 12:38:55,A,1214
5617,7768,2023-10-01 22:49:11,A,637
5618,19514,2024-02-26 13:14:58,A,965
5619,17662,2026-01-02 10:59:14,A,591
5620,10481,2024-04-30 17:52:23,A,579
5621,22958,2025-01-18 13:17:13,A,1246
5622,25057,2023-06-04 06:52:38,A,162
5623,7454,2024-06-12 14:50:00,A,1199
5624,22609,2024-03-31 19:21:49,A,67
5625,37198,2026-02-12 04:36:13,A,400
5626,29436,2026-02-06 06:15:20,A,288
5627,36912,2023-05-02 03:30:37,A,346
5628,13613,2023-05-10 09:53:47,A,567
5629,12191,2023-09-07 09:47:26,A,307
5630,18900,2024-09-28 02:30:02,A,305
5631,22454,2024-10-06 08:49:03,A,712
5632,6401,2025-02-05 23:54:15,A,327
5633,12662,2025-06-30 23:46:24,A,1341
5634,20701,2024-09-24 08:54:16,A,452
5635,28360,2025-02-27 22:18:02,A,440
5636,9677,2025-02-13 07:23:33,A,533
5637,6076,2025-09-08 18:25:15,A,253
5638,17878,2023-05-24 19:55:50,A,1146
5639,4051,2023-10-24 07:03:28,A,363
5640,9714,2024-01-20 04:40:03,A,1333
5641,17529,2024-04-20 19:37:59,A,807
5642,11033,2024-08-04 22:02:28,A,16
5643,18185,2025-02-09 14:45:21,A,575
5644,25220,2024-08-30 20:04:12,A,718
5645,16623,2025-12-22 11:26:48,A,1071
5646,4038,2023-06-28 23:59:43,A,437
5647,21804,2023-07-08 23:21:12,A,1097
5648,10038,2025-06-14 06:39:14,A,1171
5649,25667,2026-01-02 03:30:56,A,696
5650,19815,2024-06-07 15:32:33,A,702
5651,17226,2024-07-31 22:16:24,A,372
5652,12173,2025-04-10 06:46:27,A,488
5653,33206,2025-04-28 21:52:24,A,1043
5654,11494,2023-05-16 22:15:56,A,513
5655,4044,2024-08-17 20:00:47,A,1082
5656,296,2023-07-01 20:43:26,A,788
5657,23690,2024-10-15 11:33:25,A,1022
5658,27136,2023-04-11 05:12:19,A,1311
5659,31411,2023-09-15 21:13:23,A,825
5660,24835,2025-11-14 16:32:17,A,1095
5661,5973,2023-03-22 21:13:10,A,913
5662,21381,2023-10-08 05:59:22,A,1242
5663,22976,2023-04-07 04:31:41,A,1166
5664,24460,2023-08-02 18:45:54,A,820
5665,8327,2023-10-18 05:27:10,A,599
5666,4037,2023-10-21 00:42:09,A,177
5667,861,2024-01-24 12:54:48,A,534
5668,6093,2024-06-24 18:20:25,A,1241
5669,6118,2023-05-14 20:28:00,A,917
5670,37505,2025-04-14 17:11:29,A,18
5671,32900,2025-11-21 01:58:08,A,936
5672,26273,2024-02-06 16:12:47,A,117
5673,29958,2025-05-04 12:02:39,A,469
5674,23861,2025-07-24 03:58:14,A,565
5675,21361,2025-05-15 20:30:34,A,855
5676,39710,2025-06-08 23:31:41,A,326
5677,39497,2026-02-16 09:30:33,A,365
5678,6654,2024-03-20 17:08:50,A,1043
5679,25980,2024-05-23 13:26:39,A,423
5680,12430,2025-03-11 21:21:01,A,255
5681,27671,2025-03-05 04:09:52,A,356
5682,25975,2025-03-02 03:11:54,A,1447
5683,32485,2024-10-10 12:14:04,A,319
5684,7171,2023-06-27 03:00:46,A,423
5685,31303,2025-08-15 13:47:39,A,447
5686,30063,2023-12-20 05:18:01,A,996
5687,36261,2024-03-04 01:18:22,A,131
5688,7414,2024-05-20 12:37:05,A,1246
5689,4026,2025-07-18 01:36:47,A,118
5690,22475,2025-02-18 05:43:42,A,752
5691,29487,2026-02-06 19:40:29,A,161
5692,2363,2023-08-10 21:21:39,A,580
5693,29728,2024-06-07 02:13:17,A,1241
5694,33345,2025-05-20 19:00:44,A,1367
5695,37296,2025-06-17 13:10:50,A,1238
5696,4045,2025-08-26 14:37:45,A,289
5697,28791,2026-02-01 04:45:55,A,260
5698,32305,2024-04-03 23:40:07,A,1252
5699,2227,2023-07-09 12:46:26,A,360
5700,2607,2023-02-07 04:48:03,A,1413
5701,6399,2023-10-14 08:57:35,A,751
5702,33168,2025-02-27 22:33:14,A,1171
5703,10155,2025-06-30 18:11:44,A,1266
5704,36842,2023-07-02 13:00:02,A,1393
5705,15235,2024-01-01 15:13:23,A,1438
5706,18844,2025-09-21 00:29:30,A,318
5707,4031,2023-09-22 09:15:55,A,452
5708,21690,2023-10-28 03:20:39,A,1340
5709,37944,2024-05-25 08:06:59,A,652
5710,24092,2024-09-03 17:31:06,A,631
5711,11193,2023-07-14 15:49:46,A,982
5712,32292,2023-10-17 14:55:03,A,1455
5713,18808,2023-12-17 15:31:55,A,1379
5714,14802,2024-03-24 05:32:08,A,867
5715,36663,2024-08-02 04:24:19,A,231
5716,10881,2026-03-16 22:42:40,A,1396
5717,15977,2024-03-20 15:50:58,A,761
5718,28521,2024-08-12 12:25:37,A,1116
5719,23218,2025-12-20 03:02:34,A,561
5720,37440,2025-11-14 14:42:09,A,1078
5721,12602,2024-08-31 16:18:45,A,1491
5722,25134,2025-11-16 23:04:27,A,940
5723,33058,2023-05-05 02:29:10,A,319
5724,21977,2025-03-14 18:57:33,A,517
5725,33310,2023-11-22 08:10:16,A,1095
5726,39391,2025-06-01 04:16:55,A,854
5727,35725,2025-07-25 17:15:07,A,984
5728,13144,2026-03-24 11:38:48,A,1156
5729,3093,2023-12-15 13:49:07,A,691
5730,15285,2024-10-29 17:48:49,A,1037
5731,9982,2025-09-01 04:45:18,A,1149
5732,21854,2024-04-16 17:26:50,A,1207
5733,31000,2024-11-14 07:52:08,A,992
5734,39383,2024-12-01 21:24:01,A,458
5735,24312,2025-04-29 06:55:16,A,1026
5736,31044,2025-07-09 16:29:59,A,779
5737,9680,2026-02-10 07:47:15,A,1002
5738,3904,2023-12-16 09:15:03,A,1251
5739,20321,2023-04-30 09:55:03,A,1249
5740,36573,2024-03-30 11:28:25,A,1018
5741,28501,2024-06-24 10:18:33,A,866
5742,21050,2024-06-19 05:01:48,A,1414
5743,6427,2024-09-23 02:17:44,A,1359
5744,11047,2023-10-22 09:59:08,A,471
5745,6101,2026-01-03 17:07:00,A,74
5746,27755,2025-01-27 20:01:19,A,39
5747,35470,2023-05-19 10:41:48,A,1191
5748,11216,2023-09-01 19:55:53,A,429
5749,39490,2025-09-21 18:32:31,A,1454
5750,4786,2024-09-22 10:43:34,A,669
5751,23748,2025-02-27 01:15:11,A,1035
5752,1156,2025-08-02 09:03:14,A,365
5753,32536,2023-08-28 07:17:07,A,380
5754,27029,2024-07-23 10:15:11,A,475
5755,24470,2025-01-16 08:30:22,A,705
5756,12427,2023-05-26 02:12:31,A,263
5757,2974,2024-09-10 23:40:36,A,540
5758,12130,2025-12-28 14:46:27,A,1282
5759,13687,2023-04-26 07:57:40,A,881
5760,27378,2023-07-09 19:02:37,A,1082
5761,34700,2024-08-18 14:40:06,A,1495
5762,25583,2026-01-08 06:48:18,A,440
5763,18736,2025-07-25 17:21:53,A,656
5764,4949,2024-05-30 11:18:59,A,1450
5765,37224,2025-07-06 06:02:20,A,1127
5766,39454,2024-08-14 22:28:49,A,533
5767,37293,2025-01-09 05:59:50,A,109
5768,23054,2023-11-01 15:00:26,A,978
5769,29839,2024-04-18 15:18:17,A,488
5770,15664,2024-10-16 21:09:49,A,997
5771,5043,2025-09-27 01:41:53,A,1006
5772,11535,2026-01-16 03:31:01,A,1265
5773,16943,2023-12-26 09:18:32,A,122
5774,37804,2024-08-19 01:07:02,A,1128
5775,12661,2023-05-20 01:45:22,A,1272
5776,31955,2023-11-06 19:54:19,A,1199
5777,13892,2025-04-09 13:53:52,A,199
5778,21353,2023-08-14 08:00:17,A,141
5779,37719,2026-01-16 05:18:00,A,1012
5780,25187,2026-03-09 17:19:07,A,99
5781,18200,2024-08-08 21:33:39,A,668
5782,13758,2024-11-07 16:35:49,A,1080
5783,15771,2023-11-01 08:18:19,A,580
5784,28624,2025-01-06 21:32:37,A,565
5785,15405,2024-10-29 09:34:14,A,1303
5786,21283,2024-09-01 03:13:04,A,779
5787,6702,2025-07-28 05:59:33,A,940
5788,36122,2023-03-11 21:04:39,A,281
5789,3796,2025-08-07 08:00:14,A,657
5790,16430,2023-04-11 20:26:00,A,450
5791,36758,2023-06-10 21:32:22,A,449
5792,15621,2024-09-05 02:30:31,A,266
5793,26154,2025-01-11 19:20:46,A,900
5794,12072,2025-10-07 06:47:55,A,1206
5795,33913,2024-01-02 13:10:13,A,1111
5796,27452,2025-09-15 16:46:16,A,432
5797,9893,2023-05-20 20:50:25,A,288
5798,32731,2023-07-11 10:04:49,A,106
5799,7875,2024-05-02 08:33:08,A,91
5800,21121,2024-08-21 18:23:54,A,724
5801,17277,2023-06-10 23:13:25,A,1095
5802,30872,2023-09-18 08:10:10,A,1450
5803,21122,2023-10-20 09:53:25,A,1224
5804,34199,2024-11-02 05:09:57,A,1098
5805,13149,2026-01-21 20:48:10,A,298
5806,30060,2023-08-12 13:50:29,A,606
5807,17814,2024-07-12 15:39:30,A,234
5808,26172,2025-02-03 07:56:17,A,456
5809,6629,2025-10-16 05:39:13,A,1400
5810,1065,2023-04-29 12:53:01,A,1179
5811,27991,2023-09-09 10:17:47,A,343
5812,10745,2025-07-05 00:37:25,A,153
5813,14487,2025-12-11 17:20:47,A,833
5814,19544,2023-05-10 05:51:41,A,1053
5815,35156,2023-08-27 08:47:31,A,923
5816,23034,2024-08-06 15:34:51,A,398
5817,22611,2024-08-08 08:01:09,A,783
5818,23548,2025-05-01 08:37:21,A,1098
5819,14300,2026-02-02 03:00:52,A,1114
5820,16932,2026-02-11 12:03:31,A,1139
5821,11527,2023-12-28 13:09:45,A,1095
5822,7581,2023-12-15 10:36:44,A,228
5823,9771,2024-09-14 04:01:43,A,51
5824,2754,2025-01-10 15:24:35,A,186
5825,39133,2026-01-31 20:12:15,A,540
5826,2973,2025-03-11 23:01:02,A,825
5827,26286,2023-06-11 00:35:57,A,826
5828,26469,2025-02-28 02:45:26,A,194
5829,31112,2024-04-11 17:58:32,A,802
5830,3799,2025-05-01 08:55:13,A,715
5831,20584,2025-10-22 23:40:18,A,401
5832,27691,2023-08-26 08:02:26,A,142
5833,2775,2024-04-14 20:35:24,A,769
5834,19901,2025-05-21 15:03:58,A,343
5835,10466,2025-07-13 21:37:34,A,848
5836,16625,2023-09-01 09:53:51,A,745
5837,11899,2025-05-08 03:52:51,A,1385
5838,20045,2025-01-24 06:13:43,A,28
5839,17516,2023-06-25 19:28:07,A,1335
5840,33769,2024-05-23 00:46:23,A,987
5841,32421,2024-07-31 18:34:50,A,1164
5842,31042,2025-06-04 02:42:18,A,1489
5843,30486,2024-03-07 06:00:04,A,672
5844,26681,2025-10-18 18:12:13,A,1361
5845,21662,2025-09-24 12:01:58,A,178
5846,16033,2023-08-18 14:57:31,A,1423
5847,29495,2023-09-23 11:11:05,A,880
5848,31852,2023-10-17 08:11:45,A,994
5849,25579,2023-09-22 18:58:31,A,228
5850,13411,2025-06-27 22:09:35,A,1315
5851,38193,2024-06-18 07:34:05,A,1283
5852,6651,2023-06-24 17:15:54,A,723
5853,23005,2024-06-21 12:27:37,A,752
5854,12964,2023-09-01 05:26:24,A,805
5855,35777,2023-09-30 16:43:56,A,379
5856,21734,2024-04-26 19:36:51,A,476
5857,15158,2025-12-10 17:41:14,A,1132
5858,28237,2023-11-06 15:48:53,A,610
5859,1495,2024-03-28 23:04:39,A,237
5860,4926,2026-01-13 23:23:32,A,359
5861,1210,2025-07-12 05:42:03,A,26
5862,20882,2023-09-13 12:26:27,A,1342
5863,32432,2024-10-26 10:31:31,A,602
5864,12628,2026-03-09 19:58:38,A,1052
5865,11139,2024-03-23 15:34:00,A,387
5866,13909,2025-06-12 09:38:35,A,539
5867,6404,2025-03-08 14:34:25,A,1388
5868,30989,2026-04-04 02:26:24,A,1244
5869,4925,2023-11-04 14:21:31,A,1445
5870,34188,2023-07-23 14:16:12,A,308
5871,31349,2024-10-22 01:31:03,A,774
5872,28254,2025-07-22 09:32:52,A,1439
5873,3020,2023-09-05 04:52:45,A,1178
5874,16719,2024-07-13 23:48:26,A,204
5875,33203,2025-03-18 23:45:05,A,193
5876,11731,2025-06-28 19:57:57,A,1275
5877,30597,2023-09-02 08:32:34,A,744
5878,34629,2026-01-26 18:35:41,A,763
5879,14953,2024-01-20 14:26:05,A,965
5880,32893,2024-09-09 04:56:52,A,1096
5881,35099,2025-09-15 21:04:52,A,384
5882,37764,2025-12-16 20:11:54,A,47
5883,7738,2023-07-08 10:38:23,A,372
5884,26231,2023-11-19 05:44:19,A,521
5885,29758,2025-02-03 12:32:47,A,1230
5886,25868,2025-08-19 02:16:29,A,958
5887,34384,2023-10-23 08:59:47,A,1457
5888,27048,2024-10-02 01:23:36,A,1186
5889,24525,2024-11-22 00:33:56,A,1018
5890,20041,2024-07-02 05:56:40,A,873
5891,18394,2023-09-14 13:00:18,A,1470
5892,30524,2025-08-28 11:18:36,A,1239
5893,8986,2023-03-26 19:47:46,A,491
5894,11267,2025-08-02 08:34:37,A,1102
5895,39566,2023-08-16 08:07:13,A,264
5896,7043,2023-12-12 05:42:29,A,111
5897,34741,2024-01-05 07:36:26,A,861
5898,30804,2025-11-08 16:55:39,A,1059
5899,37569,2024-11-24 23:52:29,A,908
5900,17272,2024-11-02 02:48:56,A,226
5901,24019,2025-03-08 14:16:18,A,439
5902,16665,2025-03-06 03:34:08,A,17
5903,4655,2025-04-15 13:27:39,A,1126
5904,9915,2023-05-15 23:07:53,A,216
5905,14659,2023-10-20 15:57:26,A,74
5906,30057,2024-06-14 22:08:54,A,537
5907,7660,2023-12-09 18:04:33,A,266
5908,34253,2024-08-19 20:21:51,A,1396
5909,33838,2024-10-24 12:12:37,A,732
5910,21547,2025-10-20 06:33:12,A,224
5911,4202,2023-07-14 14:30:12,A,937
5912,26704,2026-03-06 22:34:36,A,424
5913,33245,2025-07-11 13:37:27,A,1125
5914,27231,2024-07-22 10:36:37,A,882
5915,5914,2024-11-23 18:06:56,A,680
5916,15516,2023-05-28 05:44:28,A,1452
5917,36035,2025-08-25 14:54:04,A,1188
5918,11918,2026-01-06 17:53:53,A,486
5919,21008,2023-06-28 21:29:01,A,1369
5920,13608,2024-07-15 22:50:46,A,1481
5921,7508,2023-03-17 00:03:08,A,234
5922,38116,2024-04-04 16:01:29,A,1316
5923,9608,2024-05-05 02:41:15,A,656
5924,12339,2024-08-25 04:49:37,A,437
5925,36033,2024-11-03 22:23:36,A,638
5926,6970,2024-05-20 09:58:37,A,504
5927,15380,2026-01-10 12:14:32,A,134
5928,10017,2024-01-21 18:19:21,A,633
5929,16230,2025-05-23 17:49:35,A,452
5930,6652,2023-09-09 11:51:24,A,775
5931,32634,2025-11-03 12:21:43,A,743
5932,35902,2023-12-28 03:53:38,A,509
5933,37297,2024-11-20 03:31:45,A,166
5934,29238,2025-07-18 10:14:06,A,187
5935,29091,2024-06-17 16:03:44,A,1304
5936,37785,2025-06-06 15:52:54,A,263
5937,31726,2023-11-20 12:04:04,A,960
5938,38351,2024-03-25 19:46:14,A,411
5939,5938,2024-06-03 13:49:59,A,1281
5940,8798,2024-07-14 19:26:11,A,1070
5941,2355,2025-05-04 08:34:03,A,1329
5942,26164,2025-03-06 12:33:03,A,1179
5943,22416,2023-09-13 12:26:37,A,423
5944,28965,2024-09-05 12:38:00,A,148
5945,28862,2025-02-13 20:59:11,A,809
5946,7358,2024-12-27 09:11:41,A,721
5947,10125,2024-06-02 16:59:04,A,1033
5948,14318,2026-02-04 05:56:33,A,1027
5949,18467,2025-11-04 03:32:05,A,287
5950,37945,2025-10-23 23:32:04,A,915
5951,31158,2024-02-19 03:25:05,A,610
5952,14426,2024-09-22 02:23:41,A,398
5953,12434,2024-11-05 20:44:36,A,177
5954,30994,2025-04-11 01:18:04,A,1027
5955,17045,2026-01-12 19:57:18,A,999
5956,24519,2024-02-19 15:39:35,A,212
5957,21137,2025-04-02 19:20:39,A,1086
5958,33207,2026-01-27 10:49:23,A,1170
5959,29675,2026-02-27 10:05:02,A,695
5960,19800,2025-08-12 18:27:42,A,238
5961,26536,2025-12-03 14:54:28,A,1076
5962,14451,2024-04-12 14:51:44,A,1484
5963,33833,2025-01-25 00:05:33,A,1357
5964,10159,2023-02-27 14:53:47,A,664
5965,6313,2024-09-30 19:29:47,A,763
5966,506,2025-05-08 00:07:08,A,296
5967,25449,2023-07-17 10:47:11,A,1426
5968,17780,2025-10-09 07:37:03,A,1042
5969,10459,2025-12-26 03:43:35,A,1065
5970,22052,2024-01-19 20:22:43,A,305
5971,21383,2024-08-08 05:38:43,A,1290
5972,4931,2025-10-01 00:49:36,A,872
5973,24831,2025-12-18 10:45:36,A,248
5974,27310,2024-03-22 13:38:29,A,610
5975,32035,2024-10-21 14:08:36,A,1281
5976,8633,2024-02-01 14:09:29,A,806
5977,9105,2025-04-19 03:48:04,A,65
5978,578,2025-10-09 16:56:15,A,938
5979,9143,2025-11-22 19:44:01,A,1219
5980,24530,2023-10-15 00:16:10,A,362
5981,23138,2025-01-15 00:23:42,A,1098
5982,12875,2024-05-14 19:11:05,A,391
5983,33962,2025-01-28 15:56:17,A,774
5984,22697,2023-12-02 08:10:34,A,1256
5985,13229,2025-05-16 15:19:51,A,584
5986,30553,2025-08-17 19:48:10,A,397
5987,8008,2025-07-16 08:41:42,A,48
5988,11382,2024-01-17 03:07:47,A,510
5989,21660,2024-10-07 01:06:13,A,975
5990,18617,2024-03-11 03:36:59,A,308
5991,33074,2025-06-16 04:51:14,A,834
5992,33853,2025-12-07 00:28:36,A,387
5993,27009,2024-01-09 04:25:22,A,375
5994,11782,2023-04-15 23:09:38,A,1456
5995,7153,2023-10-28 23:19:39,A,500
5996,15857,2024-05-09 14:06:37,A,244
5997,21480,2025-09-23 15:58:45,A,1017
5998,16956,2026-02-04 02:25:01,A,1406
5999,4929,2023-04-29 06:50:36,A,329
6000,24966,2023-09-01 18:04:52,A,501
6001,28150,2023-12-03 23:06:50,A,572
6002,3797,2024-11-30 10:11:32,A,1378
6003,38040,2024-12-11 20:10:06,A,1438
6004,28524,2025-01-06 12:33:29,A,1066
6005,12015,2023-05-01 11:41:52,A,172
6006,6698,2023-06-01 02:58:27,A,549
6007,11265,2025-03-21 05:39:36,A,1037
6008,14731,2025-07-31 19:07:48,A,297
6009,22277,2025-04-30 12:24:00,A,295
6010,35911,2023-12-07 17:52:55,A,925
6011,6257,2025-12-16 01:48:09,A,1242
6012,22354,2025-08-30 12:07:06,A,635
6013,24518,2024-12-11 06:14:07,A,801
6014,38768,2023-06-07 03:38:50,A,265
6015,7996,2026-01-21 22:28:34,A,1460
6016,30606,2024-01-03 18:10:09,A,1367
6017,12753,2024-05-22 22:50:28,A,968
6018,9480,2025-04-22 05:09:27,A,1186
6019,20711,2026-02-16 00:19:57,A,703
6020,29089,2024-05-15 21:21:50,A,721
6021,31864,2026-03-20 12:48:43,A,752
6022,11240,2023-07-28 23:26:18,A,1246
6023,26524,2023-09-19 09:35:41,A,1446
6024,10992,2024-12-14 17:37:31,A,1181
6025,4201,2025-02-27 10:50:01,A,955
6026,28536,2026-01-17 09:24:03,A,936
6027,25147,2026-03-03 05:23:03,A,1386
6028,22374,2025-03-22 22:15:02,A,1240
6029,15288,2023-06-24 06:11:47,A,1450
6030,13875,2024-10-14 21:41:23,A,999
6031,29598,2024-11-25 09:05:14,A,980
6032,23862,2026-01-24 00:06:14,A,766
6033,20797,2023-05-15 19:15:10,A,680
6034,7792,2025-03-06 00:16:11,A,402
6035,27278,2023-08-15 09:08:41,A,84
6036,26621,2024-04-04 21:14:09,A,304
6037,26966,2024-08-14 01:20:47,A,458
6038,20995,2024-07-05 05:22:07,A,1161
6039,26964,2024-06-09 08:20:42,A,214
6040,31077,2026-01-20 20:54:15,A,469
6041,24503,2024-11-17 04:44:02,A,64
6042,20358,2025-12-13 05:19:22,A,274
6043,22506,2023-05-13 20:55:33,A,1450
6044,26086,2024-01-12 05:49:24,A,810
6045,30142,2023-07-13 11:54:46,A,947
6046,13207,2023-12-23 16:29:30,A,363
6047,19489,2024-09-02 21:04:38,A,1019
6048,35468,2025-06-13 07:14:49,A,1467
6049,14447,2023-07-22 10:13:14,A,1284
6050,24985,2023-10-26 13:20:02,A,423
6051,30856,2023-10-04 20:29:40,A,1086
6052,30261,2024-01-10 16:59:16,A,708
6053,2349,2025-06-30 17:19:35,A,1276
6054,2013,2023-06-25 12:50:19,A,92
6055,23246,2025-02-10 04:48:36,A,526
6056,37379,2023-04-19 10:56:43,A,1066
6057,7391,2023-05-24 22:50:25,A,340
6058,23818,2024-07-06 09:12:59,A,1351
6059,13639,2025-02-04 01:02:23,A,588
6060,32892,2023-10-10 16:48:12,A,226
6061,14603,2024-10-04 18:51:38,A,955
6062,13266,2025-10-14 12:23:33,A,201
6063,39717,2025-02-27 19:40:09,A,802
6064,4930,2025-04-27 07:29:31,A,1190
6065,4937,2025-12-06 02:23:31,A,1400
6066,38703,2023-10-18 22:56:54,A,66
6067,12250,2024-11-26 16:22:12,A,872
6068,14515,2024-07-30 18:35:08,A,767
6069,8486,2025-03-13 02:27:42,A,829
6070,23219,2025-11-17 20:29:31,A,683
6071,22808,2026-03-04 01:00:07,A,1333
6072,17606,2023-10-06 05:49:25,A,1307
6073,25499,2024-08-24 09:44:20,A,1275
6074,15385,2025-04-13 20:55:26,A,332
6075,11640,2025-11-29 00:26:35,A,1303
6076,33030,2025-07-13 14:21:42,A,1391
6077,37233,2023-10-04 00:11:00,A,1390
6078,39584,2024-08-21 00:17:13,A,1086
6079,12225,2024-10-04 13:18:06,A,1091
6080,26828,2025-10-03 08:19:48,A,554
6081,2774,2025-10-23 07:44:39,A,1176
6082,29093,2023-06-05 21:27:49,A,1032
6083,29383,2024-03-07 18:14:25,A,509
6084,21813,2025-03-24 15:17:45,A,870
6085,38151,2023-07-05 05:49:00,A,776
6086,12487,2024-02-17 18:06:37,A,57
6087,1012,2024-10-03 19:54:20,A,306
6088,19686,2024-10-17 06:20:52,A,325
6089,34169,2025-02-23 11:44:51,A,277
6090,5524,2024-07-24 02:29:47,A,910
6091,13389,2025-01-28 11:46:42,A,207
6092,23710,2025-08-11 22:02:38,A,48
6093,25658,2023-10-18 13:20:06,A,150
6094,34591,2024-01-04 22:04:40,A,206
6095,21514,2024-04-24 01:18:41,A,953
6096,35907,2024-04-16 18:05:06,A,1320
6097,34162,2024-06-08 17:23:50,A,235
6098,36074,2025-01-03 19:39:05,A,1403
6099,16550,2025-05-05 03:34:24,A,500
6100,13811,2023-10-08 10:16:24,A,1287
6101,34261,2023-03-13 17:22:12,A,1185
6102,22786,2023-04-26 11:16:09,A,977
6103,16330,2025-11-16 18:13:18,A,854
6104,17036,2023-07-25 11:59:10,A,436
6105,11119,2023-10-18 04:14:39,A,179
6106,10026,2024-01-16 03:10:27,A,1156
6107,9264,2025-07-19 22:17:12,A,540
6108,12531,2025-12-25 21:17:08,A,450
6109,35644,2023-06-17 03:02:39,A,494
6110,23137,2023-11-20 13:12:26,A,101
6111,1191,2023-10-12 01:36:23,A,543
6112,23765,2024-06-07 17:49:34,A,1119
6113,17717,2025-08-25 06:43:01,A,926
6114,2842,2025-07-31 05:36:46,A,1333
6115,2532,2026-02-14 11:12:58,A,957
6116,37375,2025-08-01 02:44:33,A,177
6117,1193,2025-07-02 20:09:53,A,331
6118,34697,2026-01-03 15:21:54,A,976
6119,15883,2023-04-09 08:23:41,A,383
6120,34380,2024-05-25 13:15:25,A,32
6121,5431,2025-05-24 23:20:40,A,1185
6122,17240,2025-01-05 16:47:49,A,683
6123,5118,2026-02-15 17:51:43,A,1097
6124,170,2026-04-07 01:01:05,A,607
6125,1167,2023-03-18 07:48:50,A,808
6126,35751,2023-08-08 02:11:23,A,1209
6127,34672,2024-02-11 05:22:05,A,29
6128,33081,2025-01-29 01:46:07,A,233
6129,5977,2025-07-23 02:12:02,A,1405
6130,10241,2026-03-15 15:34:24,A,1407
6131,28664,2023-03-09 21:23:43,A,526
6132,23234,2023-05-16 02:48:23,A,1268
6133,3996,2023-09-07 22:06:20,A,399
6134,207,2025-07-02 18:51:41,A,824
6135,5000,2025-08-03 07:27:09,A,703
6136,4885,2024-01-26 10:21:31,A,834
6137,24231,2025-02-16 11:21:15,A,473
6138,22075,2023-10-18 12:11:12,A,1155
6139,13013,2024-12-02 09:42:24,A,40
6140,31536,2026-01-21 22:57:19,A,308
6141,1192,2026-03-08 04:27:54,A,46
6142,706,2024-01-22 17:14:13,A,812
6143,16640,2023-04-18 19:01:36,A,1335
6144,5704,2023-11-19 06:46:58,A,1099
6145,5974,2023-04-03 09:15:13,A,1389
6146,26127,2023-08-17 18:23:02,A,77
6147,10181,2024-03-22 15:07:15,A,1129
6148,34256,2024-06-04 23:25:28,A,831
6149,5506,2024-02-17 17:52:12,A,4
6150,3998,2024-09-02 10:53:02,A,454
6151,2833,2024-06-07 16:23:35,A,1259
6152,8681,2024-07-08 09:14:47,A,546
6153,206,2024-12-29 02:03:53,A,1069
6154,7682,2025-03-17 00:38:48,A,295
6155,7071,2025-03-24 00:08:53,A,897
6156,2527,2025-06-08 08:30:49,A,797
6157,14470,2025-10-17 06:32:02,A,732
6158,7445,2025-05-24 01:14:17,A,1120
6159,31698,2025-09-18 08:01:41,A,1343
6160,15653,2025-07-04 04:28:07,A,1167
6161,22730,2024-02-28 13:31:10,A,1102
6162,3358,2025-08-06 02:23:27,A,1310
6163,14033,2025-08-11 05:45:37,A,854
6164,5091,2025-08-14 10:32:07,A,531
6165,29632,2026-01-30 18:31:57,A,1141
6166,35534,2026-03-11 11:37:57,A,966
6167,26321,2024-05-26 01:04:23,A,1280
6168,658,2025-08-19 01:23:59,A,435
6169,1189,2024-07-16 09:08:55,A,1328
6170,31041,2024-08-08 18:38:42,A,451
6171,12340,2024-08-12 19:38:12,A,1238
6172,16060,2025-10-07 02:09:41,A,1201
6173,5092,2024-02-09 22:54:35,A,1393
6174,33993,2025-01-30 17:19:16,A,1139
6175,34687,2024-09-08 02:52:11,A,1015
6176,37184,2025-10-06 14:30:07,A,696
6177,26456,2025-11-27 06:31:53,A,533
6178,1144,2025-11-02 10:05:31,A,230
6179,3668,2026-04-07 21:28:49,A,662
6180,377,2024-05-03 20:45:38,A,1083
6181,2534,2025-02-21 14:59:48,A,163
6182,8862,2025-03-10 16:52:27,A,331
6183,32913,2024-03-22 09:06:09,A,1131
6184,28919,2025-04-07 07:13:10,A,607
6185,2198,2025-10-26 03:00:11,A,1484
6186,29266,2026-01-06 18:56:11,A,11
6187,30366,2026-01-10 09:46:27,A,1253
6188,6019,2023-04-11 20:41:34,A,641
6189,23697,2025-04-24 17:43:44,A,84
6190,34959,2025-05-22 02:12:25,A,808
6191,20423,2023-07-22 18:17:49,A,117
6192,37774,2023-08-24 23:00:15,A,92
6193,21954,2024-03-03 04:27:15,A,279
6194,12911,2024-07-12 10:24:10,A,1113
6195,4947,2025-04-27 11:31:06,A,214
6196,7011,2023-06-25 04:18:21,A,1173
6197,25278,2024-03-17 13:50:11,A,880
6198,35942,2023-10-27 09:12:39,A,425
6199,21360,2023-12-25 05:34:14,A,639
6200,2099,2024-05-12 00:46:28,A,785
6201,35747,2024-01-14 03:43:15,A,930
6202,3999,2024-01-20 12:20:40,A,512
6203,1617,2025-11-12 06:47:45,A,1398
6204,9574,2024-09-12 08:34:53,A,869
6205,33924,2025-07-07 02:44:16,A,77
6206,14334,2025-07-02 03:42:37,A,1118
6207,6740,2026-01-26 22:27:37,A,1058
6208,33563,2024-06-24 14:46:01,A,320
6209,9537,2024-10-11 10:07:37,A,1368
6210,6903,2025-09-25 09:59:42,A,769
6211,8341,2023-10-28 07:58:51,A,456
6212,5953,2024-02-22 14:37:02,A,986
6213,8956,2025-05-11 05:38:02,A,141
6214,32506,2025-08-27 12:35:40,A,937
6215,15125,2026-03-07 15:58:10,A,1446
6216,24489,2023-04-09 13:39:15,A,1481
6217,1129,2024-02-03 21:06:06,A,422
6218,21065,2024-09-18 23:31:04,A,1487
6219,12856,2024-11-16 05:51:41,A,333
6220,24784,2025-09-09 09:39:48,A,820
6221,16058,2026-01-07 05:38:23,A,215
6222,273,2023-08-29 05:36:25,A,1412
6223,6393,2024-03-27 03:55:10,A,167
6224,19338,2024-08-07 22:29:15,A,8
6225,7169,2025-10-25 15:16:04,A,859
6226,19379,2025-09-18 04:37:54,A,1368
6227,29262,2025-11-25 09:14:22,A,522
6228,22585,2023-10-12 08:23:21,A,953
6229,23663,2023-08-01 04:12:26,A,940
6230,13918,2025-06-26 02:11:24,A,1108
6231,36939,2026-01-29 22:59:29,A,1069
6232,7200,2023-05-02 13:07:04,A,314
6233,11762,2025-03-01 17:39:31,A,621
6234,1185,2026-01-04 20:33:00,A,1084
6235,254,2023-12-10 04:02:25,A,148
6236,29410,2023-12-08 08:56:03,A,837
6237,19423,2024-05-26 13:11:08,A,343
6238,5121,2024-06-05 06:06:26,A,1104
6239,5037,2025-06-21 00:42:39,A,1124
6240,33734,2025-10-24 22:15:43,A,1433
6241,2841,2024-03-11 19:43:05,A,547
6242,32402,2025-06-22 15:40:26,A,551
6243,23754,2023-08-18 09:00:50,A,1365
6244,18122,2023-09-25 04:23:12,A,673
6245,12979,2023-09-11 05:15:28,A,39
6246,6060,2024-10-06 03:20:12,A,27
6247,26358,2026-01-12 23:38:57,A,502
6248,28869,2025-11-01 08:19:48,A,207
6249,35721,2026-02-25 15:11:48,A,1013
6250,2377,2023-05-06 03:28:57,A,274
6251,11843,2025-02-07 11:48:14,A,111
6252,2535,2023-07-05 12:17:11,A,1290
6253,2828,2024-02-19 05:00:18,A,629
6254,38108,2025-01-21 11:57:32,A,182
6255,3511,2025-02-03 19:29:58,A,551
6256,16234,2025-04-14 08:54:30,A,747
6257,5796,2025-07-09 17:06:13,A,1309
6258,35538,2023-12-03 19:06:24,A,753
6259,27398,2025-10-05 20:32:40,A,749
6260,3997,2026-01-12 13:38:25,A,441
6261,10516,2023-12-03 01:02:56,A,1470
6262,24506,2023-07-22 12:20:09,A,1117
6263,18397,2024-12-23 09:31:07,A,599
6264,38284,2025-02-24 18:04:47,A,890
6265,64,2025-09-30 05:32:29,A,704
6266,4003,2025-08-01 15:48:54,A,1061
6267,23876,2026-02-17 13:04:10,A,274
6268,22356,2024-08-24 13:19:24,A,1341
6269,6802,2025-05-10 01:03:00,A,686
6270,5964,2025-12-09 17:47:29,A,127
6271,6016,2023-07-19 13:09:02,A,430
6272,213,2025-04-13 10:17:03,A,1347
6273,28938,2025-08-28 18:46:52,A,1322
6274,5959,2023-05-25 12:14:08,A,587
6275,26544,2024-08-31 13:40:26,A,455
6276,6212,2025-03-02 01:11:57,A,1025
6277,32719,2023-07-07 07:08:48,A,527
6278,36881,2023-10-18 11:53:18,A,734
6279,31831,2026-01-17 10:31:39,A,1276
6280,1145,2024-05-09 02:03:50,A,428
6281,24195,2024-12-05 19:11:51,A,846
6282,14937,2025-07-11 10:17:53,A,396
6283,14116,2023-10-07 00:23:20,A,1088
6284,18889,2024-01-04 15:04:13,A,936
6285,19342,2025-04-03 15:31:07,A,1094
6286,10585,2026-01-28 23:09:20,A,1188
6287,16070,2026-02-15 04:27:03,A,1100
6288,13337,2024-01-25 20:26:23,A,224
6289,1616,2025-01-18 08:43:01,A,784
6290,19602,2025-10-06 04:07:44,A,1395
6291,9160,2024-01-04 22:19:23,A,164
6292,9796,2025-09-26 14:12:33,A,388
6293,3089,2023-08-17 15:07:11,A,1333
6294,20141,2024-04-23 19:51:49,A,1386
6295,9292,2024-10-08 03:52:17,A,449
6296,19921,2025-05-09 07:12:14,A,673
6297,3667,2026-02-23 02:35:10,A,452
6298,8688,2026-04-15 00:12:35,A,1217
6299,23211,2025-01-16 22:06:07,A,505
6300,30339,2024-12-09 02:07:34,A,992
6301,32262,2023-07-11 10:56:43,A,266
6302,34792,2025-03-22 04:02:04,A,1437
6303,23842,2025-07-22 19:25:50,A,512
6304,37175,2025-10-11 10:37:17,A,1021
6305,30737,2023-11-16 20:50:48,A,215
6306,2421,2023-07-26 16:10:39,A,201
6307,37586,2023-09-25 23:24:42,A,140
6308,29141,2023-08-24 14:39:53,A,20
6309,6015,2025-03-30 12:29:52,A,141
6310,59,2023-05-09 05:06:25,A,540
6311,4010,2023-07-16 17:43:35,A,386
6312,37722,2024-07-11 20:28:40,A,78
6313,10926,2024-09-29 06:53:34,A,306
6314,28151,2025-10-26 23:50:56,A,984
6315,31685,2024-04-07 14:15:23,A,1142
6316,6061,2024-06-03 23:46:45,A,1049
6317,2422,2025-04-28 11:23:52,A,1138
6318,33270,2023-03-05 08:30:06,A,323
6319,14086,2023-07-17 04:35:25,A,868
6320,24391,2024-08-18 06:49:27,A,20
6321,115,2025-02-27 08:47:06,A,1438
6322,25620,2025-10-11 16:53:29,A,1396
6323,28596,2024-11-14 13:00:35,A,1296
6324,1486,2024-12-26 12:49:54,A,500
6325,8473,2025-07-14 17:37:12,A,1044
6326,25304,2023-12-06 04:46:22,A,86
6327,34203,2023-09-07 13:07:27,A,1289
6328,34012,2024-10-23 04:12:43,A,1355
6329,4002,2025-01-05 20:45:58,A,239
6330,6536,2025-11-07 07:05:46,A,930
6331,3662,2025-01-13 14:47:45,A,448
6332,5954,2025-03-20 02:11:07,A,300
6333,35519,2023-07-13 09:54:28,A,1378
6334,39382,2023-10-22 10:37:29,A,1133
6335,6179,2024-07-12 17:49:22,A,1163
6336,34136,2026-02-24 10:13:51,A,75
6337,24278,2023-04-16 19:57:02,A,495
6338,9793,2023-05-26 07:44:25,A,33
6339,36143,2024-03-26 07:47:12,A,853
6340,9231,2025-02-16 23:57:48,A,951
6341,38943,2025-05-13 03:24:32,A,1375
6342,24498,2025-07-02 08:50:02,A,496
6343,32616,2025-10-26 19:14:32,A,194
6344,38880,2024-06-29 22:51:12,A,620
6345,3765,2024-10-08 09:29:38,A,866
6346,1188,2025-01-28 13:32:34,A,1274
6347,27748,2025-09-26 14:21:40,A,79
6348,3324,2026-02-16 10:38:16,A,1339
6349,4505,2026-03-05 00:53:34,A,636
6350,13559,2024-05-21 10:21:34,A,322
6351,8162,2024-08-11 10:44:13,A,646
6352,4463,2025-05-06 21:23:17,A,1472
6353,5455,2025-08-24 21:44:41,A,1451
6354,22373,2023-06-30 08:49:27,A,776
6355,36974,2023-07-20 08:05:24,A,679
6356,14476,2025-03-20 15:13:24,A,224
6357,4283,2025-11-15 08:27:46,A,784
6358,1929,2023-12-15 14:13:41,A,277
6359,31592,2024-11-15 05:41:47,A,27
6360,8924,2025-05-11 16:20:00,A,978
6361,19329,2025-01-08 05:50:40,A,1472
6362,24669,2025-08-16 11:04:39,A,1086
6363,6614,2023-06-13 05:28:08,A,331
6364,13346,2023-11-18 17:26:03,A,711
6365,10930,2024-07-11 06:33:19,A,683
6366,19000,2025-04-30 23:07:38,A,203
6367,2836,2025-05-05 02:48:17,A,1174
6368,2582,2025-10-28 01:44:41,A,115
6369,20647,2024-05-18 14:02:02,A,1055
6370,12287,2023-06-30 20:12:09,A,1490
6371,29891,2023-09-23 22:15:04,A,439
6372,27679,2023-12-08 21:41:05,A,676
6373,1425,2023-11-25 15:42:52,A,1331
6374,7689,2024-09-17 12:38:10,A,432
6375,11874,2025-07-04 18:17:24,A,449
6376,3351,2023-06-16 05:38:05,A,773
6377,3716,2025-02-07 15:09:55,A,396
6378,16441,2025-12-19 02:59:47,A,1204
6379,21821,2025-12-11 22:48:44,A,311
6380,24638,2025-12-27 15:06:20,A,1168
6381,5020,2026-04-06 17:03:59,A,879
6382,35191,2024-08-31 15:37:06,A,1007
6383,6730,2025-05-19 14:36:49,A,722
6384,744,2023-02-28 15:02:59,A,1094
6385,3135,2023-08-26 18:02:27,A,583
6386,7269,2023-12-07 00:37:57,A,1332
6387,25030,2024-02-02 02:16:23,A,872
6388,3556,2024-04-05 07:50:21,A,1466
6389,32569,2024-11-07 06:15:45,A,750
6390,37867,2025-06-16 17:28:39,A,656
6391,32086,2023-03-27 06:33:03,A,1471
6392,4503,2023-10-24 02:42:29,A,995
6393,37705,2025-01-27 13:34:30,A,921
6394,26070,2023-07-14 12:57:15,A,818
6395,11994,2023-09-10 02:46:10,A,723
6396,5013,2024-03-22 23:17:53,A,1475
6397,9552,2025-12-27 06:21:58,A,92
6398,19,2024-02-26 18:59:50,A,714
6399,39884,2023-07-04 00:37:53,A,310
6400,4453,2024-04-16 20:23:40,A,937
6401,25687,2024-11-16 16:21:49,A,473
6402,35075,2023-06-15 16:44:06,A,1371
6403,29835,2024-12-12 12:28:23,A,606
6404,27994,2025-10-06 14:22:14,A,818
6405,975,2024-05-02 12:33:05,A,924
6406,32558,2023-04-08 21:18:00,A,869
6407,22472,2025-02-15 10:15:47,A,526
6408,32335,2025-08-12 17:44:42,A,764
6409,12586,2024-06-22 15:17:23,A,597
6410,4464,2025-05-13 09:34:28,A,1365
6411,30296,2025-12-18 09:51:08,A,488
6412,21411,2023-10-18 22:11:41,A,745
6413,13052,2024-10-22 11:50:54,A,1428
6414,29978,2025-01-24 17:49:02,A,871
6415,12806,2026-01-13 05:04:38,A,911
6416,35948,2023-04-20 02:28:39,A,200
6417,28305,2025-07-20 10:17:50,A,777
6418,6667,2023-03-12 11:39:10,A,400
6419,2431,2025-06-26 04:39:51,A,505
6420,36339,2023-12-18 17:49:21,A,41
6421,37655,2025-10-03 21:14:27,A,85
6422,10378,2023-03-31 22:56:27,A,920
6423,9235,2023-07-19 06:22:18,A,562
6424,33951,2023-10-11 03:19:22,A,368
6425,21031,2025-07-13 03:04:49,A,478
6426,23307,2025-12-10 06:02:21,A,710
6427,786,2024-02-15 23:55:53,A,892
6428,7099,2024-07-06 02:35:21,A,859
6429,5211,2024-07-20 14:49:15,A,985
6430,7727,2025-08-03 16:01:06,A,333
6431,15323,2024-05-07 05:26:12,A,1157
6432,33920,2024-06-09 18:48:10,A,1257
6433,32871,2023-03-31 11:27:23,A,123
6434,931,2024-03-30 06:22:33,A,1470
6435,788,2023-09-11 03:13:47,A,164
6436,1879,2024-07-27 20:15:11,A,26
6437,18913,2025-12-07 05:42:10,A,304
6438,16902,2026-01-19 17:13:35,A,243
6439,5019,2026-03-18 20:24:08,A,619
6440,20879,2023-10-13 04:01:40,A,1137
6441,37710,2024-05-20 05:46:22,A,679
6442,36128,2025-05-31 14:47:05,A,1042
6443,5217,2025-12-16 01:15:52,A,1184
6444,32614,2024-02-28 13:28:17,A,1495
6445,11208,2024-06-01 07:57:07,A,1365
6446,22001,2024-08-06 16:01:34,A,322
6447,28422,2023-05-22 23:13:40,A,678
6448,16482,2023-07-06 15:28:03,A,550
6449,4448,2024-04-29 14:03:02,A,562
6450,26387,2024-07-07 03:02:13,A,1320
6451,3912,2024-11-29 17:22:15,A,328
6452,22502,2025-03-22 13:13:36,A,1052
6453,37172,2025-11-07 17:14:00,A,1360
6454,5216,2023-05-22 14:42:25,A,751
6455,13924,2024-07-02 22:08:01,A,404
6456,14191,2023-08-03 20:40:06,A,131
6457,3561,2024-12-07 13:20:07,A,1495
6458,30845,2025-01-29 07:38:43,A,1447
6459,32752,2025-03-11 19:03:57,A,778
6460,26783,2025-08-05 07:53:59,A,326
6461,19543,2023-04-25 20:01:05,A,1465
6462,15898,2023-10-03 15:22:33,A,1492
6463,31507,2024-06-07 09:10:09,A,821
6464,9890,2024-07-19 17:56:12,A,1343
6465,985,2024-11-17 18:34:41,A,706
6466,37497,2025-01-05 06:07:26,A,1094
6467,26355,2025-11-08 20:17:15,A,1495
6468,39423,2024-06-01 19:39:53,A,547
6469,32928,2026-04-02 22:50:54,A,658
6470,15564,2023-08-15 13:24:11,A,227
6471,3789,2023-12-14 01:52:44,A,785
6472,12787,2025-10-04 00:57:55,A,1275
6473,18634,2025-11-14 16:34:46,A,330
6474,18893,2023-09-04 16:46:55,A,543
6475,28079,2025-09-03 09:53:14,A,958
6476,7124,2023-04-13 16:10:57,A,855
6477,31896,2024-02-17 20:47:28,A,1352
6478,23209,2024-02-05 16:29:15,A,701
6479,18809,2024-03-18 16:54:29,A,773
6480,33700,2024-08-06 02:50:22,A,1261
6481,10427,2024-10-20 11:43:54,A,1069
6482,32797,2025-06-13 23:02:18,A,1394
6483,13525,2024-01-30 21:05:32,A,1251
6484,13808,2025-06-15 03:32:27,A,1492
6485,5018,2025-10-29 03:29:24,A,46
6486,30186,2025-11-12 23:25:16,A,578
6487,19823,2025-10-06 13:05:52,A,306
6488,6997,2023-05-11 02:32:37,A,346
6489,13505,2024-05-04 03:56:48,A,712
6490,24345,2025-05-15 07:03:28,A,87
6491,28396,2024-01-20 15:37:30,A,1414
6492,33979,2024-12-29 14:19:14,A,1282
6493,11817,2025-02-28 18:00:12,A,481
6494,29874,2023-03-23 22:39:28,A,817
6495,2907,2023-06-20 01:18:27,A,1348
6496,30537,2024-07-25 01:14:15,A,1080
6497,23485,2025-08-20 00:45:15,A,1462
6498,738,2023-04-10 04:10:22,A,47
6499,14964,2024-07-20 18:04:14,A,827
6500,30458,2023-02-23 14:14:29,A,1411
6501,14282,2025-05-29 18:22:27,A,88
6502,27729,2025-07-21 23:28:52,A,659
6503,2282,2024-12-09 13:16:36,A,1216
6504,22101,2023-09-18 11:28:53,A,113
6505,12757,2024-06-21 15:12:43,A,687
6506,24840,2024-06-12 16:40:05,A,1356
6507,4501,2024-09-11 09:02:26,A,1148
6508,869,2024-04-13 10:01:41,A,699
6509,35668,2025-05-25 12:18:03,A,226
6510,37303,2025-02-24 16:54:31,A,320
6511,29945,2023-06-16 13:42:01,A,387
6512,3145,2023-08-27 01:21:56,A,1192
6513,1927,2024-06-26 19:41:52,A,869
6514,26228,2024-09-26 14:32:40,A,1387
6515,1020,2025-07-19 16:17:45,A,420
6516,27616,2025-09-15 15:15:04,A,671
6517,12270,2023-04-17 21:28:06,A,294
6518,3910,2023-04-20 06:19:01,A,422
6519,17079,2023-11-17 10:38:14,A,946
6520,36394,2023-12-29 20:53:50,A,1175
6521,36278,2024-01-14 03:58:31,A,967
6522,38553,2024-03-08 13:25:58,A,1448
6523,5214,2024-06-08 09:56:45,A,454
6524,20110,2024-09-30 10:51:03,A,1458
6525,12718,2023-07-25 07:39:04,A,1182
6526,31206,2023-07-25 08:28:25,A,1098
6527,17082,2024-03-28 12:52:59,A,1432
6528,24104,2024-04-17 15:05:27,A,558
6529,10299,2024-01-06 04:49:00,A,6
6530,4415,2026-02-05 16:22:33,A,415
6531,16171,2023-08-21 18:11:56,A,315
6532,4447,2024-03-09 14:00:26,A,446
6533,981,2025-03-21 13:41:20,A,625
6534,19763,2023-10-16 19:16:37,A,1026
6535,18561,2024-01-11 16:32:08,A,145
6536,4455,2024-03-07 17:26:44,A,1091
6537,785,2024-06-08 01:36:29,A,669
6538,33132,2025-09-16 05:31:29,A,1322
6539,7219,2025-09-08 01:09:52,A,632
6540,20248,2023-07-22 16:04:22,A,551
6541,19166,2025-01-12 18:44:04,A,998
6542,8625,2025-08-17 16:24:12,A,712
6543,25759,2024-12-24 23:57:53,A,228
6544,16290,2024-12-15 09:47:12,A,884
6545,12773,2025-05-16 12:12:20,A,750
6546,23401,2024-02-10 10:16:15,A,1269
6547,30699,2024-08-30 14:51:44,A,654
6548,36774,2025-02-12 17:18:51,A,903
6549,31004,2024-08-02 09:25:16,A,329
6550,3786,2026-02-22 13:25:48,A,231
6551,25672,2023-05-02 17:19:45,A,1181
6552,32515,2023-08-16 09:21:45,A,1173
6553,6363,2024-11-09 00:27:28,A,318
6554,12451,2025-12-10 22:19:53,A,548
6555,22691,2025-11-06 21:00:44,A,1488
6556,39088,2024-02-25 06:03:52,A,418
6557,6907,2024-06-12 06:44:37,A,1446
6558,12782,2024-06-08 17:39:21,A,109
6559,34796,2024-09-04 08:06:31,A,404
6560,24845,2025-03-02 04:09:33,A,579
6561,36830,2024-09-29 17:13:49,A,1252
6562,30776,2025-07-14 05:18:10,A,1046
6563,1711,2023-09-19 20:58:47,A,329
6564,36876,2024-04-11 07:50:15,A,821
6565,792,2024-08-28 07:00:37,A,687
6566,20615,2024-03-21 07:13:47,A,779
6567,39221,2026-01-11 07:06:08,A,1134
6568,5749,2023-07-31 15:11:12,A,144
6569,33519,2024-07-22 23:23:40,A,149
6570,5748,2025-02-07 09:26:12,A,1176
6571,14684,2023-09-17 10:39:55,A,39
6572,35639,2024-03-23 20:19:11,A,1145
6573,34462,2024-03-06 23:38:11,A,1497
6574,31281,2024-08-14 11:07:07,A,387
6575,6821,2024-11-21 10:35:11,A,1317
6576,18264,2023-08-07 03:06:02,A,1213
6577,1174,2023-12-28 00:56:01,A,775
6578,19537,2025-05-20 20:00:17,A,181
6579,28418,2025-01-19 05:49:30,A,878
6580,17958,2025-08-02 09:57:23,A,280
6581,1574,2025-06-17 13:06:13,A,381
6582,15995,2023-07-25 08:35:45,A,1024
6583,33358,2025-04-07 21:48:28,A,1263
6584,21183,2024-09-13 06:25:54,A,897
6585,5763,2025-04-25 17:14:15,A,212
6586,26109,2024-04-16 20:15:10,A,498
6587,31556,2024-12-11 21:25:58,A,1073
6588,30495,2025-11-26 15:50:11,A,1471
6589,386,2023-04-22 01:08:09,A,1281
6590,9555,2023-10-20 14:51:16,A,596
6591,38067,2024-04-28 08:28:32,A,401
6592,34370,2025-12-17 15:13:55,A,1495
6593,7919,2024-06-30 13:55:42,A,600
6594,19424,2025-03-03 22:48:01,A,260
6595,26842,2026-03-14 19:19:16,A,1163
6596,24935,2024-05-01 12:26:00,A,989
6597,6120,2025-09-20 11:19:03,A,1348
6598,13792,2023-03-16 00:41:15,A,1177
6599,7146,2025-12-22 19:41:57,A,1467
6600,4543,2024-05-19 01:44:06,A,500
6601,27971,2025-02-11 03:28:58,A,390
6602,19497,2025-07-06 14:07:32,A,771
6603,21957,2025-11-28 12:38:09,A,1396
6604,29291,2023-11-20 02:45:25,A,805
6605,20530,2024-09-05 03:49:07,A,550
6606,20360,2025-09-26 11:11:30,A,501
6607,156,2023-03-01 19:15:52,A,736
6608,4136,2024-09-17 21:07:20,A,877
6609,17060,2025-09-13 07:18:37,A,804
6610,34352,2023-06-03 16:20:52,A,1244
6611,30506,2024-04-27 01:34:10,A,763
6612,16154,2024-08-18 17:38:14,A,890
6613,29329,2025-05-04 20:21:58,A,1109
6614,18613,2025-02-05 04:58:58,A,1186
6615,15726,2026-03-12 19:17:13,A,875
6616,16887,2025-08-31 08:03:13,A,668
6617,15277,2025-11-22 13:38:36,A,513
6618,26620,2023-09-09 09:55:52,A,472
6619,26162,2024-05-20 05:11:12,A,592
6620,35529,2023-07-09 12:51:29,A,1041
6621,7290,2023-11-08 10:14:30,A,162
6622,19534,2025-11-14 03:41:00,A,428
6623,21782,2023-10-22 22:27:50,A,114
6624,5747,2024-09-12 14:00:52,A,838
6625,34010,2025-07-28 09:20:06,A,1271
6626,34646,2026-03-24 10:43:33,A,1254
6627,38213,2023-04-22 18:25:46,A,1376
6628,31205,2024-11-01 01:56:02,A,991
6629,7308,2024-01-16 08:25:03,A,250
6630,6006,2024-03-28 07:30:37,A,1209
6631,9919,2024-04-08 07:31:19,A,410
6632,15985,2025-03-24 10:16:13,A,778
6633,13298,2025-09-28 13:28:51,A,1167
6634,8209,2024-10-27 00:30:35,A,1115
6635,7767,2024-12-01 03:37:53,A,1102
6636,11746,2023-05-07 16:15:15,A,423
6637,2956,2023-04-30 08:26:35,A,854
6638,3711,2024-08-21 05:39:15,A,55
6639,26301,2024-01-09 23:34:25,A,700
6640,5625,2024-03-04 05:17:22,A,1435
6641,31903,2024-07-14 14:06:41,A,567
6642,4542,2024-09-23 04:41:34,A,491
6643,4139,2024-11-17 19:25:04,A,1401
6644,25406,2023-08-27 01:24:29,A,92
6645,5765,2024-04-30 06:11:46,A,59
6646,11973,2024-11-15 10:34:36,A,764
6647,6189,2024-05-04 06:27:15,A,433
6648,20148,2024-09-04 02:39:48,A,1270
6649,27556,2023-07-26 08:46:48,A,531
6650,4765,2024-11-18 19:54:10,A,511
6651,34059,2024-11-15 16:56:07,A,771
6652,29393,2026-03-27 18:59:34,A,1384
6653,7128,2023-11-22 19:43:13,A,559
6654,34616,2025-01-29 11:30:34,A,637
6655,34065,2024-08-14 06:16:11,A,785
6656,22082,2024-02-10 09:50:26,A,324
6657,6121,2024-02-13 02:34:14,A,1252
6658,2911,2024-09-26 02:34:13,A,303
6659,21950,2026-01-31 18:24:47,A,69
6660,3810,2024-04-21 10:51:05,A,708
6661,38194,2025-01-16 14:42:48,A,1134
6662,4179,2025-03-18 11:19:25,A,1435
6663,6004,2024-03-28 19:08:49,A,489
6664,18005,2024-03-02 07:04:26,A,989
6665,252,2025-02-27 03:05:42,A,1390
6666,38408,2025-02-12 16:45:30,A,648
6667,390,2023-09-16 10:11:37,A,887
6668,17133,2023-12-14 16:06:09,A,775
6669,37947,2024-08-01 13:02:31,A,795
6670,28140,2025-02-15 01:20:27,A,888
6671,22995,2023-04-24 20:11:13,A,297
6672,28195,2024-01-20 21:34:46,A,1023
6673,36791,2024-04-16 08:50:19,A,80
6674,7328,2025-11-11 13:22:02,A,438
6675,36112,2026-01-28 09:06:50,A,829
6676,25160,2026-02-26 14:32:22,A,1304
6677,1066,2026-01-18 04:26:32,A,695
6678,13616,2023-04-21 00:47:40,A,1269
6679,17803,2025-12-25 17:01:08,A,1052
6680,17287,2026-02-08 04:28:59,A,274
6681,39777,2023-12-30 11:37:46,A,1276
6682,20873,2024-09-22 15:12:17,A,502
6683,9393,2024-11-05 14:50:29,A,1490
6684,30121,2024-06-15 20:40:32,A,920
6685,795,2023-08-15 16:21:52,A,111
6686,16657,2023-11-09 14:26:13,A,1140
6687,14312,2024-06-25 03:50:39,A,249
6688,13935,2024-09-12 09:12:24,A,114
6689,605,2025-01-20 22:27:24,A,1311
6690,10726,2025-10-30 11:06:16,A,1205
6691,12041,2025-10-08 21:53:43,A,1196
6692,33554,2025-11-05 16:05:59,A,540
6693,24675,2023-06-16 23:13:11,A,1468
6694,35986,2024-04-18 00:45:26,A,700
6695,37526,2024-10-04 13:37:49,A,1137
6696,28634,2025-03-12 03:15:11,A,1489
6697,36342,2025-09-09 01:44:29,A,660
6698,39544,2023-06-26 04:52:12,A,1076
6699,39240,2023-07-31 16:24:59,A,1411
6700,33557,2025-05-07 19:14:21,A,512
6701,23791,2025-05-25 07:53:21,A,221
6702,31352,2025-09-20 04:50:37,A,569
6703,33418,2023-06-21 15:13:59,A,1210
6704,6346,2023-08-27 11:20:06,A,157
6705,38970,2025-07-15 22:22:46,A,75
6706,12384,2024-02-08 16:00:30,A,493
6707,23851,2024-05-06 09:53:51,A,1080
6708,1134,2025-10-24 18:52:57,A,858
6709,29421,2023-06-30 02:07:06,A,550
6710,603,2023-09-05 07:58:37,A,752
6711,12525,2024-12-14 01:11:46,A,382
6712,30759,2025-07-25 10:51:30,A,121
6713,1401,2023-06-11 17:34:13,A,215
6714,22671,2023-08-15 19:38:09,A,1094
6715,5204,2023-11-27 00:44:02,A,173
6716,39612,2025-02-01 10:51:24,A,640
6717,6123,2025-12-05 19:16:05,A,442
6718,18287,2023-08-30 15:58:48,A,948
6719,31887,2023-12-14 06:55:51,A,1247
6720,36925,2024-01-19 05:51:07,A,1448
6721,23274,2024-02-03 17:02:19,A,48
6722,1067,2025-10-18 20:26:35,A,715
6723,39819,2024-05-19 21:22:24,A,183
6724,14088,2025-06-26 09:30:53,A,249
6725,32961,2024-04-01 16:45:17,A,815
6726,13221,2025-01-10 14:42:00,A,1169
6727,10849,2025-03-16 05:44:38,A,490
6728,7699,2025-04-18 18:02:20,A,827
6729,1172,2025-03-17 14:06:13,A,1316
6730,38440,2026-01-05 11:15:26,A,1185
6731,10240,2025-05-12 01:35:18,A,843
6732,7437,2025-10-22 17:36:40,A,26
6733,1713,2026-01-24 13:01:31,A,1489
6734,11162,2024-07-17 00:00:22,A,697
6735,15137,2025-04-04 16:46:01,A,489
6736,30963,2025-04-12 09:27:10,A,307
6737,6124,2026-02-04 17:45:17,A,937
6738,14195,2023-08-10 04:20:03,A,539
6739,10081,2024-05-18 18:42:39,A,784
6740,1712,2024-05-08 21:30:54,A,493
6741,19053,2025-05-02 22:06:40,A,1207
6742,7642,2025-08-13 21:21:04,A,1096
6743,15202,2026-01-02 03:58:39,A,1080
6744,36506,2023-05-29 06:35:45,A,402
6745,36295,2024-03-17 19:43:44,A,715
6746,1135,2025-08-19 12:43:05,A,975
6747,5223,2023-05-22 10:34:17,A,1403
6748,18826,2024-10-13 19:19:44,A,379
6749,943,2025-09-17 12:25:40,A,171
6750,34145,2023-11-08 12:49:15,A,9
6751,28786,2024-06-07 03:16:11,A,1111
6752,29626,2024-07-17 08:28:37,A,324
6753,27600,2024-10-10 09:22:03,A,1159
6754,4659,2024-11-10 07:52:42,A,378
6755,36524,2025-04-09 13:10:31,A,676
6756,11082,2023-09-06 09:48:53,A,918
6757,9171,2024-09-07 08:08:51,A,49
6758,20979,2024-12-27 10:43:00,A,1161
6759,36493,2026-04-03 03:55:31,A,366
6760,3104,2024-11-19 00:24:47,A,1215
6761,35436,2025-01-15 09:26:59,A,240
6762,1064,2023-11-04 10:19:16,A,568
6763,6339,2023-07-08 01:08:37,A,76
6764,30511,2025-03-28 10:12:14,A,600
6765,38011,2025-10-14 07:17:51,A,1350
6766,1968,2023-07-04 01:08:13,A,1011
6767,38497,2023-06-07 00:56:23,A,956
6768,11358,2024-09-23 09:45:26,A,900
6769,20019,2025-11-16 13:58:22,A,472
6770,3364,2026-01-29 05:56:17,A,1258
6771,5759,2024-06-04 15:49:43,A,1353
6772,4150,2024-04-13 10:46:42,A,44
6773,31515,2024-10-24 02:36:09,A,1272
6774,5361,2025-06-13 04:18:08,A,414
6775,33374,2023-06-17 04:27:42,A,1415
6776,17041,2023-10-20 20:52:24,A,1283
6777,37736,2024-08-08 14:19:58,A,621
6778,8347,2025-02-05 16:31:54,A,1356
6779,17188,2025-10-24 19:51:32,A,980
6780,33525,2024-06-16 12:31:29,A,714
6781,29716,2024-08-17 23:47:56,A,1409
6782,36442,2025-07-30 08:52:39,A,950
6783,1710,2025-02-12 12:00:46,A,1196
6784,17108,2025-03-10 00:43:49,A,1230
6785,36296,2025-04-14 08:59:57,A,627
6786,29015,2023-03-10 22:07:23,A,1099
6787,8211,2024-02-06 00:16:53,A,1238
6788,5401,2024-09-28 01:04:02,A,1181
6789,35789,2023-11-06 20:03:57,A,1217
6790,36077,2024-05-17 02:46:02,A,1003
6791,14544,2025-08-04 18:37:22,A,761
6792,29233,2023-09-25 22:43:40,A,1388
6793,36976,2024-04-09 21:06:41,A,862
6794,23766,2024-06-25 14:50:29,A,660
6795,31583,2023-09-11 05:45:30,A,1174
6796,37144,2024-03-03 20:43:54,A,936
6797,6253,2025-02-28 07:35:56,A,493
6798,27422,2025-03-24 05:14:31,A,1338
6799,5760,2023-03-09 05:06:52,A,1405
6800,31692,2023-05-31 17:55:37,A,819
6801,33662,2025-01-19 00:08:40,A,313
6802,16036,2025-02-02 16:37:07,A,262
6803,39839,2024-05-26 12:02:21,A,434
6804,29717,2025-04-12 02:10:14,A,928
6805,33382,2024-11-13 12:55:52,A,836
6806,20859,2025-01-16 07:11:42,A,361
6807,25771,2024-02-21 17:00:31,A,990
6808,27501,2023-10-08 07:21:19,A,995
6809,6986,2025-09-02 12:39:55,A,449
6810,37534,2023-12-05 08:40:31,A,583
6811,798,2024-11-17 15:43:19,A,566
6812,32057,2026-01-23 16:32:23,A,1047
6813,10147,2025-06-10 00:22:31,A,896
6814,574,2024-06-01 15:51:26,A,167
6815,12521,2025-06-17 08:35:59,A,298
6816,39872,2023-10-30 18:44:55,A,921
6817,5079,2024-10-16 07:11:28,A,260
6818,31812,2023-09-29 07:31:38,A,655
6819,3604,2024-08-13 19:34:07,A,981
6820,15513,2024-01-12 08:56:29,A,1292
6821,3613,2026-04-13 22:05:15,A,691
6822,9979,2024-05-27 22:12:20,A,365
6823,19205,2025-08-04 05:43:23,A,1328
6824,5886,2024-06-24 22:48:20,A,410
6825,26198,2023-04-28 07:14:13,A,150
6826,10753,2023-04-12 06:45:48,A,521
6827,1518,2023-05-30 02:09:35,A,1285
6828,8705,2023-10-31 06:23:50,A,567
6829,12467,2023-12-16 22:29:18,A,1016
6830,3356,2025-12-05 14:01:52,A,109
6831,22590,2026-01-13 18:54:52,A,265
6832,30652,2025-02-03 06:17:15,A,90
6833,9509,2025-04-28 16:54:13,A,43
6834,17455,2025-07-20 18:14:45,A,172
6835,2141,2024-06-17 19:40:49,A,238
6836,19492,2024-06-10 06:49:37,A,101
6837,24549,2024-10-18 04:45:30,A,1228
6838,22631,2025-10-21 15:37:09,A,1412
6839,20534,2024-01-25 18:12:45,A,355
6840,11078,2025-05-22 04:51:24,A,1148
6841,13548,2023-10-20 11:25:50,A,48
6842,7211,2025-10-17 11:15:23,A,728
6843,8020,2025-07-11 21:13:38,A,1440
6844,575,2025-08-29 21:29:48,A,1365
6845,24044,2023-09-07 05:28:45,A,730
6846,24715,2024-04-07 06:52:04,A,741
6847,1830,2024-07-08 17:40:31,A,574
6848,3923,2023-04-14 03:12:38,A,1285
6849,27623,2023-07-01 16:45:21,A,1155
6850,4834,2024-02-16 20:03:08,A,350
6851,10775,2025-01-20 16:11:27,A,1333
6852,31346,2025-06-11 12:39:47,A,398
6853,25937,2023-07-08 12:22:36,A,1208
6854,14409,2024-07-21 22:11:36,A,1106
6855,23422,2026-03-27 07:18:12,A,894
6856,932,2024-06-20 10:43:11,A,280
6857,20685,2025-10-15 03:40:19,A,277
6858,31114,2025-05-10 13:21:38,A,1408
6859,23920,2025-09-04 02:22:08,A,607
6860,446,2025-09-07 10:00:10,A,1384
6861,82,2026-02-22 05:30:41,A,1000
6862,31794,2023-03-05 10:58:19,A,852
6863,18534,2023-05-18 11:44:19,A,1246
6864,10674,2024-06-23 15:06:36,A,1390
6865,36792,2025-02-07 02:37:37,A,798
6866,34871,2025-06-04 01:20:04,A,1107
6867,11636,2025-11-01 17:24:31,A,1265
6868,27283,2026-01-06 16:41:02,A,515
6869,35124,2024-04-19 19:23:25,A,1316
6870,33047,2024-10-28 20:36:41,A,1498
6871,1626,2025-04-14 08:44:07,A,248
6872,20246,2023-06-08 19:04:27,A,1321
6873,34440,2024-04-12 09:12:38,A,41
6874,35461,2026-02-14 21:10:24,A,837
6875,7639,2024-06-24 06:57:14,A,463
6876,4952,2025-05-24 20:29:00,A,414
6877,15292,2023-09-22 22:48:58,A,300
6878,16467,2024-05-27 02:56:40,A,1261
6879,3600,2024-01-15 13:10:03,A,802
6880,11138,2024-07-31 23:28:21,A,1179
6881,9669,2025-05-25 20:48:07,A,1005
6882,37830,2025-06-24 21:28:11,A,1044
6883,38552,2023-09-30 17:33:30,A,139
6884,22048,2023-12-08 15:41:04,A,178
6885,24423,2024-05-30 14:41:43,A,34
6886,17144,2025-02-06 11:17:38,A,442
6887,24691,2025-05-20 09:45:01,A,577
6888,8423,2025-08-15 18:02:18,A,1075
6889,36362,2025-06-30 02:21:59,A,660
6890,21569,2025-09-16 19:47:32,A,1439
6891,22136,2024-02-21 02:03:55,A,449
6892,28886,2025-12-10 15:20:40,A,1425
6893,23089,2025-02-27 04:49:08,A,266
6894,3830,2025-12-01 21:14:47,A,352
6895,21085,2024-05-07 15:59:17,A,676
6896,25841,2024-09-03 22:41:43,A,319
6897,714,2025-02-07 06:43:38,A,1210
6898,8746,2023-05-24 09:55:38,A,673
6899,15224,2023-07-30 05:59:34,A,906
6900,1471,2023-08-19 07:45:46,A,1174
6901,39285,2025-11-21 06:25:11,A,1160
6902,33293,2023-06-02 15:17:47,A,868
6903,713,2024-12-22 14:48:49,A,1339
6904,17934,2024-12-10 16:04:56,A,779
6905,20315,2026-03-06 23:48:26,A,738
6906,14502,2025-01-27 00:11:22,A,1303
6907,4304,2025-03-28 18:03:54,A,1432
6908,38827,2024-04-30 17:39:17,A,738
6909,25765,2025-10-17 12:46:37,A,724
6910,11333,2025-10-08 23:56:13,A,1135
6911,23115,2024-07-18 18:19:49,A,787
6912,4837,2024-10-02 14:56:50,A,1093
6913,1182,2025-01-03 09:30:17,A,1187
6914,35434,2026-01-06 04:11:13,A,1328
6915,36712,2024-10-14 22:23:56,A,695
6916,38236,2025-08-01 21:32:18,A,896
6917,30006,2025-03-26 15:03:06,A,170
6918,19971,2025-02-15 11:17:48,A,945
6919,34324,2025-09-29 01:46:22,A,534
6920,35915,2025-09-16 02:18:29,A,1233
6921,15608,2024-09-23 07:14:00,A,1124
6922,36971,2023-06-18 17:47:48,A,1048
6923,30618,2025-04-01 16:01:54,A,891
6924,29742,2025-05-11 23:45:42,A,478
6925,4313,2025-12-27 13:03:09,A,248
6926,15335,2023-04-11 04:19:01,A,1393
6927,28090,2025-06-08 19:43:55,A,1174
6928,27801,2024-01-01 18:06:39,A,1191
6929,34334,2025-01-07 06:45:13,A,235
6930,32113,2023-02-28 16:09:04,A,1054
6931,17722,2024-03-18 23:40:05,A,382
6932,36732,2023-05-16 18:21:13,A,1365
6933,18199,2025-12-21 22:33:50,A,268
6934,28289,2025-04-22 18:26:32,A,528
6935,12907,2023-05-01 10:38:11,A,1467
6936,4835,2023-04-21 11:21:57,A,1128
6937,12104,2024-12-20 12:48:05,A,220
6938,33292,2023-07-14 01:35:28,A,1051
6939,35855,2023-09-02 18:22:03,A,944
6940,25612,2024-12-30 21:40:03,A,563
6941,13626,2025-10-14 11:01:25,A,948
6942,23051,2023-05-14 02:55:25,A,232
6943,28132,2024-08-02 09:39:40,A,1174
6944,30930,2025-08-04 03:59:46,A,107
6945,1519,2023-03-22 23:27:06,A,1244
6946,4823,2025-08-14 20:25:36,A,89
6947,6615,2025-12-14 21:33:21,A,1449
6948,5083,2023-04-06 09:48:28,A,200
6949,3641,2023-05-25 07:52:50,A,917
6950,39815,2023-12-26 18:57:33,A,1196
6951,1624,2025-02-27 16:30:45,A,267
6952,35025,2025-04-16 13:08:26,A,1
6953,13533,2025-06-28 09:57:36,A,1426
6954,3919,2026-02-13 18:31:10,A,879
6955,3908,2023-04-17 05:22:02,A,65
6956,17688,2024-04-09 07:00:52,A,730
6957,27916,2025-02-25 09:47:55,A,37
6958,23423,2025-09-27 04:43:42,A,171
6959,24861,2024-08-13 05:36:32,A,622
6960,15082,2024-02-06 05:49:25,A,616
6961,29612,2024-04-22 14:24:15,A,1054
6962,4033,2025-03-23 11:37:36,A,771
6963,38740,2025-12-05 12:04:10,A,1007
6964,5172,2023-08-14 13:38:43,A,1326
6965,4951,2024-04-28 19:56:41,A,437
6966,22363,2025-02-20 19:47:32,A,759
6967,19993,2023-12-25 00:05:50,A,1099
6968,11682,2024-02-02 15:20:15,A,208
6969,30344,2025-04-10 14:48:19,A,210
6970,11389,2023-05-11 03:37:51,A,438
6971,31863,2024-03-12 22:11:46,A,809
6972,18628,2024-06-14 11:01:29,A,316
6973,18389,2024-10-27 12:16:03,A,239
6974,33610,2025-01-11 16:24:59,A,1028
6975,36135,2025-10-17 16:37:16,A,1443
6976,1627,2025-11-09 09:51:41,A,1355
6977,34485,2024-04-16 13:16:12,A,811
6978,25756,2025-09-03 07:17:34,A,87
6979,28531,2025-08-12 13:09:45,A,1249
6980,33186,2025-10-21 18:12:28,A,114
6981,21914,2025-12-30 04:58:36,A,717
6982,2675,2023-09-02 17:09:23,A,988
6983,14130,2026-01-27 07:10:25,A,1114
6984,26262,2026-01-31 20:21:54,A,764
6985,7697,2023-06-25 23:20:51,A,1455
6986,31804,2024-08-06 14:17:22,A,234
6987,4827,2025-05-15 17:29:18,A,1489
6988,23264,2025-09-25 20:30:00,A,121
6989,16115,2025-12-31 10:42:01,A,1412
6990,19848,2023-11-01 00:35:13,A,561
6991,3603,2025-08-15 08:05:32,A,413
6992,19017,2025-12-02 15:10:07,A,921
6993,39412,2024-10-21 17:36:31,A,1089
6994,3710,2025-01-05 10:33:55,A,1088
6995,23495,2023-12-26 11:07:01,A,159
6996,25834,2024-04-11 12:47:41,A,41
6997,17503,2025-08-26 10:56:28,A,625
6998,39156,2023-12-27 13:37:07,A,475
6999,2221,2025-05-22 04:09:57,A,331
7000,39670,2026-03-04 15:02:39,A,302
7001,3831,2025-05-05 19:56:09,A,1331
7002,9367,2023-04-02 03:44:34,A,1163
7003,3922,2023-05-31 15:10:16,A,166
7004,27348,2024-03-12 11:24:31,A,724
7005,29876,2025-06-17 11:42:52,A,196
7006,33312,2023-08-21 12:13:04,A,286
7007,20840,2024-11-15 05:48:21,A,582
7008,36117,2025-01-26 11:38:05,A,491
7009,4309,2025-08-11 08:38:42,A,1362
7010,22152,2024-10-28 16:11:20,A,1430
7011,15339,2024-12-03 09:27:13,A,158
7012,23662,2024-01-15 04:00:14,A,23
7013,13116,2025-01-10 08:04:24,A,1048
7014,31566,2025-08-27 10:38:29,A,350
7015,16803,2025-11-10 04:50:41,A,69
7016,26166,2025-10-06 10:38:10,A,165
7017,6335,2023-08-08 17:30:40,A,1436
7018,39661,2023-04-16 13:11:36,A,271
7019,24286,2024-01-21 18:47:40,A,747
7020,22307,2025-01-09 00:31:20,A,795
7021,32975,2025-07-16 00:07:49,A,233
7022,25637,2025-12-27 03:43:57,A,765
7023,24818,2023-04-13 07:53:18,A,181
7024,34750,2023-07-11 20:11:05,A,727
7025,11332,2023-08-11 14:59:31,A,1487
7026,24652,2023-12-26 20:30:25,A,1274
7027,30473,2024-10-28 17:19:01,A,414
7028,18089,2025-09-22 15:07:58,A,1445
7029,34321,2023-09-17 10:49:17,A,1390
7030,26606,2023-03-17 04:40:45,A,1318
7031,9240,2024-10-20 21:17:44,A,1096
7032,8220,2026-01-25 15:32:11,A,1180
7033,6809,2025-11-29 22:43:14,A,1006
7034,30355,2023-10-04 21:44:32,A,75
7035,28994,2024-07-01 09:09:19,A,612
7036,7232,2024-12-13 15:40:29,A,41
7037,24158,2023-03-04 23:27:51,A,856
7038,23813,2023-07-17 15:53:46,A,321
7039,37628,2024-03-30 19:23:44,A,166
7040,8860,2024-09-12 09:52:03,A,469
7041,31932,2024-11-25 08:09:10,A,752
7042,38214,2023-09-24 09:43:26,A,1390
7043,27221,2025-02-16 08:43:17,A,1364
7044,11891,2025-05-27 08:25:33,A,264
7045,33390,2023-04-05 18:25:46,A,645
7046,8709,2024-02-07 21:25:25,A,1020
7047,10865,2024-10-09 04:52:15,A,859
7048,28700,2024-12-19 23:09:05,A,461
7049,16426,2025-06-12 20:05:27,A,686
7050,33137,2024-08-31 01:10:03,A,445
7051,22962,2024-09-12 11:02:38,A,507
7052,21967,2025-03-02 21:27:41,A,959
7053,29272,2025-08-21 20:41:01,A,718
7054,16320,2023-08-24 01:29:27,A,834
7055,32436,2024-07-23 02:04:32,A,35
7056,25482,2024-04-21 18:48:24,A,61
7057,35714,2025-01-05 02:43:52,A,290
7058,12317,2026-01-13 02:14:44,A,1455
7059,39736,2026-02-11 10:51:15,A,65
7060,5356,2025-01-11 22:53:43,A,1140
7061,39428,2025-03-04 02:56:08,A,520
7062,30288,2023-06-08 17:27:38,A,1084
7063,29032,2024-02-20 05:50:04,A,1166
7064,33198,2024-04-25 06:40:11,A,119
7065,37141,2024-12-20 03:28:03,A,10
7066,34538,2025-02-04 06:44:19,A,1110
7067,6785,2026-03-22 19:17:02,A,206
7068,27290,2023-10-02 16:16:26,A,1175
7069,39660,2024-10-10 13:46:00,A,308
7070,7376,2026-03-18 09:43:01,A,309
7071,25408,2026-01-03 13:37:26,A,720
7072,36024,2023-12-22 02:15:51,A,1371
7073,17851,2023-08-17 03:17:02,A,542
7074,24841,2025-02-11 18:29:36,A,609
7075,34141,2025-03-29 02:23:25,A,599
7076,35659,2025-09-23 18:39:24,A,500
7077,20508,2025-06-21 03:58:41,A,1
7078,25169,2023-05-17 06:29:49,A,572
7079,13664,2024-01-01 19:10:20,A,506
7080,14810,2025-11-01 03:56:48,A,247
7081,37035,2025-10-07 05:25:34,A,1427
7082,15547,2023-07-09 10:31:35,A,1142
7083,15214,2024-11-19 01:59:12,A,1177
7084,27275,2024-08-22 01:36:06,A,1386
7085,21671,2025-08-16 03:34:18,A,900
7086,39484,2026-03-17 06:52:44,A,985
7087,39185,2023-11-01 08:59:21,A,1482
7088,19671,2025-04-09 00:36:04,A,898
7089,29825,2023-07-19 11:14:15,A,35
7090,12238,2023-07-28 11:26:34,A,219
7091,22171,2024-01-13 16:37:05,A,32
7092,19294,2025-02-04 05:03:10,A,159
7093,36478,2023-06-08 04:21:13,A,55
7094,13384,2024-09-08 22:16:49,A,1367
7095,29287,2024-04-18 20:53:18,A,879
7096,27815,2024-03-28 07:21:46,A,696
7097,14974,2024-09-27 16:50:36,A,349
7098,29282,2023-08-29 16:31:53,A,148
7099,7621,2024-01-19 16:40:08,A,1433
7100,15120,2025-03-15 01:36:05,A,191
7101,14371,2023-08-12 22:04:49,A,75
7102,38106,2024-04-08 08:39:37,A,1237
7103,26437,2023-04-24 17:41:36,A,830
7104,39979,2024-04-14 09:08:04,A,107
7105,18597,2025-06-24 20:45:11,A,1259
7106,27927,2023-12-14 04:52:25,A,365
7107,23304,2024-03-02 14:55:01,A,1226
7108,22539,2024-08-06 19:42:29,A,832
7109,16662,2024-08-16 09:45:32,A,624
7110,21401,2025-12-08 05:03:45,A,557
7111,35535,2024-08-31 03:28:12,A,1389
7112,20866,2025-05-03 20:07:20,A,654
7113,21775,2023-09-22 08:01:20,A,1415
7114,8090,2024-11-20 17:59:50,A,1463
7115,32894,2023-09-23 01:24:09,A,676
7116,30651,2023-11-14 21:10:43,A,361
7117,38228,2025-09-13 20:57:47,A,1363
7118,33995,2023-10-05 21:24:03,A,232
7119,33879,2024-10-09 20:22:13,A,1065
7120,10837,2023-07-21 02:59:02,A,241
7121,20031,2023-10-01 04:07:24,A,337
7122,19680,2023-11-24 08:34:54,A,100
7123,12419,2024-02-23 14:46:41,A,857
7124,27970,2024-10-15 14:12:41,A,1314
7125,28668,2025-07-12 20:11:36,A,676
7126,8565,2026-01-26 10:09:19,A,580
7127,29337,2023-06-18 06:41:34,A,400
7128,29373,2023-06-03 14:35:21,A,1219
7129,29472,2023-09-16 23:23:22,A,81
7130,17990,2023-07-15 14:20:02,A,419
7131,35630,2024-09-22 20:29:22,A,539
7132,22648,2025-04-15 06:45:05,A,1118
7133,39537,2025-12-21 22:13:53,A,1131
7134,11919,2026-02-02 11:13:18,A,1
7135,2172,2023-07-01 14:41:49,A,647
7136,19428,2024-08-03 05:44:22,A,224
7137,28221,2024-08-02 20:26:54,A,46
7138,31264,2023-11-25 02:15:29,A,31
7139,8386,2024-09-26 16:54:20,A,873
7140,30895,2023-10-26 20:58:14,A,1293
7141,24777,2024-06-05 17:20:06,A,637
7142,36401,2024-11-29 03:01:04,A,1102
7143,24537,2023-06-11 03:11:42,A,523
7144,18982,2025-12-31 09:30:50,A,503
7145,3480,2024-05-26 23:23:41,A,1367
7146,3597,2024-11-11 03:38:44,A,614
7147,11778,2023-04-10 05:33:58,A,863
7148,29811,2023-12-06 02:17:33,A,763
7149,23812,2024-04-13 19:08:32,A,646
7150,7976,2025-01-27 06:38:30,A,1379
7151,19312,2025-05-16 06:08:40,A,861
7152,11936,2023-12-04 04:16:58,A,990
7153,24918,2025-06-18 13:31:55,A,1293
7154,35917,2026-01-20 01:51:43,A,456
7155,21697,2026-01-02 16:38:24,A,341
7156,8897,2024-04-21 19:18:19,A,748
7157,24433,2024-04-14 01:13:35,A,909
7158,9203,2025-11-16 10:48:09,A,716
7159,14565,2026-03-08 04:18:28,A,1106
7160,11667,2024-02-24 15:30:21,A,425
7161,9479,2025-08-17 15:12:36,A,136
7162,15195,2023-06-28 12:52:20,A,1054
7163,8790,2025-05-23 11:50:30,A,126
7164,20981,2025-12-19 19:25:16,A,1482
7165,23569,2024-06-13 03:07:19,A,541
7166,29046,2024-06-28 12:29:30,A,973
7167,15774,2024-07-14 03:12:52,A,1219
7168,33362,2025-01-23 18:18:03,A,1273
7169,36484,2025-02-07 20:23:38,A,1422
7170,22361,2024-04-13 13:44:57,A,379
7171,34624,2025-02-10 03:08:37,A,1429
7172,19101,2025-10-18 08:21:07,A,10
7173,27827,2026-01-31 04:27:48,A,378
7174,36017,2024-06-12 13:10:00,A,212
7175,8603,2024-08-05 22:42:26,A,553
7176,5693,2025-05-14 09:15:14,A,564
7177,32995,2024-11-01 14:35:40,A,238
7178,15605,2024-12-31 22:53:49,A,582
7179,15948,2023-10-09 10:07:22,A,497
7180,35061,2024-05-23 21:08:30,A,1391
7181,19177,2025-08-24 02:45:52,A,795
7182,34456,2025-10-04 22:51:41,A,801
7183,10485,2025-11-22 14:35:41,A,361
7184,8568,2023-04-25 05:11:16,A,1298
7185,14537,2024-01-24 09:42:10,A,87
7186,7803,2024-07-11 00:34:12,A,1160
7187,30469,2026-02-15 02:28:58,A,112
7188,20708,2026-03-23 02:33:03,A,360
7189,14204,2024-08-16 04:49:56,A,325
7190,12804,2025-01-28 10:26:36,A,1030
7191,17505,2025-10-21 20:02:49,A,1061
7192,11623,2026-02-27 11:08:12,A,969
7193,35854,2026-01-21 16:14:09,A,902
7194,39596,2025-09-13 11:28:03,A,587
7195,35515,2024-01-13 11:04:20,A,406
7196,4409,2023-05-07 07:12:23,A,1354
7197,33621,2023-08-21 06:33:29,A,429
7198,9511,2024-05-17 17:27:26,A,941
7199,24366,2024-10-11 08:53:05,A,458
7200,8111,2025-03-07 22:17:53,A,1264
7201,19928,2026-01-23 17:07:35,A,107
7202,28463,2023-06-05 21:36:03,A,967
7203,35531,2024-01-29 15:19:06,A,485
7204,30377,2023-08-16 20:05:58,A,247
7205,20354,2024-07-02 03:08:06,A,393
7206,1836,2025-09-06 01:48:05,A,1130
7207,14308,2024-12-23 04:59:44,A,731
7208,11895,2025-05-13 14:24:01,A,2
7209,24583,2025-07-02 20:07:33,A,1485
7210,34555,2026-01-06 12:46:01,A,157
7211,39896,2023-04-08 10:58:40,A,1197
7212,12668,2023-08-18 05:48:16,A,1199
7213,27326,2023-08-18 07:00:29,A,300
7214,10640,2024-09-19 05:49:47,A,556
7215,32708,2024-12-04 09:10:50,A,290
7216,10505,2025-05-17 03:45:45,A,1479
7217,13568,2023-09-08 19:28:27,A,535
7218,16817,2023-09-05 02:54:22,A,1255
7219,9374,2024-10-05 19:28:16,A,718
7220,10888,2025-01-08 10:59:29,A,1410
7221,13621,2025-03-30 16:21:22,A,8
7222,12458,2025-08-03 15:59:39,A,1475
7223,12037,2025-07-13 02:48:39,A,876
7224,6731,2023-05-30 09:27:39,A,1077
7225,17258,2024-01-17 06:19:56,A,464
7226,19524,2024-12-23 15:15:09,A,657
7227,17405,2025-09-12 21:13:45,A,248
7228,24667,2024-01-27 00:06:29,A,865
7229,26099,2024-04-15 17:58:29,A,497
7230,36970,2025-01-29 00:32:03,A,1272
7231,22629,2023-02-15 09:21:57,A,567
7232,24731,2023-07-30 12:43:37,A,454
7233,35635,2025-11-24 22:46:19,A,1011
7234,34349,2025-11-24 20:27:08,A,1327
7235,22678,2025-12-13 05:02:14,A,708
7236,9452,2023-12-04 18:04:00,A,399
7237,27201,2024-05-25 08:06:21,A,1441
7238,32004,2024-06-15 16:29:04,A,84
7239,14150,2025-04-28 19:44:01,A,447
7240,21929,2024-09-23 14:40:29,A,433
7241,36611,2025-09-28 03:54:40,A,9
7242,33416,2023-08-22 12:04:19,A,855
7243,37372,2024-11-04 05:29:59,A,1098
7244,38352,2025-08-22 16:19:59,A,360
7245,30239,2023-06-10 15:46:40,A,1137
7246,14518,2023-12-15 14:00:06,A,513
7247,22449,2023-12-17 02:40:15,A,429
7248,29315,2024-01-05 02:19:54,A,148
7249,13136,2024-04-16 21:27:12,A,586
7250,3759,2024-08-14 22:37:05,A,924
7251,16237,2025-03-09 06:51:34,A,891
7252,6345,2023-12-08 06:59:44,A,136
7253,21018,2024-02-12 17:02:11,A,564
7254,25642,2024-03-07 07:47:53,A,458
7255,35411,2024-06-25 07:45:14,A,1247
7256,8659,2024-08-31 18:11:20,A,1494
7257,11606,2025-01-28 15:35:54,A,1010
7258,37767,2025-01-05 09:09:28,A,574
7259,10922,2025-07-01 19:52:49,A,526
7260,13244,2025-07-20 00:16:23,A,818
7261,18477,2023-05-13 07:35:09,A,189
7262,8576,2024-11-07 18:54:40,A,280
7263,19135,2024-12-01 20:54:54,A,300
7264,17918,2026-01-29 22:03:36,A,1397
7265,20946,2024-07-26 20:23:54,A,1330
7266,11133,2025-04-08 07:26:46,A,1075
7267,6817,2025-11-27 01:03:11,A,258
7268,6243,2026-01-27 00:21:07,A,374
7269,17475,2024-09-04 17:32:05,A,9
7270,25139,2025-12-30 21:45:29,A,281
7271,11915,2023-06-21 01:08:01,A,381
7272,28101,2024-05-17 18:35:09,A,89
7273,6568,2025-05-24 10:05:37,A,111
7274,39798,2025-06-08 01:36:55,A,1107
7275,5354,2023-04-20 19:05:57,A,696
7276,21579,2024-09-18 00:39:28,A,1320
7277,9583,2025-04-11 00:55:58,A,799
7278,38986,2025-06-12 07:52:08,A,1317
7279,35708,2023-06-12 15:57:10,A,54
7280,9356,2024-07-27 07:03:08,A,898
7281,30871,2025-05-25 12:50:13,A,174
7282,17736,2024-06-28 22:09:39,A,264
7283,20314,2025-04-09 03:25:55,A,129
7284,39846,2025-11-25 16:59:45,A,1412
7285,7627,2023-05-08 19:52:11,A,1358
7286,21603,2023-07-07 00:16:25,A,1461
7287,2468,2024-01-16 05:55:02,A,89
7288,21407,2024-06-30 20:27:33,A,766
7289,16989,2024-09-22 08:30:50,A,138
7290,31598,2024-11-25 19:15:40,A,435
7291,26216,2024-12-03 15:43:16,A,421
7292,37421,2023-10-27 15:25:02,A,1297
7293,32491,2023-11-15 06:20:30,A,832
7294,15457,2024-05-12 10:41:04,A,399
7295,38894,2024-12-04 08:02:47,A,430
7296,7184,2025-02-25 18:59:22,A,1405
7297,39377,2024-02-08 00:26:42,A,1399
7298,10314,2024-04-25 20:28:06,A,1315
7299,25298,2026-03-17 01:30:08,A,1307
7300,23761,2023-05-11 05:54:28,A,906
7301,19933,2024-01-20 11:53:17,A,31
7302,39390,2024-03-28 14:47:19,A,716
7303,35129,2024-09-13 23:03:00,A,1398
7304,32460,2025-05-26 03:05:58,A,282
7305,8475,2025-10-02 12:54:49,A,452
7306,13327,2023-11-25 05:47:29,A,1139
7307,29375,2024-02-16 20:49:51,A,1240
7308,11472,2024-07-23 00:42:28,A,814
7309,25724,2025-01-02 04:17:26,A,104
7310,20024,2025-01-23 20:20:08,A,675
7311,12078,2025-12-06 08:33:27,A,162
7312,39745,2023-12-31 22:37:56,A,1384
7313,4206,2025-02-03 06:13:48,A,346
7314,30391,2025-12-09 13:59:12,A,1341
7315,38761,2025-12-22 20:41:41,A,152
7316,7629,2023-05-04 21:12:05,A,1323
7317,31293,2024-08-04 05:11:51,A,1334
7318,39970,2025-09-07 13:16:24,A,827
7319,20074,2023-04-15 14:38:29,A,442
7320,24270,2023-08-22 14:25:22,A,1070
7321,26820,2024-10-16 22:52:57,A,255
7322,21463,2023-11-19 12:50:50,A,1411
7323,25992,2024-06-05 17:57:04,A,954
7324,6476,2023-02-20 18:37:16,A,1169
7325,18111,2023-04-14 22:46:20,A,240
7326,37317,2024-07-03 04:11:41,A,225
7327,36427,2025-02-11 06:25:21,A,1145
7328,38032,2025-03-03 15:37:57,A,286
7329,12224,2026-03-08 01:35:26,A,222
7330,18060,2024-07-30 20:59:56,A,1296
7331,28118,2025-11-28 06:10:07,A,1028
7332,23724,2023-04-25 17:53:48,A,1201
7333,25417,2025-02-21 01:38:16,A,1235
7334,21768,2023-03-05 03:36:45,A,1047
7335,28507,2026-02-20 15:05:25,A,1415
7336,33208,2023-11-12 10:10:19,A,238
7337,25104,2024-11-06 23:32:39,A,477
7338,30354,2025-06-16 05:53:48,A,618
7339,38466,2026-01-13 13:55:59,A,1281
7340,8182,2023-11-07 02:16:33,A,1395
7341,9753,2023-06-12 17:31:16,A,922
7342,25398,2023-09-04 08:41:24,A,570
7343,11810,2024-11-04 08:08:55,A,65
7344,36071,2025-05-20 17:23:08,A,364
7345,28024,2025-07-14 17:00:56,A,546
7346,11639,2025-09-01 10:28:44,A,302
7347,9676,2025-08-08 05:15:02,A,1035
7348,37923,2024-05-10 17:36:10,A,1414
7349,31323,2024-06-17 13:50:31,A,647
7350,33745,2024-09-12 06:47:23,A,1035
7351,31769,2024-10-11 16:30:12,A,426
7352,24665,2025-04-19 18:38:45,A,1075
7353,38266,2023-12-04 08:10:38,A,891
7354,54,2025-12-09 04:53:20,A,1461
7355,22186,2024-10-08 13:04:42,A,589
7356,21470,2024-11-18 20:01:44,A,1171
7357,30507,2025-07-11 14:28:55,A,1214
7358,26778,2025-09-27 13:13:08,A,73
7359,8058,2024-01-27 11:33:14,A,317
7360,12711,2023-11-04 18:41:03,A,593
7361,30826,2023-11-24 07:43:09,A,1261
7362,32774,2024-08-12 18:06:57,A,1310
7363,34071,2025-04-20 06:11:52,A,798
7364,16013,2025-12-31 14:57:56,A,1386
7365,38635,2023-05-07 22:50:44,A,827
7366,18392,2024-07-03 04:29:47,A,1108
7367,34595,2024-09-07 09:13:59,A,379
7368,24479,2024-11-04 03:27:21,A,602
7369,3620,2024-03-28 16:30:43,A,56
7370,39075,2024-07-01 18:30:58,A,697
7371,29118,2023-06-26 01:37:17,A,229
7372,18753,2023-10-18 04:08:54,A,84
7373,39954,2024-03-07 05:10:31,A,452
7374,20923,2023-03-31 10:47:32,A,1396
7375,18576,2023-03-09 11:02:10,A,299
7376,37735,2024-03-14 21:36:05,A,1135
7377,19656,2024-04-05 01:25:45,A,683
7378,12147,2024-07-08 13:48:46,A,329
7379,37667,2024-06-28 06:01:16,A,521
7380,7138,2024-12-21 08:01:15,A,591
7381,32439,2025-12-25 00:46:48,A,1344
7382,20853,2024-12-31 08:54:44,A,336
7383,27633,2025-04-07 10:34:02,A,1416
7384,9488,2025-11-19 20:37:21,A,909
7385,33567,2025-04-19 19:23:25,A,902
7386,38823,2025-11-22 07:38:18,A,679
7387,16460,2025-07-06 16:05:24,A,1311
7388,7531,2025-08-08 16:46:35,A,1375
7389,25712,2025-12-06 06:47:33,A,897
7390,26870,2025-12-23 14:45:10,A,954
7391,14819,2026-01-02 22:05:22,A,1342
7392,30834,2025-01-01 03:14:39,A,1111
7393,13033,2023-09-26 08:54:50,A,966
7394,31106,2025-12-01 07:24:54,A,1388
7395,19653,2023-12-03 00:24:26,A,1362
7396,34507,2025-05-20 08:46:35,A,80
7397,3967,2026-03-05 10:13:20,A,1398
7398,28218,2024-01-06 10:00:27,A,1
7399,17755,2024-09-01 17:25:56,A,580
7400,10156,2024-08-13 14:28:46,A,696
7401,12741,2024-10-15 16:30:48,A,512
7402,26754,2023-10-20 00:38:13,A,432
7403,26295,2024-03-29 02:14:07,A,1422
7404,12879,2023-10-29 14:47:27,A,867
7405,22317,2025-01-31 00:15:28,A,724
7406,36157,2025-05-07 09:51:48,A,641
7407,36060,2023-05-21 18:25:41,A,403
7408,11513,2023-08-09 06:57:50,A,1162
7409,31632,2023-12-01 16:44:56,A,1396
7410,16745,2024-07-12 06:41:21,A,1297
7411,35513,2024-10-04 22:34:09,A,833
7412,21909,2025-09-12 12:36:32,A,534
7413,28962,2024-02-14 19:14:59,A,1498
7414,31674,2024-08-28 01:28:16,A,356
7415,12780,2025-04-12 16:51:10,A,151
7416,11290,2025-12-22 21:09:45,A,885
7417,11540,2026-02-02 06:08:09,A,196
7418,15205,2024-03-21 07:35:05,A,579
7419,26706,2025-06-28 18:27:34,A,1164
7420,34446,2025-06-25 08:19:12,A,984
7421,39480,2025-07-18 00:55:56,A,69
7422,32821,2026-02-20 03:31:31,A,10
7423,17697,2023-05-21 02:47:38,A,1331
7424,21996,2025-05-02 00:04:51,A,628
7425,16401,2024-02-01 14:54:51,A,1185
7426,7764,2024-03-10 11:13:24,A,470
7427,23942,2024-04-18 12:35:27,A,457
7428,20496,2024-12-27 22:07:17,A,1096
7429,32602,2024-10-11 22:17:57,A,878
7430,39257,2025-02-28 15:47:43,A,22
7431,37031,2023-10-16 20:23:02,A,1052
7432,13243,2024-07-13 01:39:25,A,588
7433,36704,2023-09-07 13:17:41,A,483
7434,34171,2025-04-11 06:20:48,A,321
7435,28615,2025-07-30 03:08:10,A,351
7436,24743,2025-09-05 00:29:03,A,607
7437,13291,2024-01-17 00:19:49,A,573
7438,17316,2024-09-24 04:36:50,A,969
7439,16521,2023-10-28 06:24:36,A,71
7440,37898,2025-01-28 11:19:27,A,1206
7441,12593,2025-02-16 16:22:45,A,573
7442,32381,2023-11-24 16:41:43,A,792
7443,39034,2024-05-29 05:58:58,A,1451
7444,15745,2025-07-26 09:36:26,A,95
7445,8739,2023-10-30 04:02:45,A,542
7446,31638,2024-04-07 13:09:53,A,15
7447,33540,2024-04-10 22:31:42,A,295
7448,13819,2025-05-18 11:17:25,A,161
7449,37353,2026-02-22 05:57:01,A,447
7450,30749,2026-02-09 01:38:20,A,11
7451,23734,2026-01-23 02:01:46,A,1169
7452,18656,2023-06-16 21:06:35,A,243
7453,28845,2024-04-06 00:20:18,A,1059
7454,13685,2024-06-13 23:11:23,A,795
7455,6973,2024-10-17 18:12:46,A,666
7456,28475,2025-01-12 21:24:36,A,696
7457,18017,2023-07-24 07:11:12,A,1226
7458,37939,2024-01-15 23:06:14,A,908
7459,26146,2024-08-22 05:45:19,A,1281
7460,28497,2024-12-15 10:09:00,A,496
7461,31267,2024-11-22 17:08:52,A,1210
7462,25176,2025-03-23 10:27:22,A,1352
7463,30474,2025-08-10 03:58:28,A,1083
7464,27647,2025-08-12 21:16:03,A,728
7465,35507,2025-09-27 07:49:19,A,81
7466,35474,2023-06-09 20:30:56,A,48
7467,27335,2024-11-22 23:47:55,A,214
7468,27977,2025-03-02 23:24:45,A,476
7469,25531,2025-08-13 19:30:54,A,870
7470,21109,2025-09-01 20:50:57,A,1242
7471,35211,2024-06-19 03:52:40,A,1295
7472,36381,2025-02-11 04:45:49,A,1215
7473,15399,2025-07-21 01:52:11,A,1116
7474,25446,2025-10-24 05:07:47,A,154
7475,17997,2026-01-22 06:08:04,A,386
7476,19488,2025-11-23 09:02:32,A,290
7477,27308,2023-08-22 14:46:35,A,1389
7478,13188,2025-09-10 22:26:35,A,693
7479,5692,2023-05-03 02:55:19,A,1111
7480,16566,2025-10-13 11:26:23,A,1432
7481,26243,2024-02-19 00:39:50,A,767
7482,13442,2024-08-05 10:03:34,A,1422
7483,26945,2025-05-14 14:17:07,A,551
7484,26943,2023-07-24 09:21:11,A,558
7485,35847,2023-07-20 03:29:04,A,998
7486,353,2023-09-18 19:02:01,A,1411
7487,30146,2024-04-03 10:56:47,A,425
7488,14929,2025-01-03 10:37:28,A,480
7489,37861,2025-10-24 18:50:28,A,729
7490,22823,2026-01-31 20:31:26,A,520
7491,19346,2024-07-19 09:01:06,A,62
7492,31366,2025-10-29 00:10:40,A,115
7493,38934,2025-10-23 00:55:18,A,1112
7494,32599,2024-08-03 07:55:58,A,548
7495,38045,2024-09-12 20:26:27,A,702
7496,35990,2024-09-17 02:23:32,A,1500
7497,15231,2025-06-07 20:54:26,A,572
7498,8188,2023-02-23 23:27:05,A,1013
7499,9221,2024-11-14 05:15:18,A,1061
7500,24598,2025-12-19 22:30:58,A,1185
7501,20786,2026-01-23 07:50:50,A,1367
7502,16345,2025-09-10 09:08:36,A,890
7503,25723,2023-05-17 16:30:43,A,604
7504,10145,2024-10-24 21:15:29,A,1361
7505,32083,2025-07-30 22:46:23,A,348
7506,39878,2025-09-18 18:31:56,A,869
7507,13024,2025-09-08 08:10:48,A,520
7508,14969,2025-01-13 19:59:16,A,993
7509,34342,2025-09-16 07:50:13,A,1375
7510,15105,2025-09-20 09:40:47,A,125
7511,10723,2023-11-03 07:17:07,A,1352
7512,31310,2024-01-09 11:06:28,A,1486
7513,35348,2024-06-10 01:15:51,A,922
7514,29653,2025-01-31 03:51:56,A,7
7515,31723,2025-06-13 04:55:09,A,1496
7516,30977,2024-12-01 02:22:22,A,1441
7517,16749,2026-03-15 10:44:36,A,671
7518,22333,2024-06-24 20:46:34,A,35
7519,37102,2025-09-14 22:35:34,A,642
7520,34781,2026-01-11 04:50:58,A,1216
7521,33266,2025-01-13 04:37:56,A,409
7522,13672,2025-08-23 09:31:26,A,1053
7523,14297,2025-12-25 20:59:36,A,1375
7524,23482,2024-05-15 09:55:40,A,1380
7525,15355,2025-02-12 22:04:46,A,201
7526,13978,2023-04-20 17:24:42,A,351
7527,14637,2025-07-21 21:58:36,A,455
7528,36164,2025-10-20 14:02:02,A,781
7529,30106,2024-01-12 23:39:11,A,912
7530,20936,2024-10-12 05:32:01,A,1165
7531,21747,2024-11-28 15:31:28,A,704
7532,14284,2026-03-07 16:36:09,A,248
7533,26144,2023-09-10 11:58:11,A,620
7534,8787,2023-10-12 13:34:30,A,75
7535,29374,2023-10-20 12:40:15,A,455
7536,9123,2024-11-17 20:07:37,A,931
7537,39772,2026-01-28 15:22:44,A,332
7538,17103,2023-11-26 15:10:16,A,284
7539,10771,2024-09-07 10:25:48,A,614
7540,9101,2025-12-12 11:40:34,A,29
7541,39358,2023-05-02 05:04:33,A,407
7542,17701,2025-01-14 13:38:31,A,188
7543,20663,2025-07-19 23:02:54,A,1402
7544,37941,2026-01-22 03:50:08,A,1215
7545,12098,2024-02-01 16:45:38,A,690
7546,11561,2025-05-25 02:46:05,A,1337
7547,8222,2025-07-08 22:47:36,A,1392
7548,16614,2023-12-13 14:53:52,A,1219
7549,28552,2024-09-11 07:25:41,A,687
7550,35304,2024-10-20 11:52:22,A,503
7551,21056,2025-01-01 13:07:58,A,1205
7552,12347,2024-02-25 06:53:57,A,1341
7553,33189,2024-12-26 12:07:10,A,503
7554,24191,2025-10-30 06:42:47,A,681
7555,22610,2023-07-18 21:23:16,A,176
7556,34644,2024-10-05 07:02:49,A,1208
7557,14238,2024-11-17 15:25:07,A,1233
7558,8527,2023-12-31 00:55:55,A,285
7559,21575,2024-06-29 05:27:45,A,74
7560,31532,2026-01-02 13:31:59,A,4
7561,11756,2024-03-22 08:50:27,A,490
7562,31124,2024-04-13 05:44:48,A,410
7563,32501,2025-03-03 02:49:16,A,557
7564,29134,2023-11-27 13:14:20,A,553
7565,7081,2023-12-24 16:41:21,A,376
7566,35792,2024-04-06 22:28:46,A,13
7567,23572,2024-04-09 12:26:03,A,123
7568,30337,2024-05-26 17:29:03,A,64
7569,25066,2024-07-12 12:34:55,A,685
7570,30423,2025-04-10 08:28:02,A,836
7571,33394,2024-01-23 05:40:29,A,523
7572,27017,2025-02-10 06:26:25,A,1468
7573,32360,2023-10-31 17:43:22,A,785
7574,34679,2024-01-26 21:36:08,A,1014
7575,20384,2024-08-23 12:41:15,A,384
7576,33151,2025-04-16 01:29:47,A,1180
7577,38751,2023-04-18 02:02:38,A,1023
7578,18944,2024-03-28 13:12:10,A,216
7579,9149,2025-02-20 09:26:07,A,1163
7580,29512,2025-05-15 20:02:51,A,93
7581,30641,2025-07-03 19:31:22,A,817
7582,10925,2025-09-17 16:53:15,A,1370
7583,37007,2024-11-21 16:31:49,A,658
7584,6718,2025-03-17 17:12:28,A,385
7585,38271,2023-05-23 23:13:04,A,951
7586,5371,2025-06-18 00:10:03,A,980
7587,10224,2026-01-29 15:46:29,A,755
7588,8349,2023-10-15 10:44:21,A,523
7589,29081,2024-05-27 23:45:42,A,419
7590,17573,2025-02-15 23:07:12,A,1080
7591,31686,2023-07-16 11:30:54,A,1404
7592,24823,2024-10-20 00:02:03,A,754
7593,33819,2026-02-20 14:31:58,A,1350
7594,13409,2023-06-28 19:22:10,A,1166
7595,26526,2023-12-26 13:49:09,A,424
7596,28964,2024-03-10 16:13:48,A,346
7597,6638,2024-03-20 14:05:06,A,1394
7598,37272,2024-05-13 09:14:54,A,764
7599,13660,2024-09-17 15:48:48,A,862
7600,26069,2024-08-02 15:20:59,A,771
7601,22988,2023-05-09 13:13:50,A,1139
7602,12365,2024-01-09 20:00:05,A,308
7603,7178,2024-06-07 22:12:06,A,946
7604,20777,2025-07-22 12:15:05,A,1128
7605,14182,2025-12-13 22:38:44,A,964
7606,6494,2024-07-16 17:32:34,A,977
7607,15594,2025-04-20 14:42:13,A,920
7608,19638,2025-05-10 20:58:47,A,739
7609,20660,2026-01-04 12:30:47,A,1290
7610,19554,2024-04-29 09:26:02,A,163
7611,31137,2024-10-29 20:32:50,A,708
7612,20585,2023-05-18 20:13:57,A,730
7613,18724,2024-03-19 04:23:52,A,52
7614,17649,2023-12-22 21:10:10,A,1141
7615,24310,2025-03-30 05:17:31,A,1097
7616,22729,2025-04-01 17:48:48,A,398
7617,1581,2023-07-19 04:45:23,A,1283
7618,26570,2024-05-18 02:45:52,A,529
7619,17815,2024-06-15 15:52:18,A,1082
7620,30922,2025-04-02 10:37:55,A,1034
7621,19989,2025-11-12 19:36:36,A,880
7622,9970,2023-08-09 21:50:05,A,688
7623,8041,2024-01-27 01:42:24,A,1332
7624,33864,2025-06-05 06:27:32,A,1003
7625,34137,2025-12-14 14:06:38,A,307
7626,16403,2023-05-04 10:49:15,A,62
7627,26677,2023-06-30 08:49:55,A,636
7628,21333,2025-07-18 01:28:04,A,1450
7629,20804,2025-01-12 12:19:30,A,92
7630,10624,2025-05-02 15:09:05,A,1120
7631,21098,2025-07-17 06:15:21,A,597
7632,21806,2024-10-23 14:58:59,A,1108
7633,38676,2025-09-03 10:23:05,A,1136
7634,13282,2025-12-09 11:13:23,A,211
7635,20809,2026-04-23 15:01:14,A,1062
7636,39471,2023-07-28 02:42:02,A,190
7637,24430,2023-07-18 08:12:32,A,402
7638,15644,2023-09-08 16:35:32,A,1305
7639,18882,2023-09-04 10:32:01,A,392
7640,33278,2026-03-24 15:28:50,A,900
7641,15126,2023-05-29 04:19:12,A,500
7642,18754,2024-04-16 12:57:42,A,940
7643,21111,2024-12-09 04:29:36,A,1232
7644,39322,2025-11-08 11:44:01,A,738
7645,27229,2026-01-13 19:07:17,A,94
7646,31218,2024-09-12 10:12:57,A,1291
7647,16286,2025-06-10 21:30:09,A,359
7648,110,2025-10-25 05:11:05,A,59
7649,8802,2024-07-06 01:45:15,A,1112
7650,13821,2024-08-16 16:32:25,A,512
7651,15262,2023-04-11 00:20:56,A,752
7652,20381,2024-02-16 00:57:11,A,1459
7653,23125,2024-05-15 22:44:33,A,438
7654,29515,2024-10-05 20:00:08,A,243
7655,18998,2024-11-21 22:27:54,A,251
7656,26941,2025-03-27 13:45:26,A,1341
7657,12366,2023-07-06 15:16:01,A,692
7658,35406,2025-09-13 22:29:00,A,636
7659,12634,2023-07-28 16:34:12,A,1189
7660,20651,2025-04-24 07:06:07,A,1377
7661,6690,2025-05-24 12:14:30,A,869
7662,32036,2025-08-21 18:28:00,A,1179
7663,12093,2025-07-17 03:23:45,A,1153
7664,39301,2023-06-17 04:14:41,A,1259
7665,15397,2023-11-28 11:34:49,A,629
7666,22689,2024-08-07 11:26:08,A,1500
7667,22521,2024-10-06 20:12:40,A,423
7668,9498,2025-10-09 14:19:45,A,64
7669,25631,2026-02-03 00:20:45,A,779
7670,18548,2023-09-29 14:46:27,A,274
7671,24790,2024-10-07 10:51:47,A,952
7672,31843,2025-08-23 02:26:02,A,81
7673,11115,2023-11-08 00:05:49,A,990
7674,32572,2024-10-06 23:19:19,A,542
7675,7703,2023-11-14 16:14:32,A,1274
7676,28348,2024-12-14 07:31:18,A,60
7677,7973,2024-06-25 18:55:18,A,71
7678,21313,2025-03-23 12:39:57,A,1039
7679,39917,2025-09-25 22:29:33,A,1318
7680,16421,2023-06-21 12:41:25,A,580
7681,28651,2023-11-01 16:24:20,A,765
7682,21613,2023-10-30 14:55:21,A,895
7683,8264,2025-01-29 00:43:13,A,158
7684,39147,2025-04-19 00:20:21,A,395
7685,25869,2026-02-01 15:03:46,A,731
7686,14316,2026-01-23 16:32:19,A,361
7687,34238,2023-04-01 23:15:48,A,637
7688,18452,2026-01-08 02:15:01,A,1128
7689,31178,2023-05-04 18:07:23,A,1343
7690,30987,2025-02-02 16:18:13,A,1097
7691,15511,2025-06-04 17:43:24,A,1404
7692,32945,2023-05-13 10:47:44,A,285
7693,32064,2023-06-30 05:07:26,A,373
7694,31525,2025-05-18 04:15:36,A,1028
7695,28560,2025-06-07 11:11:13,A,1108
7696,24522,2023-05-31 03:16:48,A,331
7697,11610,2023-06-01 14:08:37,A,417
7698,27870,2024-11-20 03:51:03,A,1280
7699,12755,2025-04-10 00:01:59,A,809
7700,16392,2024-06-17 03:00:14,A,381
7701,6572,2024-12-30 20:09:48,A,134
7702,21927,2025-01-05 08:58:35,A,296
7703,17769,2025-10-19 04:54:49,A,641
7704,15959,2023-05-17 09:03:52,A,974
7705,32988,2024-06-23 04:31:41,A,737
7706,22555,2026-02-27 09:58:04,A,693
7707,31607,2023-08-26 14:24:21,A,546
7708,26803,2024-10-31 07:54:37,A,350
7709,20527,2023-09-22 16:28:16,A,842
7710,6937,2024-03-17 15:44:08,A,1084
7711,38124,2024-04-06 09:57:13,A,1386
7712,8069,2025-09-13 04:38:47,A,708
7713,36087,2023-05-08 17:58:25,A,161
7714,11340,2024-01-06 18:50:04,A,1096
7715,37312,2024-06-28 00:43:06,A,131
7716,21120,2025-05-29 18:51:48,A,510
7717,7430,2025-11-16 12:43:31,A,783
7718,13513,2023-06-30 05:37:19,A,1054
7719,16977,2024-04-19 13:15:20,A,15
7720,18861,2023-04-01 05:14:00,A,445
7721,27965,2023-12-26 11:02:10,A,468
7722,7940,2024-11-11 07:59:09,A,1228
7723,21880,2025-07-19 16:50:24,A,133
7724,38822,2023-11-20 16:12:30,A,1160
7725,27148,2024-07-01 05:17:54,A,1048
7726,18588,2025-12-21 04:11:49,A,1063
7727,6993,2023-05-18 12:34:18,A,45
7728,6403,2025-07-24 12:29:51,A,1238
7729,12977,2025-11-08 13:22:14,A,271
7730,2250,2024-12-09 09:53:55,A,604
7731,10773,2025-12-04 22:18:00,A,1366
7732,6630,2025-02-13 08:26:50,A,73
7733,21633,2025-03-09 02:13:32,A,372
7734,22734,2025-07-24 02:36:25,A,119
7735,19089,2024-09-15 16:11:48,A,360
7736,18364,2024-03-18 14:03:05,A,19
7737,34778,2025-08-26 06:44:08,A,1380
7738,8655,2024-01-22 23:22:54,A,1380
7739,14415,2024-05-28 21:27:21,A,664
7740,23929,2024-02-26 03:09:41,A,612
7741,5698,2025-12-07 20:16:22,A,1269
7742,10831,2026-01-31 00:46:50,A,996
7743,22793,2024-10-10 12:23:49,A,1294
7744,56,2024-12-14 20:51:09,A,1222
7745,14525,2025-03-14 23:12:19,A,919
7746,32619,2024-06-22 09:17:22,A,1293
7747,23060,2024-10-20 22:44:53,A,627
7748,7272,2025-02-03 13:34:05,A,955
7749,8663,2025-02-06 16:46:54,A,1163
7750,27363,2025-05-28 11:13:00,A,76
7751,33091,2023-12-03 18:08:18,A,856
7752,17784,2024-01-13 00:52:31,A,273
7753,13622,2024-02-29 11:37:37,A,895
7754,6324,2024-03-08 05:44:42,A,316
7755,28785,2023-06-18 17:43:44,A,379
7756,13082,2023-10-17 08:38:36,A,250
7757,19200,2024-02-09 18:09:26,A,230
7758,7400,2024-09-22 07:33:20,A,93
7759,27553,2023-06-17 04:16:44,A,108
7760,37687,2024-10-15 16:02:39,A,272
7761,21781,2025-11-24 07:37:06,A,72
7762,7662,2023-12-22 00:12:03,A,1251
7763,30364,2024-03-23 23:05:21,A,823
7764,37954,2025-02-24 06:16:03,A,140
7765,26256,2025-09-14 06:56:15,A,836
7766,29302,2025-11-16 03:15:37,A,641
7767,29045,2025-12-19 15:06:24,A,377
7768,29170,2024-07-02 21:29:43,A,315
7769,6322,2025-04-21 05:37:58,A,958
7770,20418,2023-03-28 23:02:28,A,826
7771,16244,2023-05-21 06:28:13,A,1406
7772,16201,2023-08-24 19:46:12,A,478
7773,15639,2023-12-13 12:09:16,A,596
7774,38716,2026-02-09 07:46:41,A,126
7775,39653,2023-04-29 04:58:08,A,1422
7776,20197,2025-02-11 03:29:21,A,1114
7777,34231,2025-09-07 04:08:13,A,99
7778,27571,2023-08-03 20:44:12,A,251
7779,11846,2024-05-22 02:24:15,A,265
7780,10777,2025-01-23 06:18:21,A,875
7781,25370,2025-04-23 08:55:30,A,529
7782,27416,2026-03-31 07:08:20,A,1156
7783,26204,2023-05-30 22:37:55,A,847
7784,18085,2023-10-31 22:09:43,A,406
7785,24284,2024-05-20 19:53:03,A,1348
7786,36694,2024-06-26 16:25:01,A,1092
7787,19263,2025-11-24 20:43:24,A,197
7788,17783,2023-06-08 23:29:51,A,1082
7789,7872,2023-09-21 20:05:46,A,301
7790,18146,2024-05-22 04:28:07,A,1086
7791,12785,2024-09-17 11:42:37,A,501
7792,35870,2024-12-19 03:40:20,A,434
7793,11112,2025-03-28 12:30:00,A,265
7794,25032,2024-08-08 18:12:08,A,233
7795,39487,2024-12-11 19:23:55,A,20
7796,9474,2025-01-31 13:38:05,A,1068
7797,27170,2025-04-30 00:43:36,A,145
7798,30070,2026-01-24 11:15:56,A,301
7799,34180,2023-11-21 15:05:08,A,1174
7800,12921,2024-05-19 18:26:16,A,1284
7801,34409,2024-04-19 07:09:25,A,1402
7802,32753,2025-10-07 01:14:44,A,1230
7803,39254,2026-02-16 02:37:14,A,705
7804,7326,2023-11-16 22:22:52,A,1432
7805,17624,2023-12-17 07:12:14,A,1229
7806,9447,2024-09-13 12:25:17,A,684
7807,26725,2025-05-18 19:51:01,A,839
7808,23875,2024-07-10 22:13:44,A,1289
7809,28629,2023-09-13 09:14:45,A,54
7810,37883,2024-02-23 23:35:44,A,946
7811,35979,2024-02-29 09:01:51,A,756
7812,39489,2024-12-23 17:18:16,A,195
7813,12265,2025-03-09 09:35:51,A,57
7814,35857,2025-03-20 00:07:02,A,386
7815,37507,2025-10-04 11:20:10,A,1036
7816,10458,2026-01-18 01:40:11,A,705
7817,21448,2023-12-04 12:10:41,A,1463
7818,36879,2024-08-12 10:04:15,A,627
7819,27359,2024-08-21 02:34:09,A,439
7820,7670,2024-10-24 12:49:33,A,1462
7821,11948,2023-07-30 00:14:16,A,297
7822,16413,2023-10-05 09:59:05,A,736
7823,33730,2023-05-14 02:41:45,A,672
7824,4413,2023-05-24 08:06:01,A,1209
7825,28495,2023-08-16 00:40:22,A,1305
7826,34447,2025-07-27 06:59:17,A,272
7827,26616,2023-04-16 09:15:43,A,942
7828,35146,2023-09-27 19:44:14,A,88
7829,24064,2025-03-19 12:44:09,A,1438
7830,19801,2025-07-21 03:44:57,A,1167
7831,33254,2023-10-08 02:01:54,A,305
7832,7176,2023-09-03 13:29:42,A,896
7833,7925,2023-09-27 22:07:10,A,765
7834,22332,2025-02-08 12:09:03,A,1123
7835,26059,2025-11-05 23:36:21,A,1348
7836,36126,2024-04-15 04:56:57,A,906
7837,18291,2025-06-13 00:50:52,A,91
7838,12172,2024-05-22 21:25:19,A,1028
7839,30484,2025-08-21 04:18:08,A,568
7840,27546,2024-12-16 09:29:34,A,767
7841,24756,2025-05-19 09:38:03,A,198
7842,344,2025-11-14 10:02:49,A,1192
7843,22305,2024-01-26 17:01:37,A,835
7844,20765,2025-10-13 13:23:12,A,722
7845,18499,2024-06-11 06:37:30,A,95
7846,27500,2025-06-27 08:37:29,A,1322
7847,25549,2025-07-07 05:07:15,A,232
7848,29925,2026-02-07 17:08:10,A,116
7849,27037,2024-12-05 05:16:34,A,5
7850,26682,2025-03-31 07:54:27,A,193
7851,8634,2025-08-18 05:54:42,A,1418
7852,36432,2023-11-06 20:58:53,A,1243
7853,29404,2025-01-29 03:58:57,A,347
7854,3598,2025-05-09 02:11:18,A,713
7855,32146,2025-07-25 15:39:08,A,160
7856,21374,2024-04-03 08:03:23,A,265
7857,17719,2025-09-09 03:42:59,A,1138
7858,32123,2026-01-27 15:35:53,A,1425
7859,21133,2026-03-17 15:33:58,A,564
7860,12484,2023-07-26 19:55:21,A,1107
7861,24073,2025-04-23 09:43:39,A,561
7862,15301,2025-10-02 11:49:21,A,755
7863,21681,2024-04-02 10:13:27,A,387
7864,17725,2025-02-21 12:43:41,A,711
7865,11127,2026-02-06 17:10:07,A,725
7866,28191,2026-02-24 10:42:43,A,45
7867,20070,2023-07-04 22:32:29,A,460
7868,19244,2024-01-20 20:57:32,A,886
7869,38360,2025-04-15 14:32:09,A,674
7870,14127,2025-02-27 23:56:39,A,647
7871,33641,2025-08-09 07:06:39,A,1483
7872,9360,2025-08-20 23:28:30,A,1386
7873,29419,2023-10-15 09:53:33,A,887
7874,37895,2024-07-09 01:08:42,A,20
7875,19374,2025-11-09 05:05:09,A,702
7876,29661,2026-03-07 17:24:06,A,434
7877,15713,2023-11-16 05:53:01,A,46
7878,31609,2024-12-16 17:03:40,A,452
7879,12574,2025-02-22 06:50:01,A,1396
7880,38350,2023-12-26 17:51:08,A,832
7881,11262,2024-10-30 17:01:37,A,1142
7882,30286,2025-04-09 17:03:18,A,590
7883,30755,2023-09-19 20:03:41,A,1043
7884,8132,2024-01-24 11:53:49,A,283
7885,27082,2024-02-22 08:19:36,A,1221
7886,19388,2024-07-18 19:05:05,A,812
7887,30590,2024-12-13 20:53:11,A,1434
7888,7072,2025-05-27 23:10:53,A,37
7889,32159,2025-12-20 12:59:21,A,1455
7890,19600,2024-08-06 11:06:37,A,1195
7891,31018,2023-09-02 11:44:08,A,1243
7892,21925,2023-09-04 04:19:03,A,1408
7893,10160,2024-01-12 16:47:43,A,784
7894,830,2024-09-05 05:47:56,A,1296
7895,8559,2025-06-25 06:26:26,A,519
7896,36047,2025-11-21 06:54:32,A,6
7897,39738,2026-01-18 02:29:04,A,328
7898,25798,2023-09-01 19:05:33,A,1220
7899,21208,2024-03-16 02:07:02,A,820
7900,37919,2024-06-09 03:17:34,A,1334
7901,34140,2025-01-28 02:29:13,A,572
7902,28314,2025-04-30 17:34:05,A,87
7903,13463,2023-03-10 16:40:17,A,136
7904,37659,2024-01-20 06:56:29,A,476
7905,14055,2023-09-28 18:17:44,A,479
7906,35378,2025-03-28 09:22:35,A,398
7907,39448,2023-11-02 05:11:22,A,1026
7908,9540,2023-10-26 21:49:36,A,562
7909,37602,2023-12-20 01:01:59,A,1353
7910,36416,2024-08-06 20:38:57,A,136
7911,17031,2025-04-03 09:01:01,A,1357
7912,33679,2025-05-07 14:50:25,A,472
7913,26241,2023-03-14 15:49:35,A,200
7914,19372,2023-05-21 11:10:35,A,66
7915,24526,2023-11-05 15:16:55,A,889
7916,26699,2023-11-17 10:11:31,A,10
7917,38163,2024-03-26 23:49:33,A,172
7918,9828,2025-03-01 02:45:43,A,1388
7919,9387,2025-10-09 02:12:24,A,433
7920,7990,2026-02-10 13:16:13,A,1071
7921,22370,2026-04-14 07:19:54,A,481
7922,11242,2023-03-25 10:32:52,A,1038
7923,23556,2023-06-27 23:39:51,A,1243
7924,22686,2024-04-04 07:39:56,A,1301
7925,35157,2023-09-08 02:03:28,A,1204
7926,3080,2023-10-25 12:20:01,A,207
7927,21685,2024-02-03 18:19:54,A,1400
7928,31277,2024-01-21 17:29:18,A,249
7929,22584,2024-03-15 00:18:35,A,1011
7930,36666,2025-07-27 14:56:38,A,27
7931,28281,2023-11-12 23:12:06,A,5
7932,32996,2023-05-21 16:32:44,A,733
7933,26852,2024-03-03 11:36:22,A,1251
7934,19211,2024-07-06 02:55:55,A,485
7935,18442,2025-03-04 08:05:32,A,405
7936,22715,2023-08-03 03:33:06,A,640
7937,14753,2023-10-21 15:06:48,A,378
7938,22268,2024-01-06 00:54:07,A,95
7939,23224,2024-11-23 07:59:21,A,1184
7940,27116,2023-09-21 18:42:42,A,1086
7941,8899,2024-06-22 23:45:38,A,690
7942,12817,2024-05-15 17:32:39,A,1412
7943,1120,2024-08-20 15:12:51,A,1066
7944,23592,2023-04-04 15:38:26,A,1226
7945,31952,2023-10-16 14:06:06,A,329
7946,21807,2025-06-06 09:20:48,A,284
7947,30644,2025-11-24 15:26:25,A,1191
7948,34702,2026-03-13 15:43:27,A,596
7949,17566,2025-11-02 14:04:39,A,1269
7950,11622,2023-09-03 23:15:45,A,300
7951,22176,2024-01-12 10:33:38,A,318
7952,29708,2024-03-28 23:19:55,A,1155
7953,15680,2024-06-12 13:07:55,A,1115
7954,29451,2025-02-22 21:37:49,A,939
7955,30734,2025-07-17 13:26:01,A,1142
7956,19247,2025-09-05 09:37:43,A,561
7957,15765,2025-10-30 01:30:05,A,351
7958,31979,2023-06-20 15:22:19,A,106
7959,13611,2024-02-03 16:22:48,A,1351
7960,32586,2024-07-17 00:59:12,A,2
7961,35271,2025-01-28 23:25:19,A,788
7962,15050,2025-06-25 05:11:46,A,1279
7963,16854,2025-07-23 05:24:38,A,882
7964,22201,2026-01-14 03:45:32,A,836
7965,21788,2023-03-27 07:36:18,A,745
7966,31107,2024-10-22 06:00:57,A,567
7967,34458,2025-01-15 12:04:47,A,393
7968,27493,2025-05-17 23:54:04,A,1033
7969,8964,2023-05-14 07:08:06,A,1305
7970,13814,2023-08-15 15:06:12,A,828
7971,8232,2024-08-14 10:40:24,A,148
7972,13165,2025-03-10 10:42:58,A,1221
7973,27680,2026-02-17 14:12:39,A,844
7974,17280,2024-02-10 06:46:33,A,691
7975,12305,2024-04-29 06:46:53,A,46
7976,11554,2024-05-23 14:06:02,A,146
7977,37949,2025-08-24 18:17:22,A,455
7978,12383,2023-06-16 14:20:05,A,1294
7979,16931,2024-01-03 23:06:45,A,1121
7980,34903,2023-07-07 22:51:32,A,951
7981,13090,2023-09-26 07:39:06,A,1194
7982,18428,2024-11-11 21:40:42,A,1166
7983,29935,2023-09-25 21:02:26,A,715
7984,21816,2023-09-23 11:33:29,A,509
7985,21140,2024-02-10 21:05:03,A,950
7986,21311,2024-10-29 02:51:22,A,517
7987,39730,2023-07-27 17:50:03,A,1295
7988,39326,2024-07-16 12:44:11,A,98
7989,31910,2025-08-10 09:43:44,A,1249
7990,22971,2023-09-23 19:52:23,A,354
7991,36254,2024-12-08 20:41:24,A,536
7992,24022,2025-05-29 14:38:29,A,1424
7993,34234,2024-04-14 15:15:23,A,682
7994,28583,2025-07-30 10:44:31,A,384
7995,32679,2024-04-19 20:05:27,A,58
7996,8462,2024-05-08 21:41:04,A,1085
7997,15915,2024-09-17 14:00:42,A,391
7998,23998,2023-05-06 13:46:22,A,1362
7999,7668,2023-07-04 06:10:00,A,1424
8000,10613,2023-11-08 23:26:54,A,622
8001,33790,2024-11-24 14:59:10,A,349
8002,27494,2025-04-05 17:56:39,A,447
8003,22930,2023-03-23 13:00:19,A,1410
8004,36097,2023-05-23 09:16:39,A,42
8005,29471,2024-05-05 10:46:34,A,860
8006,29335,2025-06-10 03:44:24,A,508
8007,22978,2025-11-06 03:22:53,A,718
8008,12972,2023-04-28 00:40:42,A,1356
8009,7305,2024-04-16 16:18:45,A,1388
8010,11011,2024-04-29 12:01:54,A,381
8011,16326,2024-11-09 08:51:11,A,578
8012,30615,2025-07-15 02:11:33,A,483
8013,18119,2023-05-13 08:42:50,A,952
8014,8534,2023-11-26 03:01:37,A,1457
8015,8727,2024-04-08 11:32:39,A,161
8016,36207,2025-12-05 22:03:16,A,21
8017,33829,2024-07-06 21:10:19,A,32
8018,18975,2024-08-22 15:17:39,A,95
8019,11272,2025-01-01 17:21:43,A,498
8020,38406,2025-03-20 00:11:56,A,630
8021,20478,2023-12-31 07:30:58,A,721
8022,23696,2025-05-02 20:05:44,A,245
8023,28200,2023-05-22 02:36:11,A,1383
8024,28955,2025-08-23 01:51:15,A,61
8025,8747,2025-08-14 18:04:27,A,222
8026,21839,2026-04-23 21:47:11,A,1391
8027,23223,2025-08-21 08:51:35,A,1275
8028,26769,2024-09-19 17:54:45,A,293
8029,13838,2025-12-10 21:49:06,A,1217
8030,25755,2024-03-04 00:03:32,A,300
8031,38989,2025-08-01 04:22:35,A,195
8032,25315,2026-01-30 23:35:43,A,1257
8033,37924,2026-04-08 12:47:22,A,822
8034,39530,2024-03-12 12:33:41,A,1461
8035,9027,2024-08-10 08:19:57,A,1270
8036,11981,2025-05-14 22:01:15,A,1251
8037,7905,2025-11-09 06:58:59,A,1316
8038,15081,2023-09-08 15:43:54,A,945
8039,30125,2023-06-18 10:57:28,A,572
8040,23338,2024-12-20 07:58:31,A,629
8041,29790,2023-06-18 05:12:55,A,774
8042,22970,2025-11-26 13:09:05,A,640
8043,9182,2026-04-19 17:15:58,A,819
8044,28091,2023-11-18 13:10:23,A,66
8045,29582,2025-05-05 05:05:02,A,485
8046,25201,2023-08-24 03:31:14,A,659
8047,37813,2024-11-19 14:54:02,A,580
8048,37269,2025-03-08 04:58:00,A,1060
8049,20015,2023-08-01 23:32:11,A,266
8050,26537,2023-11-14 18:01:27,A,547
8051,36329,2025-06-25 12:56:33,A,1454
8052,19466,2024-03-09 20:32:35,A,1196
8053,26153,2025-01-15 23:20:37,A,196
8054,26163,2025-12-01 15:13:13,A,1132
8055,33906,2023-12-24 01:49:32,A,1181
8056,23996,2024-11-14 18:06:32,A,1166
8057,26793,2025-11-08 05:05:57,A,786
8058,18503,2024-05-30 20:44:07,A,594
8059,11259,2024-04-16 14:21:26,A,497
8060,25903,2024-11-23 20:25:46,A,452
8061,15759,2025-08-21 19:04:41,A,1032
8062,26336,2023-04-22 15:01:17,A,841
8063,14239,2024-02-11 00:41:33,A,476
8064,17695,2024-05-24 07:52:06,A,1318
8065,25455,2025-02-17 22:34:48,A,362
8066,20240,2026-01-13 18:09:17,A,227
8067,15426,2023-10-30 03:57:45,A,658
8068,13778,2023-11-16 20:13:04,A,630
8069,34514,2024-02-01 06:27:18,A,760
8070,8809,2025-05-06 22:50:05,A,591
8071,3856,2024-04-06 22:38:46,A,748
8072,32503,2025-04-08 05:13:33,A,260
8073,13712,2025-07-06 18:05:54,A,1174
8074,23624,2023-08-06 06:02:56,A,198
8075,31100,2025-02-18 17:17:00,A,233
8076,33927,2023-08-23 03:00:19,A,402
8077,28296,2025-02-05 02:48:41,A,1283
8078,11322,2025-03-04 02:35:46,A,353
8079,13736,2025-09-15 10:09:36,A,708
8080,9819,2025-09-13 12:01:46,A,936
8081,14077,2025-07-11 20:33:05,A,1291
8082,19935,2025-09-25 06:39:34,A,571
8083,11553,2023-09-03 06:21:52,A,1212
8084,18659,2024-08-25 21:52:01,A,1468
8085,34943,2023-10-31 12:42:41,A,1265
8086,35671,2024-11-22 20:11:39,A,822
8087,18231,2025-11-21 13:51:56,A,1323
8088,25386,2024-12-29 19:25:48,A,697
8089,34335,2025-05-23 15:21:02,A,254
8090,15271,2023-11-23 15:38:39,A,201
8091,28927,2025-03-25 08:13:57,A,253
8092,33748,2025-04-27 08:33:24,A,285
8093,24973,2025-10-02 13:39:52,A,1062
8094,24930,2023-04-20 23:36:52,A,326
8095,12351,2023-08-06 11:37:12,A,1158
8096,6889,2024-08-29 10:06:35,A,128
8097,15690,2024-10-29 11:43:42,A,440
8098,13751,2025-01-16 02:57:43,A,875
8099,31325,2025-11-15 19:05:37,A,178
8100,16548,2023-08-02 22:21:34,A,238
8101,27980,2023-07-07 04:59:13,A,1306
8102,24737,2023-09-01 00:58:22,A,576
8103,15247,2024-07-08 06:56:10,A,907
8104,38325,2025-08-28 11:22:09,A,5
8105,18995,2026-03-28 13:59:57,A,225
8106,22392,2023-12-05 09:10:59,A,1271
8107,32496,2024-12-31 21:27:12,A,1399
8108,22739,2025-04-11 00:04:32,A,724
8109,39734,2023-03-20 10:53:07,A,467
8110,34823,2024-11-09 14:15:50,A,1277
8111,16869,2025-11-05 17:22:47,A,988
8112,11595,2026-02-21 08:21:06,A,892
8113,10991,2023-07-21 03:01:30,A,100
8114,7889,2024-07-31 04:57:17,A,19
8115,33368,2024-09-07 23:55:17,A,386
8116,36092,2025-04-04 04:01:49,A,415
8117,14219,2025-12-13 14:46:48,A,202
8118,13215,2026-01-22 09:48:53,A,165
8119,9734,2024-07-05 13:48:06,A,805
8120,12654,2024-06-28 22:31:20,A,300
8121,21453,2024-10-01 11:19:35,A,1094
8122,13050,2024-07-22 11:02:39,A,292
8123,10341,2025-03-29 23:22:47,A,1252
8124,24370,2025-06-16 18:42:20,A,946
8125,3165,2023-05-30 09:25:46,A,1214
8126,19483,2023-11-19 17:05:46,A,1273
8127,6920,2023-06-06 03:06:53,A,147
8128,7480,2024-03-20 06:03:53,A,431
8129,37641,2025-01-04 10:41:01,A,267
8130,10407,2023-05-08 16:33:08,A,290
8131,19726,2023-10-12 04:51:42,A,1081
8132,29136,2024-05-28 04:11:29,A,457
8133,15717,2025-04-08 04:22:52,A,138
8134,37623,2025-08-14 01:28:39,A,939
8135,22443,2024-01-23 02:42:07,A,1413
8136,20561,2025-09-29 05:01:53,A,511
8137,12242,2025-11-10 12:39:33,A,1070
8138,32260,2026-01-28 04:29:46,A,829
8139,14363,2023-10-17 06:20:09,A,632
8140,17466,2026-02-27 08:40:17,A,1198
8141,7245,2025-03-12 00:33:28,A,1079
8142,32388,2025-06-08 23:12:15,A,1150
8143,32624,2023-04-17 15:56:11,A,1392
8144,24141,2023-07-17 10:15:36,A,1363
8145,27034,2023-10-31 04:08:55,A,126
8146,39166,2024-12-19 00:18:01,A,955
8147,12703,2025-06-15 15:14:05,A,969
8148,6853,2026-01-27 16:34:42,A,362
8149,27256,2024-08-12 15:38:59,A,1486
8150,26175,2025-01-24 17:00:53,A,664
8151,38581,2025-10-16 12:53:50,A,605
8152,11845,2023-09-11 12:15:30,A,1028
8153,33665,2024-07-16 20:21:33,A,994
8154,34105,2025-09-20 18:46:58,A,915
8155,26465,2026-03-12 18:37:05,A,559
8156,15377,2024-07-22 16:41:57,A,1044
8157,15665,2025-03-07 02:27:16,A,1313
8158,7763,2023-04-23 13:03:50,A,64
8159,38615,2023-11-09 03:21:48,A,887
8160,25505,2024-02-08 09:30:58,A,86
8161,20436,2024-06-05 07:22:40,A,368
8162,37678,2024-09-15 05:34:17,A,202
8163,27162,2025-03-28 05:38:50,A,408
8164,24765,2025-05-16 05:29:06,A,387
8165,33805,2023-06-02 04:10:12,A,1153
8166,9254,2024-05-23 03:59:49,A,1420
8167,24335,2024-08-23 22:20:16,A,1477
8168,8815,2025-02-07 22:08:46,A,1335
8169,21678,2026-01-21 11:02:50,A,1140
8170,28282,2023-05-08 07:51:59,A,1135
8171,33721,2023-04-10 14:44:45,A,225
8172,35376,2024-03-27 20:02:53,A,1205
8173,12885,2024-09-16 12:31:44,A,351
8174,26490,2025-04-02 22:24:26,A,940
8175,36899,2026-03-05 22:12:53,A,680
8176,13042,2026-02-05 16:02:12,A,790
8177,37284,2023-09-13 21:35:46,A,433
8178,22166,2024-06-19 08:20:02,A,523
8179,25329,2025-02-28 16:15:54,A,737
8180,35122,2025-04-22 10:44:44,A,708
8181,17308,2025-08-10 15:26:09,A,30
8182,34765,2023-09-15 21:41:35,A,644
8183,21814,2025-12-15 08:07:13,A,275
8184,26603,2024-01-28 21:20:30,A,963
8185,19579,2024-10-11 07:39:18,A,323
8186,12556,2026-02-04 08:37:42,A,338
8187,22656,2024-03-19 06:45:00,A,572
8188,33902,2024-11-02 07:15:41,A,1037
8189,16023,2024-12-12 02:36:24,A,1361
8190,37288,2025-07-13 14:45:13,A,1414
8191,28185,2026-01-10 05:16:51,A,55
8192,24328,2023-11-12 11:23:29,A,1010
8193,23990,2024-02-19 16:03:09,A,1184
8194,35654,2026-02-04 08:56:42,A,790
8195,23314,2023-09-02 07:43:51,A,216
8196,26453,2024-01-30 03:00:14,A,271
8197,30012,2024-06-30 02:56:04,A,299
8198,38537,2025-08-05 16:29:17,A,704
8199,22262,2023-08-09 05:10:58,A,654
8200,6224,2023-08-28 19:54:36,A,359
8201,21630,2025-01-01 17:21:46,A,710
8202,10750,2025-08-22 12:52:55,A,378
8203,38965,2025-06-14 04:06:32,A,416
8204,24928,2025-09-30 23:35:49,A,1131
8205,32498,2023-02-28 14:39:52,A,592
8206,15147,2024-02-13 19:51:28,A,556
8207,18293,2024-01-21 20:42:52,A,925
8208,17957,2024-05-12 23:27:14,A,1231
8209,21367,2025-10-20 14:21:44,A,1087
8210,21041,2024-04-20 21:41:20,A,1149
8211,36080,2025-08-27 11:16:26,A,406
8212,33940,2026-02-06 11:54:51,A,183
8213,29902,2024-11-16 05:46:12,A,1479
8214,25212,2024-12-05 20:19:36,A,85
8215,27289,2023-06-30 11:21:04,A,1373
8216,29572,2025-07-17 15:52:28,A,145
8217,7786,2025-07-30 20:31:09,A,299
8218,5242,2023-05-03 00:01:30,A,1044
8219,9023,2023-12-18 19:34:43,A,1380
8220,29892,2024-11-20 18:01:40,A,347
8221,25757,2025-01-01 14:44:59,A,1181
8222,18812,2025-05-13 17:30:20,A,424
8223,9377,2025-06-23 17:10:58,A,612
8224,36886,2025-11-23 19:27:09,A,279
8225,34660,2023-08-08 02:39:32,A,1106
8226,25135,2023-10-06 06:21:46,A,511
8227,9304,2025-01-02 14:11:00,A,603
8228,10042,2023-04-16 10:35:08,A,348
8229,13191,2024-06-29 02:42:22,A,1288
8230,22345,2025-01-05 17:28:34,A,29
8231,25049,2025-01-30 12:42:26,A,1081
8232,1149,2023-05-18 23:03:26,A,765
8233,8962,2024-02-02 10:25:34,A,1220
8234,34517,2024-04-12 23:11:39,A,848
8235,39026,2024-04-26 06:15:11,A,1033
8236,16760,2024-05-20 00:39:18,A,1295
8237,37729,2025-10-14 19:46:54,A,60
8238,23643,2023-11-15 09:25:49,A,1163
8239,28600,2024-06-09 13:09:45,A,1126
8240,8668,2025-09-25 09:05:16,A,650
8241,33380,2025-11-10 10:07:21,A,291
8242,24553,2024-07-13 10:23:35,A,1375
8243,13500,2023-06-20 17:37:51,A,33
8244,34038,2023-06-09 03:15:02,A,511
8245,39066,2023-09-15 12:28:11,A,369
8246,14990,2024-10-22 23:12:51,A,1303
8247,36938,2025-04-28 11:54:12,A,181
8248,29913,2026-01-22 08:40:38,A,1234
8249,36557,2023-05-07 09:01:36,A,1269
8250,28181,2023-08-18 03:37:36,A,615
8251,29867,2025-05-17 04:37:23,A,669
8252,11009,2025-06-11 07:12:23,A,1113
8253,11783,2023-05-22 09:46:05,A,1293
8254,34963,2023-08-31 09:41:29,A,1475
8255,24118,2026-01-15 05:05:39,A,966
8256,27665,2024-01-14 03:29:13,A,563
8257,25287,2024-02-16 22:40:48,A,57
8258,18761,2025-01-27 19:54:08,A,242
8259,34992,2024-12-28 16:04:56,A,1370
8260,19067,2025-05-04 12:48:22,A,541
8261,31689,2024-02-21 02:58:53,A,227
8262,13323,2024-06-24 01:48:28,A,699
8263,30334,2023-07-24 06:54:17,A,1085
8264,23162,2025-06-09 12:05:23,A,1355
8265,37086,2025-04-22 21:45:46,A,11
8266,25861,2025-05-09 15:56:31,A,1431
8267,34998,2025-06-28 21:11:54,A,829
8268,9347,2024-04-17 18:34:32,A,905
8269,11132,2024-12-18 23:35:49,A,929
8270,13931,2025-10-27 04:38:51,A,1377
8271,23961,2025-11-18 18:28:12,A,207
8272,17032,2023-10-25 18:26:39,A,118
8273,19540,2023-09-27 10:05:44,A,543
8274,15919,2024-05-22 03:37:24,A,1174
8275,34856,2024-06-01 09:52:13,A,493
8276,6666,2025-01-20 12:45:56,A,1033
8277,20178,2023-05-13 06:28:00,A,1184
8278,14364,2023-04-10 16:01:38,A,2
8279,26876,2024-05-14 09:09:51,A,1058
8280,36271,2024-09-26 07:39:04,A,987
8281,8920,2024-11-24 17:01:05,A,859
8282,25102,2023-07-02 03:34:51,A,770
8283,36509,2024-06-11 17:02:35,A,399
8284,20159,2024-06-18 18:28:15,A,1195
8285,16180,2024-12-29 09:31:51,A,1228
8286,48,2025-02-16 23:30:45,A,1400
8287,38939,2023-08-31 02:41:40,A,1049
8288,32651,2024-12-09 16:55:08,A,1368
8289,24838,2026-02-21 16:42:02,A,575
8290,12292,2025-11-15 00:13:22,A,1232
8291,9840,2026-02-23 19:31:48,A,436
8292,13683,2023-12-24 10:10:07,A,1197
8293,12515,2025-02-21 11:40:00,A,1284
8294,13633,2025-05-19 05:56:19,A,298
8295,3946,2025-12-24 18:17:28,A,483
8296,6816,2023-04-08 06:59:33,A,278
8297,28917,2023-07-25 10:51:20,A,230
8298,14776,2025-11-14 05:52:40,A,20
8299,24207,2025-10-16 11:51:09,A,845
8300,15152,2024-03-22 14:27:46,A,589
8301,31448,2024-04-18 08:02:59,A,1184
8302,12404,2025-04-04 00:58:49,A,113
8303,37400,2025-09-06 02:31:55,A,353
8304,10802,2025-02-10 06:22:04,A,777
8305,8146,2025-11-01 04:03:03,A,662
8306,37467,2025-12-09 18:56:35,A,4
8307,29559,2023-11-07 21:24:40,A,427
8308,20671,2024-12-13 08:24:40,A,258
8309,6328,2025-01-10 17:06:15,A,523
8310,8151,2024-12-17 20:30:53,A,499
8311,12901,2025-03-25 21:59:42,A,898
8312,16343,2025-11-07 12:10:17,A,241
8313,30849,2024-03-14 19:34:21,A,1186
8314,20593,2025-04-11 01:22:30,A,854
8315,27646,2023-07-01 22:28:31,A,723
8316,15486,2023-12-23 18:58:06,A,870
8317,39669,2024-01-20 21:56:45,A,804
8318,32887,2024-09-29 05:59:10,A,356
8319,19753,2024-12-22 09:56:23,A,176
8320,20430,2025-06-18 17:00:04,A,771
8321,13507,2024-02-27 14:38:20,A,737
8322,37368,2024-10-30 17:40:16,A,314
8323,26354,2025-04-14 16:23:50,A,335
8324,32176,2023-04-30 08:10:57,A,812
8325,28244,2023-07-20 23:36:26,A,729
8326,6277,2024-09-09 20:56:49,A,697
8327,21631,2024-09-18 10:13:00,A,717
8328,22253,2025-06-08 20:57:34,A,1056
8329,5696,2024-03-26 07:40:32,A,95
8330,33934,2025-08-28 12:01:56,A,521
8331,24029,2026-01-27 11:59:17,A,516
8332,22180,2026-03-29 12:38:05,A,231
8333,13536,2024-06-14 18:40:09,A,877
8334,36546,2024-09-28 20:19:36,A,1242
8335,29192,2024-11-30 19:37:07,A,1204
8336,17487,2024-06-30 11:57:03,A,333
8337,6314,2024-06-29 20:44:44,A,96
8338,33379,2024-08-05 04:35:25,A,695
8339,37984,2026-01-25 20:38:49,A,1026
8340,9274,2026-02-22 20:19:39,A,441
8341,27717,2024-01-26 11:16:37,A,461
8342,32788,2024-07-13 16:25:39,A,1088
8343,35054,2024-08-29 20:30:43,A,707
8344,39822,2025-01-07 08:49:16,A,1120
8345,10908,2025-08-07 01:05:51,A,906
8346,29284,2024-07-04 09:58:53,A,485
8347,18245,2024-09-23 23:43:14,A,725
8348,21528,2024-12-23 04:46:42,A,155
8349,28323,2025-05-18 00:29:26,A,1304
8350,17901,2025-10-14 08:44:40,A,147
8351,38050,2026-02-03 01:11:22,A,748
8352,14579,2024-04-09 07:15:16,A,1267
8353,19429,2026-03-25 21:17:11,A,525
8354,25832,2026-03-19 11:44:18,A,560
8355,19171,2024-02-17 02:20:27,A,1464
8356,11147,2025-02-26 16:48:14,A,508
8357,11100,2025-11-01 11:15:56,A,232
8358,34578,2026-01-30 04:57:14,A,402
8359,34843,2026-03-07 15:13:07,A,147
8360,31317,2024-08-15 17:18:34,A,30
8361,35201,2024-12-01 12:57:55,A,1444
8362,29355,2025-01-11 16:35:51,A,118
8363,30177,2025-07-30 02:29:05,A,721
8364,32181,2025-08-31 02:16:50,A,436
8365,11231,2023-11-09 12:47:02,A,230
8366,29056,2024-08-04 01:49:07,A,917
8367,20306,2024-05-23 15:27:42,A,216
8368,21004,2024-07-30 15:30:32,A,275
8369,17635,2024-10-12 11:17:21,A,900
8370,24165,2023-05-22 01:48:43,A,632
8371,34434,2023-08-13 08:09:05,A,752
8372,31296,2024-06-10 03:58:19,A,620
8373,28050,2025-05-16 05:28:24,A,840
8374,17208,2026-01-11 09:36:33,A,68
8375,27178,2023-10-15 18:43:11,A,82
8376,17858,2024-03-06 15:28:36,A,784
8377,23971,2025-03-22 21:13:25,A,175
8378,13171,2023-07-15 13:19:44,A,1068
8379,39654,2023-10-01 16:48:53,A,974
8380,11466,2024-08-29 05:31:02,A,142
8381,9862,2023-07-13 03:15:08,A,755
8382,13517,2024-08-17 05:58:59,A,430
8383,30448,2024-09-22 23:39:08,A,362
8384,14955,2024-11-20 10:17:06,A,1227
8385,20920,2025-01-12 21:13:24,A,540
8386,10665,2025-10-09 08:40:52,A,1099
8387,32551,2025-11-14 08:57:54,A,74
8388,21989,2023-09-17 10:04:30,A,1462
8389,3784,2025-05-22 21:53:05,A,484
8390,13727,2025-11-07 14:53:29,A,1459
8391,37913,2024-02-21 09:07:02,A,1201
8392,31876,2024-05-17 17:21:05,A,680
8393,32459,2024-10-21 10:48:40,A,954
8394,11051,2024-10-07 00:25:58,A,182
8395,12403,2025-02-25 16:24:53,A,867
8396,27176,2025-08-14 15:42:30,A,1340
8397,20284,2025-07-29 13:12:19,A,180
8398,25947,2026-02-01 08:04:11,A,1144
8399,22208,2024-06-14 14:28:08,A,1422
8400,38732,2023-10-21 05:09:48,A,688
8401,6488,2024-04-05 18:28:58,A,499
8402,11902,2024-09-05 22:59:18,A,3
8403,22849,2024-06-06 02:42:54,A,1252
8404,9711,2024-12-22 21:45:19,A,1104
8405,29485,2023-03-16 03:24:03,A,343
8406,24664,2023-06-01 09:05:52,A,511
8407,11587,2024-02-18 19:04:43,A,609
8408,15955,2024-12-25 01:11:08,A,531
8409,9253,2025-10-05 02:44:51,A,1370
8410,11235,2023-12-27 19:29:41,A,200
8411,8193,2024-06-04 07:28:50,A,123
8412,20204,2025-09-11 21:56:09,A,670
8413,7540,2025-07-28 15:25:03,A,1079
8414,25427,2023-09-13 20:16:14,A,1202
8415,25041,2025-04-29 15:28:01,A,565
8416,22756,2025-07-17 15:20:49,A,21
8417,38801,2023-09-01 21:11:17,A,948
8418,27430,2024-08-15 09:52:07,A,1000
8419,13858,2024-11-23 01:02:32,A,1439
8420,19453,2024-04-30 22:06:48,A,777
8421,39281,2024-03-24 17:52:35,A,116
8422,23804,2025-07-29 17:48:01,A,140
8423,9191,2026-03-25 00:18:40,A,925
8424,25243,2025-02-10 12:16:23,A,868
8425,14404,2023-08-12 13:35:39,A,1091
8426,7955,2024-07-28 23:06:11,A,741
8427,14461,2024-10-31 18:18:08,A,1221
8428,33359,2025-08-25 08:43:53,A,935
8429,32040,2024-03-29 04:28:48,A,193
8430,34721,2024-06-18 13:00:16,A,1189
8431,25795,2023-05-26 18:49:25,A,491
8432,38752,2024-01-13 23:21:04,A,442
8433,37061,2023-12-23 11:27:29,A,440
8434,8904,2024-10-15 20:14:53,A,420
8435,39847,2023-06-03 12:18:40,A,810
8436,12453,2025-02-26 08:46:19,A,1480
8437,17294,2025-06-08 09:08:22,A,1399
8438,35355,2023-05-03 07:10:24,A,108
8439,34913,2024-02-08 19:11:42,A,572
8440,7077,2024-04-02 02:03:25,A,807
8441,28141,2024-05-28 17:13:48,A,493
8442,24377,2024-08-15 08:56:07,A,1038
8443,13048,2024-09-29 17:26:37,A,234
8444,24658,2025-09-14 15:25:45,A,867
8445,11559,2023-06-23 03:46:05,A,309
8446,32959,2023-10-13 00:55:16,A,560
8447,20763,2024-02-19 22:32:56,A,1223
8448,7518,2025-08-24 20:12:59,A,290
8449,12236,2025-08-23 00:30:17,A,477
8450,38717,2025-09-01 16:30:24,A,236
8451,35748,2025-06-26 16:49:20,A,352
8452,7217,2023-08-01 16:44:11,A,681
8453,26738,2024-06-06 02:45:46,A,79
8454,29775,2025-12-09 04:06:20,A,119
8455,27933,2024-03-13 19:57:24,A,1345
8456,26035,2025-03-20 09:30:12,A,889
8457,10979,2023-07-11 20:33:47,A,3
8458,35603,2023-07-31 07:47:04,A,136
8459,29341,2023-12-12 20:08:23,A,382
8460,5291,2025-01-27 09:52:29,A,544
8461,10862,2025-08-26 14:10:49,A,556
8462,16131,2025-08-08 12:57:33,A,459
8463,22872,2025-08-22 14:26:50,A,252
8464,29502,2025-12-04 23:37:40,A,1284
8465,38720,2024-06-30 18:09:07,A,1298
8466,8002,2024-08-16 21:29:07,A,1250
8467,16634,2025-09-10 03:22:14,A,1142
8468,27742,2025-10-27 07:12:41,A,828
8469,13896,2025-07-24 17:21:13,A,1291
8470,29114,2023-04-21 18:47:19,A,1435
8471,22071,2025-01-16 06:04:58,A,1025
8472,17391,2025-09-22 14:23:16,A,827
8473,21559,2023-05-16 01:24:24,A,1500
8474,16068,2023-08-30 07:37:08,A,455
8475,31300,2023-11-01 04:35:16,A,1219
8476,20027,2025-08-31 23:36:30,A,976
8477,28362,2023-03-11 11:07:09,A,1217
8478,33320,2023-05-07 03:48:00,A,958
8479,29334,2025-09-20 10:06:46,A,356
8480,11430,2025-09-14 13:10:19,A,1082
8481,8679,2023-12-16 12:19:05,A,220
8482,22935,2024-05-10 04:21:43,A,757
8483,28528,2023-11-11 10:08:45,A,999
8484,33271,2024-05-25 20:50:53,A,480
8485,12895,2024-11-17 22:37:54,A,387
8486,36240,2023-06-17 08:54:26,A,519
8487,10767,2023-08-01 08:52:56,A,1454
8488,10891,2024-07-04 05:30:08,A,1368
8489,14188,2025-09-29 03:37:19,A,1081
8490,33834,2023-07-02 11:02:51,A,131
8491,33851,2023-07-18 06:07:17,A,710
8492,10209,2024-02-03 11:38:04,A,443
8493,11543,2025-11-25 01:35:43,A,504
8494,18664,2025-11-16 07:42:18,A,97
8495,24032,2023-12-26 07:31:44,A,946
8496,23916,2024-03-22 20:52:30,A,162
8497,21986,2024-05-18 07:34:33,A,1163
8498,29903,2024-10-03 03:21:31,A,1340
8499,17953,2023-05-28 02:20:28,A,211
8500,24429,2023-11-10 01:00:48,A,334
8501,33917,2024-08-01 22:18:02,A,1269
8502,38386,2024-12-09 09:09:26,A,1434
8503,15024,2025-11-28 22:44:15,A,1014
8504,35717,2026-01-04 06:56:02,A,1111
8505,33115,2026-01-18 17:22:48,A,933
8506,12621,2023-09-12 13:02:23,A,773
8507,24303,2023-09-06 11:46:52,A,328
8508,6824,2024-11-10 10:37:06,A,1221
8509,36683,2023-03-17 15:33:29,A,1127
8510,31677,2024-04-21 10:24:40,A,898
8511,18860,2024-07-07 21:16:01,A,1002
8512,35133,2024-06-21 16:39:08,A,1478
8513,8580,2024-11-22 15:55:06,A,84
8514,18226,2024-10-13 19:38:29,A,922
8515,15646,2025-11-05 17:39:26,A,1176
8516,30271,2023-11-22 02:06:07,A,617
8517,37681,2023-07-23 11:36:40,A,942
8518,15891,2023-08-23 13:09:16,A,460
8519,34996,2023-12-26 18:46:52,A,295
8520,11000,2024-02-22 13:22:05,A,982
8521,14035,2024-09-26 09:00:51,A,892
8522,33770,2025-02-18 01:15:27,A,1170
8523,37352,2025-06-04 01:34:40,A,1328
8524,14860,2023-03-21 19:52:38,A,1014
8525,11465,2024-04-11 20:14:21,A,1201
8526,20930,2024-11-27 14:48:49,A,125
8527,36355,2025-07-14 14:55:30,A,1465
8528,7991,2024-02-11 12:42:04,A,957
8529,23197,2025-01-03 08:23:41,A,18
8530,15023,2025-03-18 06:38:53,A,1044
8531,7365,2025-11-06 02:26:28,A,663
8532,23220,2025-04-07 15:35:28,A,1086
8533,12392,2025-10-30 10:14:44,A,1390
8534,39349,2025-12-03 11:30:04,A,641
8535,10641,2023-06-09 17:23:39,A,1039
8536,29385,2023-05-21 22:13:55,A,835
8537,12234,2023-12-23 10:55:46,A,311
8538,33281,2025-04-19 11:37:53,A,729
8539,10719,2024-02-08 05:04:29,A,866
8540,26361,2024-11-15 14:43:48,A,152
8541,37234,2023-06-20 07:29:26,A,70
8542,17718,2024-09-11 20:12:42,A,54
8543,27345,2023-05-14 18:52:56,A,1291
8544,32760,2025-07-12 05:13:04,A,1067
8545,7140,2025-08-21 05:25:20,A,695
8546,24297,2024-01-15 12:08:00,A,317
8547,12168,2024-03-30 03:34:42,A,579
8548,17672,2024-05-12 05:04:38,A,875
8549,23681,2024-10-01 15:11:25,A,912
8550,24827,2025-06-14 10:36:51,A,827
8551,9359,2026-02-21 02:26:17,A,616
8552,26814,2026-04-13 08:22:27,A,980
8553,37053,2023-08-17 13:16:03,A,1366
8554,7297,2023-10-12 20:19:33,A,829
8555,38995,2023-10-14 16:38:31,A,1287
8556,18592,2023-12-17 09:33:58,A,490
8557,28625,2024-05-30 01:31:49,A,608
8558,16598,2025-01-02 01:08:15,A,831
8559,11563,2023-10-31 09:50:32,A,50
8560,27462,2025-03-09 06:09:36,A,974
8561,33977,2025-09-20 06:13:06,A,824
8562,15538,2024-01-14 04:45:59,A,1044
8563,36965,2024-03-06 14:13:20,A,1010
8564,34172,2024-11-19 01:04:17,A,265
8565,20020,2025-08-15 21:45:16,A,1339
8566,22487,2024-04-21 00:07:27,A,169
8567,29883,2024-12-06 16:34:10,A,1491
8568,19232,2025-06-20 17:23:54,A,767
8569,33387,2025-07-06 18:58:40,A,728
8570,28635,2023-04-09 20:21:13,A,261
8571,5695,2023-11-10 21:01:11,A,1183
8572,7394,2023-11-16 19:55:02,A,364
8573,31578,2024-01-19 05:39:38,A,1118
8574,14857,2024-09-24 08:36:22,A,1334
8575,12418,2025-10-05 21:40:33,A,1415
8576,32691,2023-06-21 11:31:13,A,291
8577,15544,2023-08-28 09:20:24,A,1461
8578,19813,2023-11-15 18:24:27,A,826
8579,37344,2024-09-01 17:58:06,A,1371
8580,25402,2024-09-18 15:11:13,A,813
8581,22522,2023-06-29 19:36:01,A,1206
8582,30708,2025-06-24 21:29:29,A,1368
8583,29578,2025-08-29 03:47:12,A,944
8584,13113,2025-10-01 22:06:06,A,1352
8585,9424,2025-11-01 16:19:18,A,1381
8586,31845,2025-12-09 03:42:38,A,385
8587,31118,2026-01-05 02:29:05,A,208
8588,28768,2023-08-05 08:31:39,A,1458
8589,16399,2024-01-23 07:04:01,A,749
8590,31624,2024-02-26 18:39:22,A,1374
8591,11448,2025-08-15 20:17:14,A,894
8592,12682,2026-03-16 01:43:56,A,808
8593,10313,2023-07-21 07:19:33,A,1029
8594,8263,2024-09-26 19:43:58,A,1116
8595,32093,2025-06-12 12:51:58,A,863
8596,8074,2025-08-21 21:51:00,A,777
8597,20880,2025-10-27 17:47:58,A,881
8598,33762,2023-04-08 07:54:55,A,492
8599,33878,2023-11-30 05:43:37,A,527
8600,33496,2024-02-19 05:41:49,A,175
8601,35567,2026-03-19 21:14:27,A,672
8602,28247,2023-12-09 03:54:14,A,392
8603,15523,2026-02-20 06:09:48,A,749
8604,30956,2023-11-04 01:12:18,A,634
8605,4203,2023-12-20 23:58:37,A,212
8606,9581,2025-09-26 16:50:05,A,888
8607,23064,2024-05-22 14:37:29,A,1388
8608,26233,2025-02-08 12:06:01,A,640
8609,24445,2023-11-06 22:22:13,A,458
8610,36721,2025-01-25 15:42:56,A,586
8611,33204,2025-12-08 02:04:01,A,282
8612,18495,2025-11-26 03:07:58,A,164
8613,26607,2023-06-19 00:01:33,A,1069
8614,37593,2023-12-26 12:28:22,A,1479
8615,8992,2024-02-22 10:33:52,A,1353
8616,36000,2024-06-23 03:42:15,A,194
8617,38044,2025-08-21 20:36:55,A,284
8618,29466,2026-01-02 00:57:20,A,32
8619,9725,2023-10-25 22:30:22,A,1288
8620,37616,2025-11-25 14:31:27,A,436
8621,21606,2024-01-29 12:10:47,A,1273
8622,7388,2024-09-28 16:33:07,A,495
8623,30848,2024-11-07 16:05:39,A,912
8624,13335,2025-02-16 23:41:02,A,617
8625,19804,2025-03-22 04:15:23,A,943
8626,11662,2026-02-17 13:13:45,A,1116
8627,16473,2023-06-21 21:32:20,A,385
8628,27320,2023-11-22 17:14:34,A,590
8629,23493,2023-12-18 04:38:46,A,186
8630,31719,2024-12-21 18:17:35,A,1371
8631,34585,2025-08-25 00:27:18,A,745
8632,17387,2026-02-09 14:37:15,A,1345
8633,18321,2023-05-05 23:31:35,A,834
8634,30883,2025-09-13 17:00:41,A,1011
8635,35571,2023-09-13 17:11:14,A,1078
8636,30911,2024-01-14 05:32:06,A,42
8637,15527,2024-08-31 12:41:49,A,921
8638,11824,2025-07-24 03:26:59,A,1015
8639,36839,2026-04-14 03:00:55,A,340
8640,20509,2023-08-31 17:36:54,A,561
8641,25042,2025-10-11 11:58:46,A,1493
8642,36742,2023-09-04 01:06:30,A,830
8643,11393,2024-04-03 09:08:05,A,593
8644,9954,2025-06-26 22:05:50,A,420
8645,9567,2024-04-03 17:21:41,A,43
8646,18725,2024-04-29 20:29:47,A,720
8647,8411,2024-05-17 04:57:57,A,28
8648,19888,2024-12-24 17:09:26,A,737
8649,24416,2025-03-05 10:20:34,A,475
8650,18143,2025-12-17 21:18:35,A,381
8651,3854,2025-03-17 07:07:17,A,1149
8652,30610,2025-04-28 16:51:54,A,361
8653,12006,2024-01-29 03:15:57,A,86
8654,6538,2024-12-23 06:49:37,A,635
8655,18277,2025-02-20 07:11:46,A,1380
8656,23680,2025-01-31 20:27:34,A,1395
8657,34675,2025-07-23 22:44:20,A,1023
8658,9831,2026-02-14 23:45:56,A,728
8659,8073,2023-04-01 17:41:33,A,1222
8660,16270,2023-05-27 01:20:26,A,546
8661,11407,2024-04-08 05:37:41,A,944
8662,28440,2024-12-03 20:14:11,A,450
8663,21972,2023-04-26 20:30:51,A,428
8664,27608,2023-11-15 15:52:47,A,130
8665,27150,2025-02-04 09:58:22,A,1474
8666,13775,2025-01-02 00:24:35,A,517
8667,34810,2025-09-13 23:21:39,A,1128
8668,16912,2024-02-13 16:14:53,A,1168
8669,6895,2024-09-07 00:12:08,A,145
8670,26497,2025-01-27 09:22:05,A,136
8671,38862,2025-09-16 15:15:33,A,847
8672,8128,2025-10-17 02:21:30,A,1498
8673,29521,2024-11-22 11:11:38,A,53
8674,25659,2025-01-16 12:59:24,A,1098
8675,30668,2024-02-28 07:32:39,A,138
8676,15699,2024-04-08 05:17:25,A,1373
8677,38847,2025-04-04 23:28:16,A,1146
8678,8833,2025-11-14 12:21:36,A,1198
8679,32949,2023-06-22 03:54:34,A,1143
8680,8911,2024-02-18 18:15:04,A,411
8681,39438,2025-12-01 00:25:37,A,226
8682,38908,2023-05-09 05:36:33,A,1264
8683,16191,2023-07-31 02:23:18,A,233
8684,16073,2024-02-18 18:55:40,A,62
8685,39149,2024-10-01 20:35:08,A,90
8686,27491,2026-01-03 12:56:15,A,726
8687,26082,2024-02-19 07:46:01,A,231
8688,15521,2024-04-20 13:04:21,A,1292
8689,6641,2025-04-27 09:45:31,A,1372
8690,33895,2023-11-25 23:14:18,A,1143
8691,18271,2024-09-22 01:30:57,A,1347
8692,29863,2023-11-08 05:49:43,A,1315
8693,24711,2024-08-24 23:43:01,A,1305
8694,9999,2024-06-26 02:38:04,A,804
8695,28838,2024-09-28 00:50:09,A,1381
8696,13027,2026-02-12 15:37:30,A,97
8697,12297,2024-02-07 04:24:00,A,1372
8698,38582,2024-09-21 17:26:09,A,239
8699,23381,2023-11-15 09:51:28,A,145
8700,663,2024-03-23 15:50:08,A,132
8701,26210,2024-11-19 19:33:36,A,707
8702,35305,2025-09-24 09:38:27,A,323
8703,27871,2025-08-31 04:20:07,A,940
8704,7289,2023-05-29 09:38:01,A,1369
8705,11681,2024-03-16 12:24:50,A,951
8706,2173,2024-05-23 14:18:36,A,480
8707,36282,2025-08-29 19:17:34,A,703
8708,27323,2023-03-02 22:43:42,A,4
8709,20271,2023-07-06 21:36:59,A,544
8710,9330,2024-06-05 07:10:37,A,915
8711,32727,2024-08-13 08:27:26,A,322
8712,26181,2025-04-01 11:46:58,A,1073
8713,16138,2025-10-09 15:48:52,A,1233
8714,24923,2023-05-17 09:51:00,A,97
8715,32554,2023-06-20 02:46:39,A,1142
8716,24977,2024-02-12 16:58:04,A,1093
8717,16523,2024-01-16 21:50:29,A,1051
8718,22575,2024-08-29 18:22:36,A,1133
8719,11080,2024-10-23 03:14:38,A,1163
8720,30369,2025-10-10 04:54:57,A,1357
8721,23040,2024-05-04 06:55:19,A,266
8722,32339,2024-12-13 06:52:42,A,1051
8723,20827,2025-01-02 08:41:02,A,1459
8724,37728,2023-02-25 19:27:07,A,452
8725,24372,2025-05-14 19:33:11,A,270
8726,38876,2025-11-24 13:15:47,A,144
8727,35136,2025-01-05 04:21:52,A,836
8728,32122,2024-05-28 20:52:19,A,779
8729,17392,2024-03-26 17:25:48,A,224
8730,36526,2024-07-06 04:05:14,A,1099
8731,11470,2024-05-19 12:30:05,A,1006
8732,37104,2023-10-03 20:53:10,A,1047
8733,35242,2024-07-15 09:28:18,A,1079
8734,13866,2024-06-05 03:24:32,A,647
8735,8449,2025-03-11 07:25:12,A,1016
8736,827,2025-04-14 02:05:03,A,512
8737,7465,2025-05-14 18:47:18,A,574
8738,14015,2026-01-25 06:24:19,A,447
8739,20452,2023-03-24 15:23:36,A,1396
8740,14596,2023-07-25 00:55:17,A,988
8741,27487,2024-05-25 13:50:51,A,866
8742,3945,2024-12-06 15:22:45,A,157
8743,24084,2025-12-05 18:49:01,A,549
8744,10944,2023-10-23 06:23:52,A,1108
8745,10482,2025-01-10 05:53:50,A,661
8746,17680,2025-03-21 04:24:11,A,897
8747,32674,2026-01-11 16:26:41,A,1391
8748,20571,2026-01-07 09:12:13,A,758
8749,19828,2024-05-10 22:16:59,A,819
8750,36690,2024-11-19 07:13:27,A,508
8751,32646,2024-11-16 00:10:17,A,613
8752,13589,2024-12-22 00:13:27,A,762
8753,29154,2025-01-26 23:13:22,A,1493
8754,10386,2025-03-09 02:25:10,A,118
8755,26383,2023-04-18 08:39:53,A,1389
8756,11085,2023-11-10 01:17:53,A,775
8757,13040,2024-03-22 18:53:20,A,538
8758,18760,2025-11-25 20:52:29,A,572
8759,18888,2025-11-16 14:02:23,A,345
8760,6994,2026-02-17 19:38:33,A,1076
8761,38421,2023-06-22 17:15:44,A,542
8762,30785,2023-11-24 00:07:40,A,1283
8763,37921,2025-04-17 00:41:39,A,163
8764,11830,2023-12-09 02:25:41,A,175
8765,19106,2024-05-26 09:19:26,A,169
8766,8578,2025-01-29 07:26:44,A,1355
8767,30167,2025-08-04 17:03:22,A,545
8768,25157,2025-09-03 09:50:18,A,1037
8769,39731,2025-12-04 01:06:35,A,1212
8770,30363,2026-01-30 00:19:22,A,343
8771,39776,2023-10-01 05:40:46,A,290
8772,8173,2024-03-30 06:48:48,A,550
8773,32257,2025-04-23 12:50:13,A,866
8774,7404,2026-02-15 10:38:46,A,1285
8775,14960,2023-05-05 22:28:20,A,1145
8776,26902,2023-08-17 16:21:28,A,131
8777,9660,2025-06-29 11:59:01,A,369
8778,34217,2026-02-11 02:29:05,A,601
8779,14138,2025-03-16 07:18:58,A,115
8780,20462,2023-06-27 18:49:42,A,540
8781,26112,2023-10-07 08:04:47,A,927
8782,8272,2024-10-06 07:08:04,A,6
8783,11688,2025-04-10 16:55:12,A,105
8784,35914,2025-11-29 11:09:59,A,88
8785,37933,2026-01-30 04:20:22,A,101
8786,10217,2026-02-05 15:33:56,A,472
8787,23015,2023-10-14 19:12:03,A,1130
8788,9137,2024-02-11 01:38:36,A,569
8789,10010,2023-09-25 09:38:06,A,191
8790,8643,2025-09-04 04:14:34,A,1303
8791,9089,2025-10-12 16:00:51,A,746
8792,22668,2026-04-06 19:16:32,A,1463
8793,26116,2023-10-13 07:20:01,A,1251
8794,25847,2024-03-11 21:37:47,A,1111
8795,31746,2024-04-19 11:12:31,A,680
8796,28455,2024-12-31 07:18:52,A,762
8797,38201,2025-05-22 22:58:10,A,1115
8798,23229,2025-09-13 17:25:35,A,1251
8799,30600,2023-07-31 13:32:35,A,93
8800,27778,2023-12-16 15:55:42,A,1190
8801,35445,2024-05-04 19:33:47,A,4
8802,30510,2024-08-20 23:26:55,A,769
8803,28559,2025-03-09 17:59:59,A,692
8804,17072,2024-05-25 22:18:20,A,1116
8805,7762,2025-08-23 01:12:54,A,246
8806,11605,2026-03-26 11:11:03,A,160
8807,16162,2023-11-30 11:15:09,A,529
8808,16795,2024-11-24 03:59:49,A,1371
8809,22196,2025-07-28 18:10:31,A,1472
8810,8941,2023-06-04 18:46:40,A,873
8811,10854,2024-08-06 08:04:00,A,1098
8812,36132,2025-01-24 15:28:06,A,10
8813,8673,2024-04-29 20:02:55,A,1313
8814,9933,2024-04-27 04:30:43,A,100
8815,26018,2024-11-17 00:42:56,A,1081
8816,16277,2025-02-09 16:37:19,A,1259
8817,35209,2025-01-01 04:00:03,A,1341
8818,37282,2025-06-12 00:53:49,A,1220
8819,12214,2025-08-09 16:33:02,A,745
8820,18073,2024-10-05 12:34:36,A,1390
8821,39095,2025-10-30 00:52:42,A,1160
8822,9428,2024-02-13 10:02:43,A,1203
8823,19622,2025-09-19 01:12:32,A,1274
8824,18684,2025-10-02 08:13:39,A,628
8825,8396,2025-11-29 22:10:51,A,185
8826,24102,2026-02-21 19:37:05,A,710
8827,27062,2026-01-05 05:25:53,A,724
8828,35293,2024-04-26 18:18:23,A,1251
8829,25959,2025-08-06 01:40:56,A,404
8830,6693,2026-01-06 22:54:31,A,179
8831,31443,2026-01-20 22:25:29,A,767
8832,20551,2024-02-28 04:28:26,A,684
8833,21518,2026-01-13 12:46:30,A,1005
8834,12866,2024-02-02 18:37:40,A,116
8835,27052,2024-03-07 18:07:17,A,741
8836,35823,2024-04-14 10:43:16,A,188
8837,34656,2024-07-27 07:22:25,A,390
8838,17873,2025-01-30 23:50:49,A,76
8839,8846,2025-03-25 03:04:32,A,928
8840,8099,2025-04-20 06:44:25,A,667
8841,33059,2025-03-13 20:10:53,A,767
8842,15871,2025-12-17 08:03:01,A,218
8843,28208,2023-03-15 17:48:04,A,525
8844,20956,2023-05-19 14:57:11,A,1145
8845,37860,2024-07-09 13:07:44,A,1155
8846,32000,2026-02-07 21:00:01,A,475
8847,39013,2023-12-23 06:59:38,A,1086
8848,13684,2024-07-14 10:23:25,A,201
8849,33736,2024-10-13 17:00:35,A,1166
8850,22494,2024-10-31 01:33:28,A,893
8851,35236,2023-08-24 07:37:21,A,481
8852,6294,2024-03-14 08:32:30,A,966
8853,31387,2025-03-30 09:16:24,A,930
8854,15854,2025-09-21 15:29:14,A,218
8855,33646,2025-12-23 13:58:01,A,280
8856,17687,2023-08-07 05:14:20,A,924
8857,23974,2024-07-23 13:25:51,A,1071
8858,14121,2023-10-02 11:19:14,A,366
8859,14926,2024-05-22 20:30:32,A,655
8860,11153,2025-04-28 21:40:26,A,966
8861,23278,2025-10-29 10:11:54,A,877
8862,38102,2024-10-21 14:27:39,A,747
8863,29348,2023-06-21 10:01:38,A,624
8864,9689,2024-05-13 05:11:41,A,1221
8865,35995,2025-08-20 09:27:22,A,563
8866,37657,2024-01-28 03:44:39,A,1430
8867,6590,2026-02-16 07:17:04,A,694
8868,19419,2023-08-07 02:41:30,A,520
8869,32568,2024-10-03 12:56:21,A,629
8870,6173,2026-03-27 10:20:00,A,1500
8871,13178,2023-09-28 03:57:55,A,1182
8872,18193,2024-05-15 01:10:37,A,69
8873,15182,2024-06-11 00:10:18,A,567
8874,23049,2024-07-21 21:52:50,A,569
8875,27005,2025-12-18 22:17:30,A,288
8876,30818,2023-09-16 18:30:58,A,585
8877,5694,2023-11-10 05:24:50,A,1234
8878,23492,2024-09-24 14:02:14,A,637
8879,32183,2024-11-26 13:47:46,A,1128
8880,36004,2023-08-06 05:54:54,A,304
8881,10152,2023-10-27 05:14:07,A,160
8882,8279,2023-11-26 09:29:25,A,334
8883,39927,2024-03-07 11:58:16,A,258
8884,10899,2024-05-18 08:08:26,A,940
8885,17423,2025-03-26 11:01:23,A,454
8886,31785,2023-09-06 12:49:41,A,912
8887,16970,2025-08-05 23:52:27,A,203
8888,20836,2025-09-18 03:10:17,A,518
8889,6862,2024-01-15 01:12:55,A,262
8890,37169,2024-11-24 08:41:43,A,1435
8891,16987,2025-02-12 21:05:53,A,868
8892,38911,2024-03-07 11:07:51,A,878
8893,20087,2024-11-22 22:26:08,A,375
8894,14836,2023-11-14 06:45:58,A,413
8895,31849,2024-02-01 00:42:19,A,931
8896,22569,2024-02-25 00:43:19,A,609
8897,8474,2024-09-20 22:41:09,A,803
8898,14489,2025-05-16 17:35:41,A,80
8899,26781,2025-06-23 12:41:30,A,588
8900,18997,2025-12-14 02:27:32,A,533
8901,26833,2023-08-28 06:17:32,A,723
8902,9666,2025-03-19 03:15:23,A,609
8903,30297,2025-01-15 18:01:57,A,714
8904,29309,2023-10-23 18:37:13,A,403
8905,29622,2023-11-10 18:36:14,A,666
8906,39760,2024-02-10 05:26:01,A,903
8907,25464,2024-11-18 05:15:43,A,752
8908,22802,2025-07-25 10:18:48,A,978
8909,34839,2024-04-20 22:52:07,A,517
8910,30858,2024-06-21 23:48:08,A,1097
8911,21306,2025-01-30 02:56:33,A,489
8912,27200,2025-03-11 00:50:34,A,1494
8913,9912,2025-04-07 00:50:00,A,1440
8914,14469,2025-05-01 11:33:57,A,12
8915,16726,2023-05-20 03:26:53,A,495
8916,28746,2023-12-10 18:44:52,A,532
8917,6409,2024-05-04 23:04:44,A,756
8918,31542,2025-03-29 08:30:34,A,505
8919,30221,2023-07-05 14:37:08,A,1046
8920,12615,2024-01-08 02:12:05,A,891
8921,39097,2024-01-22 13:20:32,A,644
8922,34078,2025-10-25 01:01:37,A,785
8923,20223,2025-12-30 08:56:03,A,1317
8924,34309,2026-03-28 00:36:06,A,137
8925,25394,2023-04-15 17:11:52,A,498
8926,39627,2023-06-04 13:27:09,A,1213
8927,38625,2024-09-18 23:48:30,A,592
8928,23547,2025-08-02 03:33:08,A,371
8929,24138,2023-02-14 12:28:30,A,349
8930,23346,2024-07-22 00:27:47,A,233
8931,29250,2024-07-27 11:02:26,A,1057
8932,32074,2025-12-19 21:53:08,A,859
8933,36659,2023-09-15 23:02:45,A,529
8934,10425,2023-10-01 06:02:48,A,499
8935,27523,2023-11-04 17:46:44,A,740
8936,28875,2024-03-24 22:28:06,A,458
8937,8737,2024-06-30 08:42:23,A,1200
8938,6478,2023-05-16 23:11:51,A,758
8939,36028,2024-04-30 19:12:14,A,1080
8940,15645,2025-04-30 11:27:06,A,516
8941,13886,2025-08-18 17:24:37,A,144
8942,38645,2023-11-09 06:38:54,A,468
8943,16032,2024-07-01 05:42:09,A,356
8944,890,2023-11-29 15:07:41,A,741
8945,29606,2026-01-03 18:16:17,A,798
8946,2196,2026-01-23 10:05:50,A,622
8947,39969,2024-01-06 18:49:49,A,775
8948,27488,2024-07-13 19:40:41,A,43
8949,12888,2024-12-22 07:38:03,A,1030
8950,31279,2025-09-09 17:40:39,A,989
8951,38702,2025-10-10 04:55:54,A,321
8952,887,2026-04-04 00:28:39,A,637
8953,36491,2023-12-28 13:58:12,A,1450
8954,24677,2025-01-11 14:32:41,A,246
8955,38997,2025-10-23 14:37:23,A,306
8956,27884,2024-07-07 17:58:46,A,468
8957,26041,2025-05-07 03:20:13,A,1081
8958,16483,2023-09-25 20:00:35,A,1048
8959,33010,2025-09-01 03:19:35,A,372
8960,8569,2025-03-12 13:36:11,A,1197
8961,25286,2024-06-20 06:26:14,A,616
8962,28574,2024-07-03 02:31:04,A,1342
8963,8149,2024-12-03 21:37:42,A,1326
8964,16995,2025-09-01 08:56:33,A,468
8965,12579,2025-10-17 05:42:37,A,576
8966,27512,2026-01-09 19:13:03,A,1180
8967,9315,2026-01-22 17:22:45,A,1177
8968,23434,2023-05-14 06:11:29,A,1144
8969,23412,2023-05-14 14:40:39,A,1478
8970,31482,2023-08-26 17:14:56,A,664
8971,33781,2025-10-21 18:26:41,A,140
8972,10423,2026-01-22 06:37:00,A,522
8973,23606,2023-04-25 15:37:25,A,571
8974,17106,2025-03-03 09:34:08,A,516
8975,37837,2024-01-22 13:25:36,A,384
8976,23903,2025-07-10 22:21:01,A,842
8977,30084,2024-07-11 20:29:37,A,1345
8978,35033,2025-02-07 02:52:37,A,25
8979,38889,2024-05-15 22:44:21,A,468
8980,36764,2024-09-02 23:57:56,A,455
8981,21655,2025-03-02 02:25:22,A,1408
8982,24161,2023-03-22 16:15:53,A,295
8983,37223,2026-04-01 16:58:48,A,1081
8984,28610,2023-10-06 04:52:40,A,1378
8985,23453,2024-04-11 00:12:45,A,1143
8986,36512,2024-07-21 09:41:08,A,587
8987,12157,2026-01-30 09:55:06,A,1155
8988,39867,2023-09-17 09:42:52,A,1370
8989,15531,2024-12-30 17:52:44,A,79
8990,25457,2025-07-05 01:52:18,A,36
8991,13431,2025-08-20 08:45:19,A,1065
8992,36533,2023-12-31 17:08:23,A,522
8993,8430,2025-05-13 13:14:25,A,1380
8994,30939,2023-11-13 17:41:10,A,490
8995,28854,2024-04-13 13:09:03,A,1221
8996,15828,2024-12-06 19:30:14,A,162
8997,36943,2024-11-24 10:18:22,A,945
8998,9415,2025-06-25 06:09:40,A,1496
8999,9886,2024-09-08 04:33:39,A,738
9000,36775,2025-01-13 19:23:39,A,235
9001,37583,2025-02-19 08:25:02,A,578
9002,24485,2023-11-17 09:35:29,A,590
9003,31614,2024-11-07 12:40:11,A,1291
9004,34475,2025-12-07 22:04:22,A,1238
9005,17775,2023-10-10 05:18:27,A,1290
9006,32824,2024-01-03 18:28:35,A,543
9007,14646,2023-12-28 05:20:33,A,951
9008,16842,2025-06-05 12:44:22,A,498
9009,32555,2023-03-21 02:02:47,A,364
9010,10708,2024-03-08 11:33:47,A,760
9011,21469,2024-06-27 20:13:57,A,1157
9012,38603,2026-01-01 10:01:49,A,907
9013,33053,2024-05-21 17:52:16,A,288
9014,6281,2024-07-28 08:32:39,A,1016
9015,7464,2024-08-14 09:30:40,A,506
9016,38299,2024-12-08 03:30:48,A,1441
9017,17222,2025-01-04 06:19:52,A,836
9018,28971,2025-06-05 00:31:56,A,1196
9019,8142,2025-09-21 15:54:37,A,1369
9020,10828,2026-03-03 00:52:00,A,297
9021,11601,2023-10-31 10:55:50,A,1279
9022,28075,2025-05-02 16:25:28,A,724
9023,23882,2025-11-26 13:48:07,A,1
9024,10910,2025-04-06 22:28:03,A,22
9025,33630,2023-08-14 12:19:46,A,180
9026,16717,2024-09-20 03:45:13,A,1331
9027,8093,2025-05-31 04:34:33,A,266
9028,7141,2023-07-16 17:26:23,A,1480
9029,35988,2023-11-15 05:00:11,A,36
9030,28773,2023-12-10 01:11:51,A,639
9031,36076,2024-09-01 16:18:31,A,596
9032,27552,2025-04-18 19:54:58,A,128
9033,26492,2025-10-28 09:43:45,A,643
9034,7091,2026-03-06 07:41:07,A,205
9035,22139,2024-05-02 08:01:37,A,1022
9036,39525,2025-05-05 09:20:41,A,13
9037,11144,2026-01-02 05:50:31,A,1258
9038,33529,2023-05-04 01:32:49,A,420
9039,33702,2023-05-16 06:06:35,A,341
9040,29148,2025-05-15 13:59:51,A,518
9041,9741,2025-06-01 16:47:52,A,1057
9042,39728,2025-12-24 10:41:43,A,806
9043,12407,2023-09-03 15:48:42,A,1463
9044,36540,2024-08-17 05:11:56,A,1474
9045,12844,2025-09-23 21:56:03,A,1022
9046,29413,2023-06-27 13:59:43,A,312
9047,8224,2024-05-05 10:27:40,A,424
9048,26092,2024-07-26 01:10:38,A,455
9049,39036,2025-05-07 09:54:16,A,176
9050,34683,2025-01-29 20:04:10,A,1377
9051,28513,2025-05-03 03:24:35,A,1322
9052,20467,2026-03-15 10:34:32,A,501
9053,14825,2026-03-30 21:48:11,A,7
9054,21573,2023-09-04 20:25:38,A,852
9055,13908,2023-08-11 16:17:58,A,1497
9056,22852,2025-05-22 17:13:29,A,122
9057,23589,2023-06-26 20:28:48,A,854
9058,34036,2023-08-23 03:05:36,A,787
9059,12850,2024-02-16 17:34:14,A,361
9060,38949,2024-04-28 20:08:19,A,106
9061,16496,2025-03-06 11:29:31,A,1490
9062,16437,2025-07-28 14:55:35,A,941
9063,6823,2024-08-31 07:29:31,A,1306
9064,30023,2025-11-12 19:34:58,A,463
9065,5879,2024-02-21 01:31:08,A,166
9066,20588,2024-04-07 02:08:30,A,798
9067,31721,2025-05-04 13:41:10,A,1057
9068,27053,2025-09-14 04:59:10,A,701
9069,13239,2023-03-18 17:48:04,A,1294
9070,32796,2023-11-16 14:12:38,A,1353
9071,7026,2024-03-26 15:40:49,A,428
9072,33006,2025-07-02 23:14:10,A,834
9073,21997,2023-11-29 23:32:02,A,871
9074,27455,2025-02-01 03:21:33,A,928
9075,20332,2025-01-11 21:02:58,A,1158
9076,13471,2024-02-06 01:16:50,A,744
9077,29996,2024-11-12 09:40:00,A,1221
9078,37208,2025-07-12 23:39:41,A,1325
9079,29363,2024-03-24 08:26:13,A,463
9080,36568,2024-10-06 17:35:20,A,1425
9081,11798,2023-03-15 11:25:43,A,257
9082,26960,2023-03-22 21:37:30,A,1086
9083,11090,2023-11-13 11:22:37,A,468
9084,30306,2023-05-09 02:24:55,A,670
9085,29400,2024-11-15 21:48:27,A,1322
9086,30625,2025-06-07 13:09:16,A,232
9087,341,2025-06-14 02:51:56,A,572
9088,31944,2025-07-13 21:26:02,A,795
9089,18801,2024-03-13 12:25:07,A,371
9090,38345,2024-06-17 00:15:23,A,48
9091,38473,2024-04-28 14:42:29,A,531
9092,14754,2024-08-11 19:34:18,A,1300
9093,2891,2026-02-03 14:26:01,A,942
9094,10399,2025-01-20 08:54:06,A,629
9095,19471,2025-06-29 11:37:22,A,79
9096,37401,2025-07-03 05:13:30,A,1354
9097,35035,2025-07-26 15:31:29,A,797
9098,3483,2026-01-18 14:15:04,A,396
9099,22394,2023-11-24 21:46:36,A,131
9100,31087,2025-05-24 21:09:35,A,1072
9101,16045,2023-08-06 02:39:55,A,594
9102,32269,2023-12-23 01:45:07,A,1271
9103,34532,2023-03-27 05:17:39,A,1126
9104,8797,2024-08-16 14:35:21,A,1255
9105,27956,2025-11-22 21:49:49,A,242
9106,17301,2025-11-07 20:44:53,A,679
9107,35760,2025-12-05 10:48:28,A,901
9108,7476,2024-05-26 11:24:35,A,1159
9109,20608,2024-08-13 01:06:50,A,1322
9110,27213,2024-11-04 02:02:30,A,1041
9111,9854,2024-10-28 03:30:53,A,631
9112,15506,2024-12-05 21:47:59,A,529
9113,29247,2025-12-16 05:26:25,A,172
9114,29060,2023-06-19 09:14:52,A,912
9115,15281,2024-04-30 06:39:14,A,665
9116,8947,2024-10-13 18:47:03,A,184
9117,7139,2024-11-15 06:00:15,A,259
9118,37313,2025-05-08 18:08:16,A,264
9119,23213,2023-09-23 19:10:06,A,987
9120,13635,2025-11-04 09:45:59,A,1047
9121,28480,2026-01-18 15:05:28,A,39
9122,36356,2023-11-25 05:24:29,A,1486
9123,25113,2025-07-07 20:55:15,A,1376
9124,13586,2024-06-28 04:38:11,A,783
9125,30860,2024-11-17 01:07:40,A,31
9126,31949,2025-01-20 07:26:20,A,1207
9127,12550,2024-12-31 16:50:08,A,491
9128,17638,2026-02-03 16:55:16,A,199
9129,24560,2023-02-27 05:25:45,A,385
9130,6725,2023-05-16 23:41:43,A,1067
9131,31606,2026-01-28 11:05:49,A,1195
9132,17456,2023-08-28 17:34:00,A,935
9133,7125,2024-09-24 04:11:18,A,208
9134,22902,2023-06-26 06:24:24,A,568
9135,26748,2023-09-05 04:31:27,A,54
9136,12576,2025-04-26 21:10:15,A,1154
9137,26760,2024-11-22 05:14:04,A,1300
9138,32608,2025-10-27 13:51:52,A,731
9139,19223,2023-10-06 06:24:49,A,1151
9140,11296,2023-12-09 05:33:53,A,536
9141,34749,2024-01-10 02:03:57,A,589
9142,37525,2024-11-18 00:02:07,A,688
9143,35274,2025-02-17 22:05:12,A,840
9144,14621,2023-10-31 05:37:20,A,1002
9145,38936,2024-02-25 03:58:44,A,1184
9146,13968,2024-06-30 23:10:00,A,138
9147,14436,2023-11-15 09:21:29,A,775
9148,23020,2024-04-04 19:26:22,A,965
9149,22103,2024-03-09 06:29:08,A,506
9150,14555,2023-10-10 10:51:13,A,1411
9151,16076,2023-05-13 22:38:43,A,101
9152,32454,2023-10-29 22:24:45,A,893
9153,7865,2025-08-12 16:41:23,A,176
9154,34310,2023-06-26 19:42:53,A,1051
9155,32864,2024-08-06 01:18:33,A,338
9156,22981,2026-03-19 03:12:52,A,1193
9157,21779,2023-10-13 23:44:42,A,1017
9158,12706,2025-03-14 04:15:40,A,1010
9159,28379,2025-10-24 20:34:26,A,1192
9160,10894,2024-10-15 02:03:49,A,35
9161,19701,2025-05-09 06:07:07,A,1073
9162,10390,2023-11-25 16:23:25,A,973
9163,13312,2024-05-27 06:09:06,A,1037
9164,30147,2026-01-12 10:08:37,A,563
9165,11816,2023-05-09 11:51:45,A,1023
9166,24931,2023-04-29 23:42:41,A,709
9167,37488,2024-09-12 01:10:10,A,881
9168,23382,2025-04-25 14:38:17,A,431
9169,29776,2025-05-26 22:28:10,A,388
9170,39275,2024-10-10 06:43:50,A,989
9171,35861,2024-10-29 06:08:59,A,1436
9172,11324,2024-10-05 03:38:43,A,1077
9173,1197,2025-03-24 16:18:08,A,639
9174,25364,2025-07-02 02:43:40,A,1132
9175,10274,2026-02-24 18:01:06,A,1486
9176,20245,2023-10-18 15:32:21,A,1499
9177,6350,2025-09-16 09:04:29,A,933
9178,34306,2023-11-22 10:23:56,A,1357
9179,37618,2026-01-14 04:28:40,A,1394
9180,13058,2023-11-02 12:07:38,A,219
9181,34699,2024-10-06 10:39:40,A,904
9182,9827,2024-01-05 12:42:39,A,592
9183,31859,2025-11-26 07:04:33,A,55
9184,22705,2023-07-05 05:28:15,A,1346
9185,3853,2024-03-07 00:18:55,A,128
9186,21712,2025-12-01 11:09:30,A,572
9187,37846,2024-01-01 02:14:28,A,511
9188,8135,2024-02-09 10:43:07,A,1274
9189,6579,2024-10-22 15:39:42,A,151
9190,32532,2026-01-02 02:10:58,A,831
9191,22915,2023-05-05 01:39:56,A,1074
9192,18432,2025-01-29 02:31:41,A,276
9193,12540,2025-04-24 03:18:39,A,1264
9194,11120,2023-05-26 20:53:50,A,1020
9195,32877,2023-12-29 01:52:22,A,1275
9196,6847,2024-01-17 07:38:01,A,1353
9197,16674,2024-07-01 05:24:19,A,573
9198,30629,2025-02-04 04:48:06,A,12
9199,9476,2025-10-19 23:32:45,A,930
9200,38286,2023-06-25 19:17:59,A,1356
9201,36168,2025-02-08 13:28:57,A,1123
9202,23099,2026-02-17 21:01:01,A,313
9203,21365,2024-03-12 16:09:21,A,996
9204,10008,2024-11-11 07:02:23,A,193
9205,16079,2026-01-16 18:41:16,A,569
9206,12005,2024-06-22 17:34:18,A,1243
9207,21310,2025-07-25 23:15:19,A,251
9208,37342,2023-04-23 18:35:20,A,388
9209,28436,2023-06-14 02:13:00,A,370
9210,25337,2024-11-22 00:25:45,A,318
9211,38025,2025-01-01 14:22:42,A,1154
9212,5369,2025-02-05 11:13:23,A,1245
9213,10091,2026-01-16 19:45:50,A,56
9214,23466,2024-11-10 01:31:44,A,1208
9215,34096,2025-12-23 20:04:57,A,751
9216,43,2024-10-20 22:11:31,A,663
9217,29255,2023-08-27 20:10:24,A,739
9218,38156,2023-12-21 05:51:45,A,322
9219,36783,2024-07-26 20:08:49,A,678
9220,19816,2024-07-09 14:24:45,A,1180
9221,7966,2025-01-09 08:43:47,A,1411
9222,15650,2025-08-21 21:40:50,A,1010
9223,14582,2023-08-30 15:50:57,A,867
9224,16591,2024-01-21 17:07:47,A,1026
9225,38734,2024-04-23 22:37:35,A,1420
9226,32807,2024-11-11 12:51:52,A,1285
9227,36253,2025-08-14 01:49:04,A,319
9228,13393,2023-12-21 11:37:22,A,1337
9229,16445,2024-09-30 15:03:47,A,220
9230,28792,2026-01-04 09:00:18,A,290
9231,25404,2026-01-01 21:14:15,A,555
9232,34510,2023-06-08 23:20:14,A,301
9233,13196,2023-08-17 05:51:30,A,920
9234,39911,2023-11-12 18:49:41,A,1480
9235,17514,2024-04-17 19:08:55,A,781
9236,27584,2025-01-24 23:22:25,A,1201
9237,7721,2025-06-11 05:42:39,A,724
9238,22378,2025-08-22 12:48:39,A,1080
9239,29314,2023-05-05 02:16:35,A,808
9240,11520,2023-02-27 23:52:30,A,352
9241,26024,2023-05-09 16:27:02,A,1068
9242,10830,2023-07-31 13:18:55,A,1003
9243,14975,2024-07-24 03:45:50,A,1199
9244,2472,2025-08-07 01:26:51,A,1379
9245,18375,2025-11-10 04:12:01,A,1246
9246,18429,2025-11-12 10:25:02,A,1425
9247,33579,2023-04-15 07:09:06,A,961
9248,14051,2024-07-23 16:33:46,A,369
9249,6367,2025-05-24 18:58:17,A,608
9250,10976,2023-08-15 05:30:39,A,407
9251,20119,2025-02-04 20:56:31,A,649
9252,39306,2024-10-10 18:02:56,A,269
9253,23192,2024-08-19 06:04:59,A,1273
9254,25188,2024-11-13 20:35:30,A,120
9255,21553,2025-01-17 10:24:43,A,325
9256,21355,2023-05-14 08:10:47,A,715
9257,25184,2024-09-24 02:28:39,A,389
9258,25461,2025-01-04 20:55:59,A,192
9259,14058,2025-11-19 00:55:01,A,596
9260,35450,2023-10-04 15:41:50,A,634
9261,9737,2023-12-13 17:06:10,A,363
9262,34110,2023-11-12 16:10:50,A,125
9263,17666,2024-04-29 15:21:04,A,117
9264,7239,2025-05-05 23:34:29,A,1165
9265,14744,2025-07-25 03:40:08,A,659
9266,27399,2025-11-07 04:09:31,A,1403
9267,24457,2025-12-22 00:49:17,A,1192
9268,14787,2023-07-18 23:00:09,A,547
9269,20278,2025-05-17 06:46:45,A,536
9270,11371,2023-11-06 14:37:47,A,539
9271,10442,2024-07-23 20:48:38,A,668
9272,11209,2025-05-22 01:17:49,A,1273
9273,20820,2025-08-26 03:29:22,A,779
9274,26007,2025-10-19 12:57:40,A,494
9275,24867,2023-07-17 20:11:57,A,1366
9276,7137,2024-02-23 04:16:12,A,984
9277,12893,2024-08-14 15:32:33,A,187
9278,3170,2026-01-04 16:12:17,A,1264
9279,34625,2026-02-12 12:05:54,A,823
9280,7181,2024-06-17 13:36:32,A,1342
9281,8969,2025-05-26 07:40:12,A,916
9282,14909,2025-12-09 02:33:24,A,1300
9283,33307,2023-11-11 08:38:06,A,1086
9284,8658,2025-03-17 21:47:20,A,403
9285,37754,2026-03-20 14:53:18,A,744
9286,25195,2023-04-15 14:44:48,A,974
9287,24637,2025-06-22 00:54:18,A,371
9288,11490,2025-11-29 14:16:29,A,338
9289,16491,2024-01-08 17:27:18,A,205
9290,35782,2026-01-12 13:42:04,A,136
9291,32204,2023-05-11 04:08:08,A,1130
9292,49,2024-03-26 07:35:42,A,1296
9293,10105,2024-07-18 12:07:11,A,1080
9294,8614,2025-02-04 06:00:49,A,164
9295,31549,2025-07-16 18:28:24,A,601
9296,24140,2025-04-05 15:22:09,A,746
9297,12750,2025-09-20 11:09:14,A,338
9298,10999,2026-02-13 05:23:39,A,509
9299,38607,2023-11-08 17:22:08,A,634
9300,23975,2024-11-13 05:05:51,A,442
9301,33167,2026-01-29 10:03:21,A,336
9302,12610,2026-01-06 19:29:46,A,984
9303,8245,2026-03-24 14:28:48,A,992
9304,12280,2023-06-05 00:46:25,A,40
9305,18399,2024-07-15 03:15:57,A,627
9306,25601,2025-11-06 11:20:47,A,678
9307,27331,2025-10-04 01:12:18,A,935
9308,24579,2024-10-04 06:30:36,A,890
9309,18268,2025-01-31 13:43:06,A,426
9310,13719,2024-08-18 14:21:03,A,130
9311,1355,2025-09-19 10:23:36,A,1440
9312,25051,2025-08-23 22:34:44,A,844
9313,21247,2024-07-21 22:08:55,A,97
9314,6814,2024-10-10 03:21:52,A,944
9315,17555,2025-01-15 21:30:44,A,363
9316,31093,2024-11-03 08:51:52,A,907
9317,4180,2025-02-13 09:00:50,A,753
9318,31700,2025-10-28 20:15:58,A,989
9319,238,2023-08-04 12:04:11,A,1201
9320,12464,2023-08-14 19:07:25,A,289
9321,18804,2023-12-15 17:26:45,A,872
9322,21889,2024-01-29 20:00:13,A,1488
9323,29701,2024-08-22 23:07:24,A,897
9324,17684,2025-03-31 23:44:25,A,1103
9325,884,2023-03-16 06:43:45,A,1467
9326,22525,2024-10-31 18:47:36,A,915
9327,1631,2025-01-25 22:30:45,A,435
9328,34426,2026-01-09 19:57:15,A,1275
9329,24512,2025-02-17 01:13:32,A,107
9330,39780,2025-08-12 21:10:35,A,722
9331,885,2023-06-26 21:20:20,A,1269
9332,2080,2024-01-15 19:49:55,A,123
9333,17328,2024-06-06 01:00:06,A,1496
9334,26548,2025-12-23 04:18:35,A,410
9335,25313,2023-09-30 06:34:11,A,1494
9336,9226,2024-11-26 02:18:25,A,933
9337,21229,2025-06-05 10:56:49,A,411
9338,7790,2024-01-24 06:22:45,A,811
9339,2339,2024-05-04 16:06:13,A,266
9340,38378,2024-08-02 01:37:38,A,1323
9341,30562,2025-03-01 17:25:38,A,1279
9342,29016,2025-09-06 22:28:56,A,97
9343,11568,2023-09-12 12:40:49,A,1302
9344,18178,2023-12-12 12:43:45,A,702
9345,16741,2024-09-25 02:40:09,A,1382
9346,1155,2025-08-14 04:57:04,A,567
9347,17859,2026-01-23 22:03:50,A,661
9348,38231,2023-07-12 09:09:15,A,216
9349,26441,2025-07-14 19:33:37,A,964
9350,32641,2023-05-15 06:18:11,A,1180
9351,15350,2024-10-29 06:45:51,A,1098
9352,31875,2025-02-18 19:15:32,A,735
9353,16937,2024-06-17 22:11:59,A,1336
9354,24111,2024-06-24 07:17:23,A,287
9355,31546,2024-12-13 20:01:51,A,447
9356,20802,2025-05-17 07:28:05,A,60
9357,27473,2023-04-29 17:38:17,A,176
9358,9662,2023-10-07 15:22:27,A,385
9359,13535,2024-12-22 14:28:38,A,787
9360,6334,2024-03-22 23:59:37,A,776
9361,15004,2024-07-22 08:24:41,A,451
9362,20602,2024-05-17 19:58:19,A,91
9363,23854,2023-04-14 19:16:54,A,808
9364,5299,2026-01-31 19:03:35,A,219
9365,18444,2024-02-15 16:55:55,A,811
9366,33129,2025-03-17 06:46:17,A,1306
9367,36910,2025-07-30 02:24:09,A,1034
9368,28593,2026-02-17 06:21:56,A,5
9369,35664,2023-05-27 23:23:06,A,1071
9370,14332,2024-04-01 18:22:22,A,1483
9371,2679,2025-04-19 18:31:40,A,851
9372,9013,2023-10-15 05:41:53,A,1353
9373,11325,2024-04-28 15:51:04,A,1463
9374,7225,2025-04-02 02:43:00,A,195
9375,26158,2024-08-19 11:28:10,A,870
9376,12960,2024-05-28 18:59:35,A,1122
9377,14367,2024-10-19 17:34:43,A,1159
9378,5330,2025-12-11 00:41:27,A,622
9379,3828,2025-12-11 23:24:17,A,861
9380,2187,2023-10-21 09:10:46,A,357
9381,21930,2024-09-06 04:58:31,A,1425
9382,9694,2025-06-03 18:52:33,A,344
9383,17692,2023-09-04 10:59:48,A,1131
9384,18978,2023-10-04 00:58:25,A,18
9385,12051,2024-02-15 11:52:14,A,199
9386,34087,2024-08-04 13:24:56,A,640
9387,33550,2025-04-24 21:28:09,A,1451
9388,31138,2023-05-23 16:58:36,A,408
9389,14009,2025-02-08 02:33:56,A,990
9390,29729,2025-05-16 00:11:10,A,1394
9391,5991,2026-01-21 10:28:55,A,527
9392,34444,2026-02-08 03:11:28,A,575
9393,13828,2025-06-23 23:52:09,A,1008
9394,32009,2025-12-26 01:28:03,A,1330
9395,36438,2023-02-09 19:05:11,A,465
9396,32342,2023-07-10 20:59:10,A,1193
9397,1638,2024-09-26 01:54:59,A,886
9398,18509,2023-08-16 00:47:05,A,232
9399,2257,2023-10-12 22:17:56,A,60
9400,37219,2026-02-28 12:41:08,A,1416
9401,22901,2023-09-25 14:48:03,A,1261
9402,2077,2023-09-22 13:49:45,A,1161
9403,7717,2024-10-13 19:30:04,A,3
9404,38791,2023-05-19 17:33:13,A,137
9405,7896,2024-01-12 23:58:11,A,344
9406,8691,2024-08-15 23:23:38,A,573
9407,33880,2025-05-14 11:56:57,A,448
9408,7246,2023-03-20 15:31:46,A,915
9409,3196,2023-06-17 06:22:55,A,982
9410,1523,2024-05-12 07:03:27,A,1353
9411,23455,2024-08-16 15:55:32,A,1095
9412,3232,2026-02-25 14:05:08,A,96
9413,12973,2023-04-25 09:48:34,A,589
9414,18363,2023-10-19 16:57:51,A,1342
9415,15056,2025-05-27 19:20:57,A,416
9416,8160,2025-09-30 23:12:49,A,1483
9417,24836,2023-07-06 17:55:08,A,610
9418,6289,2025-05-08 02:42:57,A,886
9419,11155,2023-06-21 03:30:08,A,1136
9420,23217,2023-08-05 14:23:09,A,1013
9421,39573,2024-08-18 06:46:28,A,689
9422,12246,2024-12-07 23:46:20,A,393
9423,26027,2025-05-08 03:42:13,A,1131
9424,28432,2025-05-08 05:16:58,A,941
9425,14842,2025-11-20 19:51:30,A,1303
9426,37948,2023-08-21 23:27:59,A,960
9427,1434,2024-10-09 03:20:45,A,1041
9428,831,2025-10-29 10:27:21,A,350
9429,1448,2025-01-15 10:11:39,A,1194
9430,624,2024-12-24 05:47:45,A,1423
9431,12690,2023-05-03 16:40:45,A,1074
9432,26067,2025-11-06 00:41:44,A,354
9433,3236,2024-01-04 04:46:13,A,181
9434,12518,2024-02-18 11:11:36,A,431
9435,30770,2024-10-11 14:04:06,A,701
9436,630,2024-12-17 12:01:12,A,430
9437,5004,2025-06-14 10:08:23,A,1400
9438,1433,2023-08-16 03:30:57,A,1154
9439,37004,2023-12-22 23:07:34,A,1312
9440,5306,2024-07-28 21:55:16,A,522
9441,3477,2024-09-25 09:49:19,A,692
9442,36571,2023-07-06 15:01:10,A,1152
9443,13415,2025-11-01 07:52:18,A,1374
9444,3478,2026-01-24 16:16:56,A,380
9445,15662,2023-08-18 13:33:12,A,1342
9446,242,2024-12-08 11:02:26,A,1357
9447,38589,2024-12-15 00:05:24,A,512
9448,628,2023-06-16 04:51:35,A,1012
9449,6301,2024-03-30 11:35:36,A,1478
9450,13567,2024-05-20 01:57:38,A,1111
9451,30822,2025-04-17 11:54:16,A,1028
9452,19949,2025-10-22 08:10:47,A,667
9453,3472,2023-08-25 05:03:48,A,438
9454,14658,2023-11-03 17:38:01,A,1380
9455,632,2024-03-15 14:13:51,A,644
9456,21043,2024-11-04 20:33:40,A,1165
9457,29070,2025-01-09 07:05:58,A,1323
9458,14869,2025-01-17 20:20:01,A,804
9459,3469,2025-03-24 19:22:36,A,392
9460,1021,2024-03-07 00:57:16,A,1409
9461,4517,2025-03-23 17:47:56,A,1483
9462,23774,2025-06-16 00:00:43,A,1366
9463,2191,2025-11-02 21:11:20,A,1374
9464,21088,2024-02-28 02:40:20,A,362
9465,5415,2026-02-21 07:08:51,A,380
9466,27599,2023-09-30 12:10:21,A,373
9467,8154,2023-12-20 00:11:34,A,1468
9468,3501,2024-08-21 18:26:51,A,1472
9469,30292,2025-06-27 20:22:09,A,525
9470,4646,2025-07-25 11:15:23,A,1046
9471,34317,2026-01-09 22:26:47,A,793
9472,6958,2023-06-14 02:53:34,A,468
9473,33291,2023-08-10 19:59:55,A,378
9474,11705,2023-05-04 18:16:21,A,610
9475,19409,2025-09-01 17:30:00,A,466
9476,31486,2024-02-05 21:39:31,A,1091
9477,10697,2024-02-02 22:18:05,A,579
9478,4122,2025-01-11 21:57:03,A,900
9479,8826,2025-07-21 00:02:40,A,254
9480,33931,2023-07-16 06:29:18,A,44
9481,2092,2024-12-10 07:41:50,A,950
9482,32129,2025-06-02 13:53:54,A,812
9483,5138,2025-10-14 19:59:31,A,247
9484,3642,2023-04-26 01:01:50,A,1198
9485,38400,2024-06-09 07:37:19,A,1123
9486,20018,2026-03-13 19:21:05,A,1383
9487,4649,2023-09-27 23:06:53,A,1149
9488,2082,2024-10-30 06:26:51,A,1029
9489,19563,2025-03-13 12:04:55,A,442
9490,11725,2023-08-02 13:06:17,A,398
9491,27330,2024-09-16 21:15:54,A,646
9492,2079,2025-10-27 17:42:01,A,958
9493,354,2023-10-21 13:07:07,A,618
9494,12795,2025-06-05 12:50:48,A,1243
9495,29590,2023-07-19 19:44:35,A,34
9496,11529,2023-10-05 03:52:28,A,1456
9497,7605,2024-05-31 17:25:12,A,462
9498,26598,2025-02-23 01:22:20,A,1
9499,19249,2025-06-27 23:15:29,A,1388
9500,38332,2025-07-02 10:24:29,A,461
9501,4712,2023-06-05 19:00:58,A,932
9502,26365,2025-10-27 23:20:25,A,421
9503,22271,2025-12-12 04:43:04,A,723
9504,28814,2023-05-21 02:46:41,A,1172
9505,30406,2024-07-29 13:45:02,A,778
9506,27688,2025-05-23 15:28:58,A,117
9507,22845,2025-11-09 10:39:17,A,603
9508,4882,2025-11-17 07:22:19,A,250
9509,5417,2024-06-06 11:42:10,A,161
9510,7121,2024-03-06 18:07:45,A,1414
9511,2256,2024-10-17 23:24:15,A,65
9512,9577,2023-02-06 20:57:18,A,1157
9513,13543,2023-07-28 03:04:50,A,1298
9514,6371,2023-08-06 07:58:35,A,888
9515,15253,2024-04-05 14:56:46,A,648
9516,29067,2024-05-13 03:07:04,A,337
9517,6887,2023-07-01 22:37:27,A,524
9518,15106,2024-10-19 19:04:19,A,1058
9519,2168,2024-11-07 16:36:33,A,1049
9520,39861,2025-11-24 23:11:45,A,1104
9521,28945,2023-05-28 00:54:08,A,1227
9522,3233,2023-06-07 05:05:26,A,159
9523,36556,2023-12-23 22:09:34,A,585
9524,24944,2024-11-29 02:50:06,A,1424
9525,16485,2024-12-03 00:59:51,A,587
9526,34817,2025-03-12 08:02:22,A,684
9527,17343,2025-09-24 07:24:08,A,1484
9528,7240,2026-03-20 22:50:20,A,613
9529,37453,2026-02-14 18:47:22,A,439
9530,13874,2023-08-03 09:45:02,A,1477
9531,2074,2025-10-03 08:58:04,A,795
9532,22790,2025-12-24 05:08:47,A,1030
9533,23315,2024-05-03 23:43:31,A,397
9534,1524,2025-01-04 21:09:19,A,749
9535,18765,2024-01-19 13:08:41,A,1049
9536,37105,2025-01-20 12:24:21,A,480
9537,833,2025-12-01 22:38:01,A,998
9538,8879,2026-03-08 23:33:29,A,1111
9539,35996,2025-07-16 00:17:11,A,379
9540,33385,2026-03-17 15:43:59,A,781
9541,6675,2023-03-07 09:11:35,A,663
9542,16966,2023-06-10 06:46:19,A,991
9543,16638,2023-11-10 13:58:56,A,1307
9544,9751,2025-04-09 03:12:43,A,505
9545,21616,2024-07-01 14:09:57,A,1125
9546,34983,2026-03-21 01:33:41,A,594
9547,16299,2025-04-16 22:16:30,A,1489
9548,8549,2025-06-14 02:53:43,A,433
9549,21617,2024-01-14 05:45:24,A,960
9550,16378,2024-11-13 20:57:32,A,470
9551,224,2025-06-01 04:50:47,A,1019
9552,10006,2026-02-12 21:31:12,A,1308
9553,21277,2026-02-24 19:57:18,A,1144
9554,8370,2023-11-01 11:04:43,A,1354
9555,36200,2024-08-26 07:08:53,A,1485
9556,8319,2025-09-21 14:38:14,A,384
9557,26601,2025-11-09 07:49:40,A,277
9558,38809,2023-04-25 21:21:01,A,496
9559,36308,2023-08-04 00:47:32,A,1476
9560,14500,2025-02-21 23:52:22,A,945
9561,39456,2025-02-28 20:27:09,A,208
9562,3473,2025-05-09 12:46:35,A,808
9563,25328,2025-09-18 10:24:52,A,514
9564,4510,2023-10-24 05:31:55,A,1322
9565,8622,2023-12-09 02:54:36,A,1246
9566,9412,2024-01-19 16:18:14,A,413
9567,33644,2023-04-19 13:09:01,A,1242
9568,28428,2025-12-05 08:40:21,A,116
9569,18626,2024-04-20 18:46:27,A,16
9570,3782,2024-06-04 00:41:23,A,788
9571,18144,2025-09-19 12:42:07,A,1472
9572,17472,2023-07-24 04:08:36,A,1106
9573,7080,2024-08-01 00:02:01,A,554
9574,1634,2025-04-30 14:27:25,A,634
9575,28054,2023-10-14 14:45:23,A,165
9576,18988,2024-08-07 06:56:47,A,1138
9577,4524,2024-12-03 05:50:19,A,569
9578,37164,2025-01-15 11:36:25,A,1289
9579,12194,2026-01-08 02:53:51,A,23
9580,11328,2023-10-06 04:19:05,A,1016
9581,35199,2023-09-25 00:17:58,A,1082
9582,24379,2025-04-26 14:37:05,A,1368
9583,13818,2025-08-09 03:09:56,A,1246
9584,13587,2023-07-26 00:31:11,A,514
9585,31730,2024-10-03 18:18:20,A,979
9586,36385,2024-10-07 13:12:38,A,1165
9587,9617,2025-01-01 08:27:11,A,1366
9588,9942,2025-05-25 16:06:04,A,503
9589,38563,2024-02-07 07:59:29,A,431
9590,13927,2025-11-01 15:13:43,A,1470
9591,22181,2023-04-22 19:30:10,A,790
9592,31547,2024-02-21 23:13:14,A,1349
9593,23287,2024-09-25 00:18:11,A,71
9594,27795,2025-01-22 11:39:19,A,501
9595,12262,2025-04-30 23:22:37,A,1446
9596,20626,2025-06-03 14:48:20,A,1111
9597,2242,2025-07-06 14:06:20,A,152
9598,22195,2023-06-19 01:43:35,A,1134
9599,228,2023-12-14 17:07:14,A,1101
9600,1779,2024-03-28 12:02:34,A,828
9601,15900,2024-08-14 14:15:22,A,1006
9602,2618,2025-10-30 22:00:09,A,1194
9603,4651,2023-11-03 05:36:01,A,956
9604,36713,2023-11-18 01:26:36,A,650
9605,10853,2024-05-21 21:58:38,A,762
9606,2354,2024-07-29 06:25:16,A,300
9607,27536,2024-09-18 07:38:18,A,42
9608,10204,2024-12-30 02:53:32,A,1191
9609,18088,2025-04-10 23:36:21,A,351
9610,23437,2025-11-05 21:00:58,A,373
9611,8998,2023-11-24 13:18:05,A,641
9612,39172,2024-01-14 06:49:58,A,316
9613,9957,2024-03-29 05:27:58,A,1197
9614,10219,2024-12-09 09:51:20,A,512
9615,227,2025-03-30 23:26:50,A,1131
9616,31127,2023-06-23 10:46:35,A,823
9617,4654,2025-04-06 09:02:29,A,754
9618,25108,2026-02-10 00:13:19,A,228
9619,8507,2023-12-21 01:56:10,A,13
9620,2619,2024-10-16 21:18:37,A,713
9621,3829,2026-03-06 17:43:33,A,1477
9622,24343,2023-06-18 06:34:42,A,189
9623,34705,2025-02-03 16:18:37,A,923
9624,3206,2023-08-04 10:51:04,A,784
9625,20889,2023-10-09 03:35:17,A,1228
9626,2323,2023-10-22 11:39:10,A,564
9627,35353,2024-07-19 01:41:31,A,1101
9628,37294,2024-01-23 23:46:54,A,855
9629,15941,2024-11-14 18:59:17,A,133
9630,17564,2025-05-04 12:39:53,A,1442
9631,21390,2025-03-28 01:45:17,A,1117
9632,25998,2025-03-28 20:00:32,A,983
9633,7247,2024-09-29 04:55:25,A,514
9634,31311,2024-06-11 05:50:46,A,1097
9635,3474,2023-07-17 23:36:12,A,681
9636,39965,2024-03-07 21:55:55,A,648
9637,23706,2024-05-28 02:27:37,A,1194
9638,5491,2025-11-30 17:57:19,A,1140
9639,36585,2024-08-26 17:27:16,A,1397
9640,30348,2025-09-19 11:55:51,A,593
9641,1740,2025-09-11 11:16:08,A,1485
9642,11695,2025-12-16 09:44:26,A,771
9643,17022,2026-02-18 23:08:55,A,857
9644,11626,2023-10-12 23:06:56,A,1339
9645,6338,2024-05-21 03:10:24,A,442
9646,1151,2025-08-11 16:59:12,A,811
9647,15781,2024-05-25 10:43:16,A,341
9648,20242,2024-11-17 10:15:06,A,779
9649,10242,2023-11-14 11:26:00,A,506
9650,34392,2024-11-09 08:01:19,A,548
9651,30456,2025-09-14 00:05:30,A,1369
9652,22155,2026-02-19 04:32:15,A,347
9653,235,2024-09-10 04:45:12,A,1319
9654,24536,2025-10-10 17:36:42,A,24
9655,36968,2024-07-17 12:23:18,A,420
9656,4249,2024-05-29 17:23:56,A,1345
9657,18494,2025-01-29 01:47:49,A,1100
9658,25077,2025-09-01 13:31:06,A,791
9659,38499,2023-07-24 16:01:48,A,1311
9660,38017,2024-11-17 09:15:03,A,470
9661,2629,2025-07-09 20:14:33,A,196
9662,18027,2023-09-25 13:57:47,A,583
9663,9097,2025-11-24 12:18:13,A,900
9664,2012,2025-12-13 19:28:36,A,503
9665,31377,2024-09-08 00:16:55,A,1426
9666,5987,2024-10-19 20:44:59,A,1258
9667,12165,2025-11-13 10:09:48,A,1199
9668,236,2024-11-15 22:13:20,A,665
9669,37859,2025-01-24 06:09:16,A,270
9670,13199,2025-06-17 15:47:03,A,819
9671,22016,2025-12-23 01:20:35,A,1211
9672,38626,2024-03-18 21:02:18,A,198
9673,29324,2024-10-21 07:02:33,A,681
9674,9175,2025-02-09 16:20:45,A,1033
9675,883,2025-06-18 20:07:03,A,304
9676,19549,2024-02-12 04:33:33,A,182
9677,10895,2024-11-13 10:42:59,A,1289
9678,3197,2024-07-14 00:49:18,A,458
9679,10988,2024-07-26 20:44:32,A,915
9680,8040,2025-02-19 18:57:10,A,1376
9681,38678,2026-01-25 09:43:27,A,290
9682,14536,2026-03-10 20:39:53,A,1032
9683,4527,2023-12-28 21:02:44,A,696
9684,6969,2023-08-31 04:05:46,A,1088
9685,39888,2023-09-10 23:26:22,A,63
9686,9839,2025-09-21 17:13:14,A,517
9687,16405,2023-12-22 14:07:37,A,913
9688,37481,2024-09-04 22:31:49,A,1248
9689,28275,2024-03-16 11:15:48,A,322
9690,2642,2024-06-02 18:48:29,A,993
9691,19719,2024-06-30 12:06:35,A,1346
9692,25565,2025-06-20 20:12:56,A,353
9693,25633,2025-12-20 19:26:05,A,604
9694,37916,2024-04-03 18:31:49,A,152
9695,9611,2025-09-24 00:23:43,A,1032
9696,3609,2023-07-04 00:50:32,A,352
9697,13114,2026-01-07 20:06:53,A,174
9698,9327,2023-04-22 05:16:12,A,1483
9699,10107,2024-03-16 18:20:21,A,334
9700,20108,2026-03-17 03:34:28,A,789
9701,4299,2023-10-27 09:04:58,A,662
9702,18045,2023-12-18 15:40:20,A,1366
9703,11238,2026-02-27 09:13:00,A,1324
9704,1707,2024-03-08 22:47:58,A,923
9705,37023,2023-08-27 02:31:14,A,93
9706,37857,2025-01-30 13:29:39,A,341
9707,19899,2024-01-06 11:02:50,A,1125
9708,5456,2025-03-12 10:01:08,A,317
9709,31913,2023-11-20 14:54:40,A,508
9710,11222,2023-11-14 18:24:48,A,785
9711,23242,2024-09-15 15:16:11,A,803
9712,35853,2025-09-13 16:34:14,A,1212
9713,36786,2024-06-16 02:07:03,A,1022
9714,17360,2024-11-22 02:48:34,A,1210
9715,18918,2025-07-09 23:00:11,A,174
9716,4535,2025-11-26 09:13:31,A,365
9717,24651,2023-08-11 23:50:11,A,1222
9718,26627,2024-11-08 17:04:24,A,1078
9719,3269,2024-07-31 02:31:16,A,623
9720,10202,2024-11-30 08:37:41,A,593
9721,3884,2025-07-06 22:21:01,A,671
9722,11425,2025-08-11 11:54:00,A,605
9723,37680,2024-05-09 22:07:27,A,67
9724,24317,2024-01-19 22:00:38,A,1340
9725,17663,2024-06-12 19:56:59,A,97
9726,8316,2025-02-11 20:41:38,A,356
9727,5596,2025-03-15 22:26:35,A,611
9728,39879,2024-04-26 09:16:35,A,356
9729,33686,2025-09-26 14:06:00,A,889
9730,34528,2023-09-11 02:37:19,A,1096
9731,37896,2024-02-04 01:57:24,A,700
9732,10508,2025-12-03 02:35:10,A,803
9733,759,2025-11-30 08:01:49,A,1321
9734,38159,2023-06-21 12:19:50,A,399
9735,7954,2024-10-06 10:19:25,A,783
9736,6177,2024-03-31 03:07:57,A,966
9737,7833,2024-08-17 03:47:54,A,616
9738,37185,2024-04-17 01:44:28,A,262
9739,758,2024-09-24 17:21:39,A,144
9740,29205,2025-06-05 06:02:24,A,625
9741,6925,2025-10-25 04:45:36,A,942
9742,9610,2023-06-03 01:13:25,A,97
9743,6233,2024-04-03 08:49:27,A,88
9744,4632,2024-04-25 18:14:33,A,254
9745,12200,2024-09-18 00:17:31,A,649
9746,3079,2025-04-30 17:58:50,A,317
9747,30633,2025-08-18 17:20:16,A,635
9748,16538,2025-12-09 10:08:49,A,861
9749,5059,2023-08-09 07:53:24,A,736
9750,141,2023-12-20 03:31:04,A,636
9751,11573,2025-03-26 03:16:10,A,586
9752,18755,2025-11-30 04:34:33,A,1181
9753,2570,2026-02-02 10:07:09,A,686
9754,27741,2024-06-11 11:19:18,A,508
9755,27588,2024-08-21 06:29:34,A,694
9756,3028,2025-10-04 17:31:35,A,1452
9757,7453,2026-02-06 02:06:40,A,98
9758,29009,2023-08-08 10:58:59,A,1338
9759,16072,2025-11-18 07:36:41,A,540
9760,12671,2024-06-05 07:20:05,A,420
9761,8607,2023-04-29 20:53:11,A,194
9762,9066,2023-08-15 00:09:52,A,546
9763,3516,2024-03-25 21:58:23,A,1198
9764,38354,2023-05-10 02:34:12,A,564
9765,8277,2025-07-24 18:14:54,A,972
9766,36662,2024-02-29 06:58:07,A,1347
9767,5512,2025-04-18 12:56:55,A,981
9768,33943,2023-03-06 07:49:10,A,928
9769,6306,2023-06-09 23:34:07,A,1168
9770,30839,2025-12-25 16:12:01,A,1286
9771,9044,2024-01-12 18:15:58,A,78
9772,14005,2024-09-14 15:48:11,A,778
9773,15795,2024-09-30 22:35:30,A,1087
9774,35048,2024-11-02 12:34:41,A,953
9775,35592,2025-04-21 02:17:44,A,455
9776,29660,2025-11-08 03:32:09,A,1478
9777,20367,2026-03-16 15:11:03,A,1434
9778,33581,2024-08-16 09:00:16,A,565
9779,18318,2024-12-11 15:31:31,A,311
9780,31122,2023-12-24 19:11:34,A,90
9781,11547,2024-07-03 14:37:53,A,391
9782,7106,2024-09-16 23:54:44,A,470
9783,32090,2023-06-30 21:12:12,A,820
9784,29947,2024-05-17 07:08:44,A,163
9785,28148,2026-03-18 19:15:33,A,467
9786,31834,2026-04-01 02:58:06,A,165
9787,13943,2023-05-15 04:12:14,A,142
9788,38813,2025-08-08 03:05:58,A,1244
9789,38041,2025-07-20 04:51:39,A,922
9790,39279,2024-01-18 18:49:14,A,538
9791,10545,2025-01-11 21:34:32,A,1495
9792,7565,2025-05-18 21:30:30,A,110
9793,18792,2024-11-08 15:42:53,A,242
9794,38091,2026-02-14 05:43:19,A,1103
9795,36258,2023-04-12 07:55:21,A,350
9796,21851,2024-12-12 21:44:36,A,1014
9797,28925,2025-03-11 18:49:14,A,616
9798,31209,2025-10-17 08:21:10,A,981
9799,8255,2026-02-13 22:49:33,A,675
9800,5219,2024-06-29 22:30:33,A,644
9801,35252,2026-01-03 21:09:23,A,1078
9802,23963,2023-06-21 20:48:31,A,1126
9803,754,2023-10-08 10:27:25,A,1173
9804,14118,2025-08-05 20:06:57,A,178
9805,7807,2025-12-16 22:18:11,A,1055
9806,35203,2024-09-25 09:18:22,A,726
9807,19472,2024-01-26 08:30:21,A,800
9808,6720,2024-10-31 21:06:42,A,1413
9809,14454,2025-06-27 11:01:34,A,491
9810,30698,2025-11-26 07:02:28,A,486
9811,28519,2023-12-13 09:53:27,A,537
9812,15065,2025-01-26 21:16:20,A,1095
9813,26831,2023-12-28 23:48:40,A,939
9814,7988,2025-03-17 14:28:55,A,340
9815,13003,2025-04-28 02:42:54,A,946
9816,31727,2024-03-21 01:55:52,A,429
9817,2643,2025-01-12 05:32:43,A,146
9818,3265,2025-07-11 02:26:08,A,581
9819,12836,2023-11-03 16:29:41,A,870
9820,21150,2023-12-07 07:43:12,A,868
9821,14625,2023-12-27 19:47:29,A,524
9822,16540,2024-09-04 02:30:13,A,1268
9823,756,2026-01-28 02:22:38,A,883
9824,32062,2023-08-14 14:41:12,A,711
9825,31157,2025-03-11 08:25:41,A,473
9826,10129,2023-07-27 11:01:00,A,364
9827,36972,2026-01-12 01:12:25,A,793
9828,18743,2023-08-06 17:35:46,A,944
9829,23991,2023-11-27 03:01:13,A,265
9830,22346,2023-05-05 20:10:42,A,1167
9831,22122,2024-02-08 22:55:22,A,701
9832,24871,2025-06-04 22:39:12,A,443
9833,14746,2025-03-17 01:42:03,A,1294
9834,33076,2024-05-01 19:09:28,A,1011
9835,5563,2024-10-27 01:56:17,A,27
9836,14226,2025-05-25 19:24:22,A,691
9837,8229,2025-11-02 17:09:04,A,150
9838,3883,2024-03-01 21:45:33,A,884
9839,17962,2024-11-18 09:20:53,A,889
9840,13467,2025-04-26 17:20:16,A,987
9841,32677,2023-03-29 12:25:15,A,1158
9842,138,2024-03-02 15:00:44,A,151
9843,9215,2024-09-21 09:06:56,A,335
9844,22257,2024-09-18 22:39:29,A,1058
9845,3077,2025-06-24 04:38:03,A,367
9846,22438,2025-10-04 20:36:09,A,162
9847,19467,2024-07-11 23:04:45,A,724
9848,34914,2023-09-25 00:03:23,A,70
9849,35119,2023-03-29 20:57:59,A,8
9850,3517,2023-07-23 17:01:08,A,629
9851,23022,2025-01-11 18:58:00,A,931
9852,14164,2025-05-31 13:16:54,A,6
9853,26031,2023-11-28 03:52:09,A,941
9854,12052,2024-08-22 23:33:28,A,706
9855,34581,2026-02-12 05:34:25,A,128
9856,7931,2024-07-02 05:24:33,A,927
9857,19012,2025-02-22 14:31:42,A,542
9858,16814,2024-06-01 00:28:22,A,1055
9859,20145,2024-08-16 23:09:54,A,926
9860,39682,2024-09-14 06:49:06,A,1031
9861,12454,2024-11-17 14:54:46,A,810
9862,11929,2025-01-17 06:37:31,A,1309
9863,35340,2025-06-03 06:36:50,A,795
9864,29157,2025-07-14 02:04:27,A,28
9865,15758,2023-07-21 19:41:45,A,1178
9866,5448,2025-03-05 15:51:49,A,740
9867,28219,2023-02-22 06:01:47,A,692
9868,11130,2024-06-25 14:35:21,A,950
9869,12701,2025-07-17 07:38:21,A,1053
9870,16740,2025-01-25 06:42:29,A,1284
9871,10653,2023-08-11 03:46:18,A,855
9872,3605,2023-09-16 23:36:41,A,1480
9873,26838,2024-07-08 11:38:50,A,612
9874,32409,2023-09-26 15:24:38,A,1035
9875,34252,2023-12-09 12:25:03,A,849
9876,37738,2024-05-19 23:04:04,A,1199
9877,35091,2026-02-22 08:32:24,A,219
9878,17398,2023-06-29 11:58:46,A,864
9879,26282,2025-10-10 06:17:07,A,514
9880,32886,2023-10-22 06:20:10,A,583
9881,33984,2024-11-11 08:54:56,A,180
9882,5463,2025-05-18 18:49:47,A,361
9883,15038,2025-05-14 15:22:26,A,764
9884,17164,2025-07-06 17:07:00,A,982
9885,36966,2026-02-14 03:02:56,A,853
9886,36682,2023-06-06 07:59:53,A,1269
9887,22888,2023-02-22 23:20:05,A,1451
9888,30532,2023-07-11 05:40:06,A,513
9889,38272,2024-05-02 20:52:30,A,1153
9890,2805,2024-12-19 01:57:11,A,926
9891,36293,2024-10-20 15:03:50,A,1157
9892,10067,2025-01-22 03:37:47,A,802
9893,29115,2025-04-11 03:04:43,A,1070
9894,26477,2023-09-04 22:44:33,A,779
9895,4300,2025-03-08 00:46:34,A,1490
9896,37491,2024-08-24 13:24:04,A,846
9897,39318,2025-12-29 15:52:12,A,1097
9898,5028,2026-03-23 19:54:06,A,715
9899,39806,2025-02-27 16:28:26,A,74
9900,22619,2023-05-13 19:30:25,A,164
9901,3444,2025-09-23 00:08:10,A,873
9902,7242,2025-12-06 02:55:29,A,1073
9903,33377,2023-02-28 00:35:13,A,255
9904,18484,2026-01-03 20:25:39,A,525
9905,9527,2024-02-04 08:06:58,A,471
9906,33072,2023-10-02 07:55:37,A,510
9907,3418,2026-03-15 05:10:10,A,728
9908,18053,2023-12-06 14:01:21,A,213
9909,3266,2024-02-08 20:09:44,A,667
9910,9440,2025-04-16 17:48:29,A,931
9911,10993,2023-07-26 21:52:08,A,331
9912,14604,2024-10-09 05:44:44,A,1217
9913,35109,2024-11-30 16:18:10,A,344
9914,26460,2025-02-07 15:49:22,A,377
9915,12397,2025-04-26 06:15:23,A,200
9916,35189,2025-10-19 18:50:46,A,854
9917,5457,2023-06-08 06:33:13,A,1127
9918,9312,2024-02-02 07:33:56,A,616
9919,22645,2026-01-29 19:54:15,A,185
9920,29344,2026-04-11 11:48:22,A,75
9921,32861,2023-09-14 02:19:03,A,626
9922,19030,2024-05-07 09:02:40,A,1365
9923,26495,2023-05-19 20:21:37,A,250
9924,25790,2023-09-01 06:46:42,A,86
9925,8859,2023-10-10 20:19:00,A,806
9926,1369,2025-06-22 16:02:22,A,910
9927,17493,2025-03-28 16:09:59,A,298
9928,24238,2026-02-10 10:14:01,A,402
9929,15069,2025-07-28 23:04:18,A,1224
9930,18229,2025-07-29 10:49:06,A,1443
9931,38677,2025-11-24 12:42:04,A,1135
9932,27144,2023-06-24 01:27:33,A,1217
9933,26772,2024-01-06 13:18:12,A,1080
9934,26686,2025-09-21 06:29:17,A,120
9935,15917,2024-02-22 13:29:22,A,37
9936,18546,2024-04-05 13:52:06,A,420
9937,13241,2026-02-17 17:18:05,A,656
9938,24725,2024-01-22 23:52:58,A,352
9939,37568,2026-01-09 03:24:45,A,763
9940,13824,2023-06-21 18:23:01,A,803
9941,9739,2024-01-31 13:48:47,A,769
9942,15014,2024-04-27 01:07:58,A,1036
9943,24156,2025-08-09 05:04:04,A,397
9944,5464,2023-07-11 10:57:26,A,622
9945,38464,2024-06-28 17:12:40,A,1091
9946,8758,2025-05-13 11:37:25,A,1287
9947,5061,2025-04-23 16:08:24,A,683
9948,5460,2025-01-26 00:09:33,A,546
9949,26747,2025-03-25 15:29:59,A,714
9950,9860,2023-08-11 17:22:50,A,463
9951,20810,2023-09-28 18:24:40,A,54
9952,22060,2025-04-08 23:30:38,A,71
9953,15006,2025-05-27 22:03:55,A,641
9954,10768,2025-07-23 23:52:49,A,138
9955,5716,2023-08-04 12:01:49,A,294
9956,1810,2024-02-26 10:07:17,A,1188
9957,5923,2024-04-20 23:16:06,A,418
9958,10590,2025-05-16 05:40:02,A,1029
9959,17908,2025-07-25 00:09:17,A,1027
9960,1840,2026-01-19 03:42:52,A,742
9961,8274,2025-02-17 20:32:09,A,1452
9962,38174,2023-05-01 18:08:32,A,1054
9963,10121,2023-10-28 12:28:34,A,770
9964,32066,2025-06-13 22:47:04,A,1012
9965,2380,2025-11-06 16:54:49,A,310
9966,6025,2026-02-26 05:26:19,A,153
9967,1238,2023-12-29 00:59:55,A,24
9968,492,2024-09-22 22:54:20,A,539
9969,33290,2024-05-01 21:01:09,A,1161
9970,4084,2025-05-26 00:24:56,A,728
9971,35365,2025-07-29 10:10:09,A,97
9972,875,2024-02-08 03:43:12,A,759
9973,6027,2024-02-23 01:00:06,A,1224
9974,1838,2025-02-04 03:46:14,A,416
9975,1106,2023-05-09 11:50:55,A,1078
9976,27159,2023-09-13 08:50:09,A,1066
9977,2218,2024-12-25 03:54:08,A,686
9978,31956,2025-02-06 01:26:10,A,96
9979,18777,2025-09-17 00:11:45,A,1498
9980,188,2025-12-09 02:25:16,A,1228
9981,1506,2023-12-30 16:52:57,A,931
9982,4953,2024-02-04 08:45:25,A,1489
9983,2384,2024-05-06 15:02:47,A,855
9984,20775,2025-03-19 09:00:13,A,1238
9985,4088,2025-12-02 13:44:02,A,1058
9986,27984,2023-07-05 00:04:07,A,961
9987,35431,2024-03-07 06:05:53,A,1124
9988,19867,2024-12-04 20:15:58,A,351
9989,5235,2026-03-15 04:38:28,A,356
9990,39125,2024-01-22 04:51:23,A,1188
9991,189,2024-02-27 09:20:19,A,350
9992,5438,2024-10-10 00:15:48,A,1308
9993,20362,2024-12-22 13:55:37,A,428
9994,39621,2025-03-03 11:19:38,A,709
9995,3545,2025-09-11 06:04:20,A,846
9996,14865,2025-08-16 00:30:32,A,466
9997,32352,2025-12-20 01:42:04,A,339
9998,4287,2023-05-10 23:03:59,A,573
9999,32464,2023-06-14 01:59:57,A,338
10000,19809,2024-11-28 20:01:49,A,1227
10001,21502,2025-11-03 16:47:27,A,1412
10002,5718,2025-12-23 01:15:40,A,538
10003,23994,2023-08-28 22:27:07,A,350
10004,2759,2024-05-23 03:32:03,A,845
10005,494,2024-12-19 08:43:00,A,1287
10006,38037,2025-12-29 15:39:15,A,349
10007,19992,2023-06-11 04:12:58,A,212
10008,4092,2023-06-17 23:54:44,A,1425
10009,13085,2025-06-10 06:00:15,A,579
10010,5234,2025-08-31 00:17:12,A,646
10011,1538,2025-12-16 09:13:17,A,1089
10012,27183,2023-10-09 12:33:41,A,125
10013,1241,2023-12-22 04:04:34,A,1127
10014,23292,2024-08-01 22:07:57,A,983
10015,37358,2024-07-09 01:50:04,A,1128
10016,1977,2025-10-16 04:59:07,A,1128
10017,3240,2023-02-14 14:25:32,A,257
10018,33586,2023-08-25 07:09:23,A,47
10019,10188,2024-08-24 17:56:39,A,750
10020,2698,2024-11-21 09:35:56,A,1010
10021,7597,2025-05-27 13:13:06,A,72
10022,6086,2025-08-19 01:00:19,A,182
10023,1242,2023-03-24 19:34:11,A,187
10024,4090,2023-09-03 23:10:28,A,701
10025,24371,2023-08-09 07:25:31,A,172
10026,15374,2023-10-27 13:15:16,A,174
10027,8882,2024-12-20 02:30:55,A,261
10028,2501,2024-12-19 12:23:08,A,99
10029,35037,2025-02-24 22:13:22,A,1018
10030,13547,2025-04-05 00:43:34,A,970
